,Place,Player,Age,Tm,Pos,Votes,Vote%,1st,2nd,3rd,4th,5th,G,A,PTS,PLUSMINUS,OPS,DPS,GPS,PS,season
0,1,Larry Robinson,28,MTL,D,239,46.41,,,,,,14,61,75,38,5.5,5.9,0,11.4,19791980
1,2,Borje Salming,28,TOR,D,117,22.72,,,,,,19,52,71,3,5.5,3.5,0,9.0,19791980
2,3,Jim Schoenfeld,27,BUF,D,85,16.5,,,,,,9,27,36,60,1.9,7.7,0,9.7,19791980
3,4,Ray Bourque,19,BOS,D,51,9.9,,,,,,17,48,65,52,4.7,7.1,0,11.8,19791980
4,5,Mark Howe,24,HAR,D,23,4.47,,,,,,24,56,80,14,6.5,3.6,0,10.1,19791980
5,1,Randy Carlyle,24,PIT,D,120,21.16,,,,,,16,67,83,-16,5.4,3.0,0,8.5,19801981
6,2,Denis Potvin,27,NYI,D,113,19.93,,,,,,20,56,76,39,5.4,5.6,0,11.0,19801981
7,3,Larry Robinson,29,MTL,D,100,17.64,,,,,,12,38,50,47,3.2,6.1,0,9.3,19801981
8,4,Ray Bourque,20,BOS,D,53,9.35,,,,,,27,29,56,29,4.5,5.1,0,9.6,19801981
9,5,Rod Langway,23,MTL,D,38,6.7,,,,,,11,34,45,52,2.4,7.2,0,9.6,19801981
10,7,Larry Murphy,19,LAK,D,16,2.82,,,,,,16,60,76,16,4.9,4.8,0,9.7,19801981
11,8,Rob Ramage,22,CLR,D,15,2.65,,,,,,20,42,62,-47,4.3,2.7,0,7.0,19801981
12,9,Brad Park,32,BOS,D,14,2.47,,,,,,14,52,66,21,4.1,5.2,0,9.3,19801981
13,10,Borje Salming,29,TOR,D,11,1.94,,,,,,5,61,66,0,3.6,3.2,0,6.8,19801981
14,10,Mark Howe,25,HAR,LW,11,1.94,,,,,,19,46,65,9,3.5,1.1,0,4.6,19801981
15,12,Jim Schoenfeld,28,BUF,D,10,1.76,,,,,,8,25,33,27,1.4,5.6,0,7.1,19801981
16,13,Dave Langevin,26,NYI,D,9,1.59,,,,,,1,16,17,40,-0.3,5.7,0,5.4,19801981
17,14,Ron Greschner,26,NYR,D,8,1.41,,,,,,27,41,68,-2,5.3,3.1,0,8.4,19801981
18,15,Bill Hajt,29,BUF,D,5,0.88,,,,,,2,19,21,36,0.2,5.9,0,6.1,19801981
19,15,Stefan Persson,26,NYI,D,5,0.88,,,,,,9,52,61,25,3.4,5.1,0,8.5,19801981
20,15,Kevin McCarthy,23,VAN,D,5,0.88,,,,,,16,37,53,-11,3.3,3.6,0,6.9,19801981
21,18,John Van Boxmeer,28,BUF,D,4,0.71,,,,,,18,51,69,-2,4.5,4.6,0,9.1,19801981
22,18,Reed Larson,24,DET,D,4,0.71,,,,,,27,31,58,-35,4.6,2.7,0,7.2,19801981
23,20,Dave Lewis,27,LAK,D,2,0.35,,,,,,1,12,13,24,-0.4,4.6,0,4.2,19801981
24,21,Risto Siltanen,22,EDM,D,1,0.18,,,,,,17,36,53,4,3.3,3.7,0,7.0,19801981
25,21,Curt Giles,22,MNS,D,1,0.18,,,,,,5,22,27,8,0.9,4.7,0,5.6,19801981
26,21,Rick Lapointe,25,STL,D,1,0.18,,,,,,8,25,33,36,1.2,5.8,0,7.0,19801981
27,1,Doug Wilson,24,CBH,D,177,56.19,29.0,8.0,8.0,,,39,46,85,1,6.9,3.4,0,10.3,19811982
28,2,Ray Bourque,21,BOS,D,80,25.4,8.0,10.0,10.0,,,17,49,66,21,4.5,4.8,0,9.2,19811982
29,3,Paul Coffey,20,EDM,D,55,17.46,4.0,7.0,14.0,,,29,60,89,35,6.3,4.8,0,11.2,19811982
30,4,Craig Hartsburg,22,MNS,D,54,17.14,7.0,5.0,4.0,,,17,60,77,11,4.8,5.0,0,9.8,19811982
31,5,Larry Robinson,30,MTL,D,50,15.87,4.0,9.0,3.0,,,12,47,59,56,3.4,6.5,0,9.9,19811982
32,6,Brian Engblom,27,MTL,D,31,9.84,0.0,8.0,7.0,,,4,29,33,78,1.0,7.9,0,8.9,19811982
33,7,Barry Beck,24,NYR,D,28,8.89,3.0,3.0,4.0,,,9,29,38,20,2.0,4.2,0,6.2,19811982
34,8,Denis Potvin,28,NYI,D,27,8.57,4.0,1.0,4.0,,,24,37,61,39,4.5,4.7,0,9.2,19811982
35,9,Rod Langway,24,MTL,D,24,7.62,2.0,4.0,2.0,,,5,34,39,66,1.7,6.8,0,8.4,19811982
36,10,Kevin Lowe,22,EDM,D,20,6.35,1.0,4.0,3.0,,,9,31,40,45,1.7,5.3,0,7.0,19811982
37,11,John Van Boxmeer,29,BUF,D,6,1.9,0.0,2.0,0.0,,,14,54,68,23,4.2,5.2,0,9.4,19811982
38,12,Ken Morrow,25,NYI,D,5,1.59,1.0,0.0,0.0,,,1,18,19,53,-0.2,6.1,0,6.0,19811982
39,13,Randy Carlyle,25,PIT,D,4,1.27,0.0,1.0,1.0,,,11,64,75,-16,4.4,3.2,0,7.6,19811982
40,13,Borje Salming,30,TOR,D,4,1.27,0.0,1.0,1.0,,,12,44,56,3,3.4,3.3,0,6.6,19811982
41,15,Brad Park,33,BOS,D,1,0.32,0.0,0.0,1.0,,,14,42,56,12,3.4,4.9,0,8.2,19811982
42,15,Mike Ramsey,21,BUF,D,1,0.32,0.0,0.0,1.0,,,7,23,30,18,0.9,5.6,0,6.5,19811982
43,1,Rod Langway,25,WSH,D,180,62.07,24.0,16.0,12.0,,,3,29,32,-2,0.9,4.3,0,5.2,19821983
44,2,Mark Howe,27,PHI,D,155,53.45,13.0,24.0,18.0,,,20,47,67,47,4.5,6.3,0,10.8,19821983
45,3,Ray Bourque,22,BOS,D,139,47.93,19.0,11.0,11.0,,,22,51,73,49,5.5,6.1,0,11.6,19821983
46,4,Doug Wilson,25,CBH,D,29,10.0,2.0,4.0,7.0,,,18,51,69,20,4.7,4.7,0,9.4,19821983
47,5,Paul Coffey,21,EDM,D,24,8.28,0.0,6.0,6.0,,,29,67,96,52,7.4,4.6,0,12.0,19821983
48,6,Charlie Huddy,23,EDM,D,12,4.14,0.0,3.0,3.0,,,20,37,57,61,4.0,5.0,0,9.0,19821983
49,7,Paul Reinhart,23,CGY,D,9,3.1,0.0,2.0,3.0,,,17,58,75,2,5.2,3.8,0,9.0,19821983
50,8,Gordie Roberts,25,MNS,D,6,2.07,0.0,0.0,6.0,,,3,41,44,20,1.7,5.3,0,7.0,19821983
51,8,Mike O'Connell,27,BOS,D,6,2.07,0.0,0.0,6.0,,,14,39,53,43,3.2,6.6,0,9.8,19821983
52,10,Mike Milbury,30,BOS,D,5,1.72,0.0,1.0,4.0,,,9,15,24,23,0.8,5.4,0,6.2,19821983
53,11,Borje Salming,31,TOR,D,1,0.34,0.0,0.0,1.0,,,7,38,45,-5,2.4,3.4,0,5.7,19821983
54,11,Brad Park,34,BOS,D,1,0.34,0.0,0.0,1.0,,,10,26,36,20,1.8,5.2,0,6.0,19821983
55,1,Rod Langway,26,WSH,D,227,73.23,37.0,11.0,9.0,,,9,24,33,14,1.2,6.3,0,7.6,19831984
56,2,Paul Coffey,22,EDM,D,126,40.65,12.0,18.0,12.0,,,40,86,126,52,9.9,4.4,0,14.3,19831984
57,3,Ray Bourque,23,BOS,D,120,38.71,9.0,20.0,15.0,,,31,65,96,51,7.3,7.2,0,14.5,19831984
58,4,Denis Potvin,30,NYI,D,66,21.29,4.0,9.0,19.0,,,22,63,85,54,5.9,6.0,0,12.0,19831984
59,5,Phil Housley,19,BUF,D,4,1.29,0.0,1.0,1.0,,,31,46,77,1,6.1,4.5,0,10.5,19831984
60,6,Charlie Huddy,24,EDM,D,3,0.97,0.0,1.0,0.0,,,8,34,42,52,1.9,4.3,0,6.2,19831984
61,6,Scott Stevens,19,WSH,D,3,0.97,0.0,1.0,0.0,,,13,32,45,25,2.4,6.8,0,9.1,19831984
62,9,Barry Beck,26,NYR,D,2,0.65,0.0,0.0,2.0,,,9,27,36,13,1.6,4.3,0,5.9,19831984
63,10,Mario Marois,26,QUE,D,1,0.32,0.0,0.0,1.0,,,13,36,49,49,2.6,6.1,0,8.7,19831984
64,10,Mark Howe,28,PHI,D,1,0.32,0.0,0.0,1.0,,,19,34,53,30,3.6,4.4,0,8.0,19831984
65,10,Mike Ramsey,23,BUF,D,1,0.32,0.0,0.0,1.0,,,9,22,31,26,1.3,5.6,0,6.9,19831984
66,10,Ken Morrow,27,NYI,D,1,0.32,0.0,0.0,1.0,,,3,11,14,25,-0.1,3.9,0,3.8,19831984
67,1,Paul Coffey,23,EDM,D,223,70.79,32.0,19.0,6.0,,,37,84,121,57,9.5,5.3,0,14.8,19841985
68,2,Ray Bourque,24,BOS,D,136,43.17,12.0,20.0,16.0,,,20,66,86,30,5.9,5.7,0,11.6,19841985
69,3,Rod Langway,27,WSH,D,89,28.25,8.0,10.0,19.0,,,4,22,26,36,0.5,6.4,0,6.9,19841985
70,4,Doug Wilson,27,CBH,D,84,26.67,9.0,11.0,6.0,,,22,54,76,24,5.3,4.8,0,10.1,19841985
71,5,Scott Stevens,20,WSH,D,13,4.13,1.0,0.0,8.0,,,21,44,65,19,4.5,5.6,0,10.0,19841985
72,6,Mark Howe,29,PHI,D,12,3.81,1.0,1.0,4.0,,,18,39,57,51,3.8,6.1,0,9.9,19841985
73,7,Brad Marsh,26,PHI,D,3,0.95,0.0,1.0,0.0,,,2,18,20,41,0.0,5.7,0,5.7,19841985
74,7,Kevin Lowe,25,EDM,D,3,0.95,0.0,1.0,0.0,,,4,21,25,13,0.4,3.0,0,3.4,19841985
75,7,Randy Carlyle,28,WIN,D,3,0.95,0.0,0.0,3.0,,,13,38,51,21,3.1,3.8,0,6.9,19841985
76,10,Reed Larson,28,DET,D,1,0.32,0.0,0.0,1.0,,,17,45,62,6,4.0,3.6,0,7.6,19841985
77,1,Paul Coffey,24,EDM,D,280,93.33,53.0,5.0,0.0,,,48,90,138,61,11.0,5.1,0,16.1,19851986
78,2,Mark Howe,30,PHI,D,172,57.33,7.0,44.0,5.0,,,24,58,82,87,5.7,8.8,0,14.5,19851986
79,3,Larry Robinson,34,MTL,D,43,14.33,0.0,4.0,31.0,,,19,63,82,25,5.5,5.8,0,11.3,19851986
80,4,Ray Bourque,25,BOS,D,25,8.33,0.0,3.0,16.0,,,19,58,77,17,5.1,5.0,0,10.1,19851986
81,5,Rod Langway,28,WSH,D,19,6.33,0.0,4.0,7.0,,,1,17,18,27,-0.1,5.5,0,5.4,19851986
82,6,Dave Babych,24,TOT,D,1,0.33,0.0,0.0,1.0,,,14,55,69,1,4.1,4.1,0,8.2,19851986
83,1,Ray Bourque,26,BOS,D,266,98.52,52.0,2.0,0.0,,,23,72,95,44,7.2,6.4,0,13.6,19861987
84,2,Mark Howe,31,PHI,D,137,50.74,1.0,42.0,6.0,,,15,43,58,57,4.1,6.5,0,10.5,19861987
85,3,Larry Murphy,25,WSH,D,31,11.48,0.0,5.0,16.0,,,23,58,81,25,6.1,5.7,0,11.9,19861987
86,4,Larry Robinson,35,MTL,D,12,4.44,0.0,2.0,6.0,,,13,37,50,24,3.2,5.7,0,9.0,19861987
87,5,Paul Coffey,25,EDM,D,10,3.7,1.0,0.0,5.0,,,17,50,67,13,5.0,2.6,0,7.6,19861987
88,6,Al MacInnis,23,CGY,D,6,2.22,0.0,1.0,3.0,,,20,56,76,20,5.5,4.6,0,10.1,19861987
89,6,Scott Stevens,22,WSH,D,6,2.22,0.0,1.0,3.0,,,10,51,61,15,3.7,5.0,0,8.7,19861987
90,8,Mario Marois,29,WIN,D,5,1.85,0.0,1.0,2.0,,,4,40,44,0,2.0,4.4,0,6.4,19861987
91,9,Rick Green,30,MTL,D,4,1.48,0.0,0.0,4.0,,,1,9,10,-1,-0.7,4.5,0,3.8,19861987
92,10,Ulf Samuelsson,22,HAR,D,3,1.11,0.0,0.0,3.0,,,2,31,33,29,1.1,5.8,0,6.8,19861987
93,11,Rod Langway,29,WSH,D,2,0.74,0.0,0.0,2.0,,,2,25,27,11,0.6,4.8,0,5.4,19861987
94,12,Mike Ramsey,26,BUF,D,1,0.37,0.0,0.0,1.0,,,8,31,39,0,1.9,3.8,0,5.7,19861987
95,12,James Patrick,23,NYR,D,1,0.37,0.0,0.0,1.0,,,10,45,55,13,3.2,4.1,0,7.3,19861987
96,12,Doug Wilson,29,CHI,D,1,0.37,0.0,0.0,1.0,,,16,32,48,15,3.3,3.7,0,6.9,19861987
97,12,Craig Hartsburg,27,MNS,D,1,0.37,0.0,0.0,1.0,,,11,50,61,-2,4.0,3.0,0,7.0,19861987
98,1,Ray Bourque,27,BOS,D,245,77.78,36.0,20.0,5.0,,,17,64,81,34,5.5,6.2,0,11.7,19871988
99,2,Scott Stevens,23,WSH,D,124,39.37,13.0,15.0,14.0,,,12,60,72,14,4.5,5.8,0,10.3,19871988
100,3,Gary Suter,23,CGY,D,80,25.4,8.0,9.0,13.0,,,21,70,91,39,6.7,4.4,0,11.1,19871988
101,4,Brad McCrimmon,28,CGY,D,70,22.22,4.0,13.0,11.0,,,7,35,42,48,1.9,5.1,0,7.0,19871988
102,5,Kevin Lowe,28,EDM,D,24,7.62,2.0,3.0,5.0,,,9,15,24,18,0.9,3.5,0,4.4,19871988
103,6,Chris Chelios,26,MTL,D,10,3.17,0.0,1.0,7.0,,,20,41,61,14,4.5,4.6,0,9.0,19871988
104,7,Paul Coffey,26,PIT,D,5,1.59,0.0,1.0,2.0,,,15,52,67,-1,5.1,1.8,0,6.9,19871988
105,7,James Patrick,24,NYR,D,5,1.59,0.0,1.0,2.0,,,17,45,62,16,4.2,4.8,0,9.0,19871988
106,9,Mark Howe,32,PHI,D,3,0.95,0.0,0.0,3.0,,,19,43,62,23,4.4,4.9,0,9.3,19871988
107,10,Denis Potvin,34,NYI,D,1,0.32,0.0,0.0,1.0,,,19,32,51,26,3.7,4.8,0,8.5,19871988
108,1,Chris Chelios,27,MTL,D,226,71.75,37.0,12.0,5.0,,,15,58,73,35,4.8,6.7,0,11.5,19881989
109,2,Paul Coffey,27,PIT,D,115,36.51,14.0,14.0,3.0,,,30,83,113,-10,8.9,2.1,0,11.0,19881989
110,3,Al MacInnis,25,CGY,D,57,18.1,3.0,10.0,12.0,,,16,58,74,38,5.1,6.1,0,11.1,19881989
111,4,Ray Bourque,28,BOS,D,56,17.78,3.0,8.0,17.0,,,18,43,61,20,4.6,4.8,0,9.4,19881989
112,5,Steve Duchesne,23,LAK,D,30,9.52,2.0,5.0,5.0,,,25,50,75,31,5.7,3.9,0,9.7,19881989
113,6,Brad McCrimmon,29,CGY,D,24,7.62,2.0,4.0,2.0,,,5,17,22,43,0.6,6.0,0,6.5,19881989
114,7,Gary Suter,24,CGY,D,15,4.76,2.0,1.0,2.0,,,13,49,62,26,4.3,4.6,0,8.9,19881989
115,8,Kevin Lowe,29,EDM,D,14,4.44,0.0,4.0,2.0,,,7,18,25,26,0.8,4.8,0,5.6,19881989
116,9,Phil Housley,24,BUF,D,11,3.49,0.0,2.0,5.0,,,26,44,70,6,5.5,3.9,0,9.4,19881989
117,10,Scott Stevens,24,WSH,D,8,2.54,0.0,1.0,5.0,,,7,61,68,1,3.9,4.7,0,8.6,19881989
118,11,Brian Leetch,20,NYR,D,6,1.9,0.0,1.0,3.0,,,23,48,71,8,5.3,3.6,0,9.0,19881989
119,12,Paul Reinhart,29,VAN,D,4,1.27,0.0,1.0,1.0,,,7,50,57,-4,3.4,3.9,0,7.3,19881989
120,13,Craig Ludwig,27,MTL,D,1,0.32,0.0,0.0,1.0,,,3,13,16,33,-0.1,6.2,0,6.1,19881989
121,1,Ray Bourque,29,BOS,D,315,100.0,63.0,0.0,0.0,,,19,65,84,31,6.1,6.4,0,12.5,19891990
122,2,Al MacInnis,26,CGY,D,127,40.32,0.0,38.0,13.0,,,28,62,90,20,7.1,4.9,0,12.1,19891990
123,3,Doug Wilson,32,CHI,D,40,12.7,0.0,7.0,19.0,,,23,50,73,13,5.7,4.1,0,9.7,19891990
124,4,Paul Coffey,28,PIT,D,33,10.48,0.0,7.0,12.0,,,29,74,103,-25,7.9,1.4,0,9.3,19891990
125,5,Phil Housley,25,BUF,D,32,10.16,0.0,7.0,11.0,,,21,60,81,11,5.9,5.3,0,11.2,19891990
126,6,Al Iafrate,23,TOR,D,8,2.54,0.0,2.0,2.0,,,21,42,63,-4,4.8,2.1,0,6.9,19891990
127,7,Mike Ramsey,29,BUF,D,4,1.27,0.0,1.0,1.0,,,4,21,25,21,0.7,5.4,0,6.1,19891990
128,8,Chris Chelios,28,MTL,D,3,0.95,0.0,1.0,0.0,,,9,22,31,20,1.9,4.1,0,6.0,19891990
129,9,Paul Cavallini,24,STL,D,2,0.63,0.0,0.0,2.0,,,8,39,47,38,2.5,6.3,0,8.8,19891990
130,10,Craig Ludwig,28,MTL,D,1,0.32,0.0,0.0,1.0,,,1,15,16,24,-0.2,5.4,0,5.2,19891990
131,10,Brian Leetch,21,NYR,D,1,0.32,0.0,0.0,1.0,,,11,45,56,-18,3.5,3.4,0,6.9,19891990
132,10,Jamie Macoun,28,CGY,D,1,0.32,0.0,0.0,1.0,,,8,27,35,34,1.6,5.7,0,7.3,19891990
133,1,Ray Bourque,30,BOS,D,257,77.88,35.0,27.0,1.0,,,21,73,94,33,7.6,5.6,0,13.2,19901991
134,2,Al MacInnis,27,CGY,D,228,69.09,27.0,28.0,9.0,,,28,75,103,42,8.6,5.5,0,14.1,19901991
135,3,Chris Chelios,29,CHI,D,56,16.97,2.0,9.0,19.0,,,12,52,64,23,4.4,5.9,0,10.2,19901991
136,4,Brian Leetch,22,NYR,D,30,9.09,2.0,0.0,20.0,,,16,72,88,2,6.6,4.0,0,10.5,19901991
137,5,Paul Coffey,29,PIT,D,8,2.42,0.0,0.0,8.0,,,24,69,93,-18,7.4,1.5,0,8.9,19901991
138,6,Kevin Hatcher,24,WSH,D,7,2.12,0.0,1.0,4.0,,,24,50,74,-10,5.9,4.4,0,10.2,19901991
139,7,Scott Stevens,26,STL,D,6,1.82,0.0,1.0,3.0,,,5,44,49,23,2.5,4.9,0,7.5,19901991
140,8,James Patrick,27,NYR,D,2,0.61,0.0,0.0,2.0,,,10,49,59,-5,3.9,3.3,0,7.2,19901991
141,1,Brian Leetch,23,NYR,D,335,97.1,65.0,3.0,1.0,,,22,80,102,25,8.1,5.1,0,13.2,19911992
142,2,Ray Bourque,31,BOS,D,112,32.46,3.0,25.0,22.0,,,21,60,81,11,6.3,5.0,0,11.2,19911992
143,3,Phil Housley,27,WIN,D,82,23.77,0.0,21.0,19.0,,,23,63,86,-5,6.9,4.4,0,11.3,19911992
144,4,Scott Stevens,27,NJD,D,44,12.75,1.0,9.0,12.0,,,17,42,59,24,4.6,4.6,0,9.2,19911992
145,5,Larry Murphy,30,PIT,D,37,10.72,0.0,9.0,10.0,,,21,56,77,33,6.0,4.6,0,10.5,19911992
146,6,Chris Chelios,30,CHI,D,8,2.32,0.0,2.0,2.0,,,9,47,56,24,3.4,6.4,0,9.8,19911992
147,7,Kevin Hatcher,25,WSH,D,2,0.58,0.0,0.0,2.0,,,17,37,54,18,3.9,4.8,0,8.6,19911992
148,8,Al MacInnis,28,CGY,D,1,0.29,0.0,0.0,1.0,,,20,57,77,13,6.1,3.5,0,9.6,19911992
149,1,Chris Chelios,31,CHI,D,201,80.4,33.0,10.0,6.0,,,15,58,73,14,4.8,6.3,0,11.1,19921993
150,2,Ray Bourque,32,BOS,D,97,38.8,6.0,19.0,10.0,,,19,63,82,38,5.9,6.3,0,12.2,19921993
151,3,Larry Murphy,31,PIT,D,93,37.2,9.0,11.0,15.0,,,22,63,85,45,6.2,6.2,0,12.4,19921993
152,4,Kevin Hatcher,26,WSH,D,17,6.8,0.0,5.0,2.0,,,34,45,79,-7,6.6,4.0,0,10.6,19921993
153,5,Phil Housley,28,WIN,D,16,6.4,1.0,2.0,5.0,,,18,79,97,-14,6.8,2.9,0,9.8,19921993
154,6,Al Iafrate,26,WSH,D,10,4.0,0.0,2.0,4.0,,,25,41,66,15,5.0,5.2,0,10.2,19921993
155,7,Steve Duchesne,27,QUE,D,5,2.0,1.0,0.0,0.0,,,20,62,82,15,6.0,4.4,0,10.4,19921993
156,7,Gary Suter,28,CGY,D,5,2.0,0.0,0.0,5.0,,,23,58,81,-1,6.1,3.8,0,9.9,19921993
157,9,Paul Coffey,31,TOT,D,4,1.6,0.0,1.0,1.0,,,12,75,87,16,5.6,4.1,0,9.7,19921993
158,10,Scott Stevens,28,NJD,D,1,0.4,0.0,0.0,1.0,,,12,45,57,14,3.5,4.8,0,8.3,19921993
159,10,Ulf Samuelsson,28,PIT,D,1,0.4,0.0,0.0,1.0,,,3,26,29,36,0.8,5.4,0,6.2,19921993
160,1,Ray Bourque,33,BOS,D,199,73.7,26.0,21.0,6.0,,,20,71,91,26,7.8,5.7,0,13.5,19931994
161,2,Scott Stevens,29,NJD,D,195,72.22,24.0,23.0,6.0,,,18,60,78,53,6.3,6.9,0,13.2,19931994
162,3,Al MacInnis,30,CGY,D,60,22.22,4.0,6.0,22.0,,,28,54,82,35,7.7,5.5,0,13.3,19931994
163,4,Sergei Zubov,23,NYR,D,15,5.56,0.0,2.0,9.0,,,12,77,89,20,6.9,5.6,0,12.5,19931994
164,5,Brian Leetch,25,NYR,D,10,3.7,0.0,2.0,4.0,,,23,56,79,28,6.8,6.4,0,13.3,19931994
165,6,Chris Chelios,32,CHI,D,3,1.11,0.0,0.0,3.0,,,16,44,60,12,4.7,5.0,0,9.7,19931994
166,7,Paul Coffey,32,DET,D,1,0.37,0.0,0.0,1.0,,,14,63,77,28,6.0,4.4,0,10.3,19931994
167,8,Nicklas Lidstrom,23,DET,D,1,0.37,0.0,0.0,1.0,,,10,46,56,43,3.8,5.4,0,9.2,19931994
168,9,Sandis Ozolinsh,21,SJS,D,1,0.37,0.0,0.0,1.0,,,26,38,64,16,5.8,5.3,0,11.2,19931994
169,10,Larry Murphy,32,PIT,D,1,0.37,0.0,0.0,1.0,,,17,56,73,10,5.7,4.0,0,9.7,19931994
170,1,Paul Coffey,33,DET,D,69,92.0,12.0,3.0,0.0,,,14,44,58,18,5.5,3.5,0,9.0,19941995
171,2,Chris Chelios,33,CHI,D,39,52.0,2.0,9.0,2.0,,,5,33,38,17,2.9,4.0,0,6.9,19941995
172,3,Ray Bourque,34,BOS,D,20,26.67,1.0,1.0,12.0,,,12,31,43,3,4.1,3.1,0,7.2,19941995
173,4,Larry Murphy,33,PIT,D,7,9.33,0.0,2.0,3.0,,,13,25,38,12,3.6,2.1,0,5.7,19941995
174,5,Steve Duchesne,29,STL,D,0,0.0,0.0,0.0,0.0,,,12,26,38,29,3.6,3.4,0,7.0,19941995
175,5,Brian Leetch,26,NYR,D,0,0.0,0.0,0.0,0.0,,,9,32,41,0,3.6,2.8,0,6.4,19941995
176,1,Chris Chelios,34,CHI,D,408,75.56,22.0,19.0,9.0,3.0,1.0,14,58,72,25,5.7,5.6,0,11.3,19951996
177,2,Ray Bourque,35,BOS,D,403,74.63,23.0,16.0,8.0,7.0,0.0,20,62,82,31,7.4,5.7,0,13.0,19951996
178,3,Brian Leetch,27,NYR,D,245,45.37,6.0,6.0,23.0,7.0,7.0,15,70,85,12,7.0,4.5,0,11.4,19951996
179,4,Vladimir Konstantinov,28,DET,D,131,24.26,2.0,6.0,7.0,10.0,4.0,14,20,34,60,2.6,8.5,0,11.1,19951996
180,5,Paul Coffey,34,DET,D,83,15.37,0.0,4.0,2.0,12.0,9.0,14,60,74,19,6.1,5.6,0,11.7,19951996
181,6,Nicklas Lidstrom,25,DET,D,54,10.0,0.0,1.0,3.0,7.0,11.0,17,50,67,29,5.6,6.5,0,12.2,19951996
182,7,Roman Hamrlik,21,TBL,D,25,4.63,1.0,0.0,0.0,3.0,6.0,16,49,65,-24,5.5,3.4,0,8.9,19951996
183,8,Gary Suter,31,CHI,D,11,2.04,0.0,0.0,1.0,0.0,6.0,20,47,67,3,5.8,4.2,0,10.0,19951996
184,9,Scott Stevens,31,NJD,D,9,1.67,0.0,0.0,0.0,2.0,3.0,5,23,28,7,1.3,6.2,0,7.5,19951996
185,9,Eric Desjardins,26,PHI,D,9,1.67,0.0,1.0,0.0,0.0,2.0,7,40,47,19,3.1,5.6,0,8.7,19951996
186,11,Teppo Numminen,27,WIN,D,7,1.3,0.0,1.0,0.0,0.0,0.0,11,43,54,-4,4.3,2.6,0,6.9,19951996
187,12,Mark Tinordi,29,WSH,D,5,0.93,0.0,0.0,1.0,0.0,0.0,3,10,13,26,0.0,6.1,0,6.1,19951996
188,12,Sergei Zubov,25,PIT,D,5,0.93,0.0,0.0,0.0,1.0,2.0,11,55,66,28,5.2,3.5,0,8.7,19951996
189,14,Phil Housley,31,TOT,D,3,0.56,0.0,0.0,0.0,1.0,0.0,17,51,68,-6,6.0,4.3,0,10.3,19951996
190,14,Larry Murphy,34,TOR,D,3,0.56,0.0,0.0,0.0,1.0,0.0,12,49,61,-2,4.9,4.3,0,9.2,19951996
191,16,Shawn Chambers,29,NJD,D,1,0.19,0.0,0.0,0.0,0.0,1.0,2,21,23,1,1.0,4.5,0,5.5,19951996
192,16,Calle Johansson,28,WSH,D,1,0.19,0.0,0.0,0.0,0.0,1.0,10,25,35,13,2.3,5.7,0,8.0,19951996
193,16,Ed Jovanovski,19,FLA,D,1,0.19,0.0,0.0,0.0,0.0,1.0,10,11,21,-3,1.3,3.9,0,5.2,19951996
194,1,Brian Leetch,28,NYR,D,494,91.48,42.0,8.0,3.0,1.0,0.0,20,58,78,31,7.5,5.6,0,13.1,19961997
195,2,Vladimir Konstantinov,29,DET,D,178,32.96,2.0,10.0,13.0,6.0,5.0,5,33,38,38,2.5,7.1,0,9.5,19961997
196,3,Sandis Ozolinsh,24,COL,D,176,32.59,2.0,12.0,9.0,8.0,3.0,23,45,68,4,6.9,4.2,0,11.1,19961997
197,4,Chris Chelios,35,CHI,D,172,31.85,0.0,7.0,18.0,9.0,6.0,10,38,48,16,4.0,4.9,0,8.9,19961997
198,5,Scott Stevens,32,NJD,D,171,31.67,7.0,8.0,4.0,7.0,4.0,5,19,24,26,1.1,6.8,0,7.9,19961997
199,6,Nicklas Lidstrom,26,DET,D,60,11.11,0.0,5.0,2.0,3.0,6.0,15,42,57,11,5.1,5.3,0,10.4,19961997
200,7,Darryl Sydor,24,DAL,D,45,8.33,1.0,1.0,1.0,5.0,8.0,8,40,48,37,3.6,6.8,0,10.3,19961997
201,7,Ray Bourque,36,BOS,D,45,8.33,0.0,2.0,2.0,4.0,9.0,19,31,50,-11,5.2,1.9,0,7.1,19961997
202,9,Eric Desjardins,27,PHI,D,21,3.89,0.0,1.0,0.0,3.0,5.0,12,34,46,25,3.8,5.5,0,9.3,19961997
203,10,Oleg Tverdovsky,20,PHX,D,9,1.67,0.0,0.0,1.0,1.0,1.0,10,45,55,-5,4.5,4.0,0,8.5,19961997
204,11,Bryan Berard,19,NYI,D,8,1.48,0.0,0.0,0.0,2.0,2.0,8,40,48,1,3.8,3.8,0,7.6,19961997
205,12,Kevin Hatcher,30,PIT,D,6,1.11,0.0,0.0,0.0,2.0,0.0,15,39,54,11,4.8,3.4,0,8.2,19961997
206,13,Sergei Zubov,26,DAL,D,5,0.93,0.0,0.0,1.0,0.0,0.0,13,30,43,19,3.6,5.3,0,9.0,19961997
207,14,Robert Svehla,28,FLA,D,4,0.74,0.0,0.0,0.0,1.0,1.0,13,32,45,2,3.7,4.9,0,8.6,19961997
208,15,Steve Duchesne,31,OTT,D,3,0.56,0.0,0.0,0.0,1.0,0.0,19,28,47,-9,4.7,3.9,0,8.6,19961997
209,15,Chris Pronger,22,STL,D,3,0.56,0.0,0.0,0.0,1.0,0.0,11,24,35,15,2.8,5.1,0,7.9,19961997
210,17,Derian Hatcher,24,DAL,D,2,0.37,0.0,0.0,0.0,0.0,2.0,3,19,22,8,1.1,3.8,0,4.8,19961997
211,18,Sergei Gonchar,22,WSH,D,1,0.19,0.0,0.0,0.0,0.0,1.0,13,17,30,-11,3.0,2.6,0,5.6,19961997
212,18,Dmitri Mironov,31,TOT,D,1,0.19,0.0,0.0,0.0,0.0,1.0,13,39,52,16,4.5,4.3,0,8.8,19961997
213,1,Rob Blake,28,LAK,D,401,74.26,27.0,12.0,8.0,2.0,1.0,23,27,50,-3,5.9,3.0,0,8.8,19971998
214,2,Nicklas Lidstrom,27,DET,D,369,68.33,15.0,22.0,10.0,5.0,0.0,17,42,59,22,6.1,5.5,0,11.6,19971998
215,3,Chris Pronger,23,STL,D,316,58.52,8.0,15.0,23.0,5.0,1.0,9,27,36,47,2.9,7.3,0,10.3,19971998
216,4,Scott Stevens,33,NJD,D,84,15.56,3.0,2.0,2.0,9.0,3.0,4,22,26,19,1.4,6.3,0,7.7,19971998
217,5,Scott Niedermayer,24,NJD,D,58,10.74,0.0,0.0,3.0,10.0,13.0,14,43,57,5,5.5,5.3,0,10.8,19971998
218,6,Larry Murphy,36,DET,D,47,8.7,1.0,0.0,3.0,5.0,7.0,11,41,52,35,4.7,6.6,0,11.3,19971998
219,7,Ray Bourque,37,BOS,D,37,6.85,0.0,1.0,3.0,2.0,9.0,13,35,48,2,4.6,4.9,0,9.5,19971998
220,8,Al MacInnis,34,STL,D,26,4.81,0.0,1.0,1.0,4.0,2.0,19,30,49,6,5.5,3.7,0,9.2,19971998
221,9,Teppo Numminen,29,PHX,D,22,4.07,0.0,0.0,1.0,3.0,8.0,11,40,51,25,4.6,5.5,0,10.2,19971998
222,9,Sergei Zubov,27,DAL,D,22,4.07,0.0,1.0,0.0,3.0,6.0,10,47,57,16,5.4,5.7,0,11.0,19971998
223,11,Darryl Sydor,25,DAL,D,6,1.11,0.0,0.0,0.0,2.0,0.0,11,35,46,17,4.2,6.1,0,10.3,19971998
224,12,Chris Chelios,36,CHI,D,3,0.56,0.0,0.0,0.0,1.0,0.0,3,39,42,-7,2.9,4.0,0,6.9,19971998
225,12,Kenny Jonsson,23,NYI,D,3,0.56,0.0,0.0,0.0,1.0,0.0,14,26,40,-2,4.0,4.0,0,8.0,19971998
226,12,Darius Kasparaitis,25,PIT,D,3,0.56,0.0,0.0,0.0,1.0,0.0,4,8,12,3,-0.1,4.6,0,4.5,19971998
227,12,Alexei Zhitnik,25,BUF,D,3,0.56,0.0,0.0,0.0,1.0,0.0,15,30,45,19,4.6,5.0,0,9.6,19971998
228,16,Eric Desjardins,28,PHI,D,1,0.19,0.0,0.0,0.0,0.0,1.0,6,27,33,11,2.4,4.8,0,7.1,19971998
229,16,Kevin Hatcher,31,PIT,D,1,0.19,0.0,0.0,0.0,0.0,1.0,19,29,48,-3,5.2,3.8,0,9.0,19971998
230,16,Calle Johansson,30,WSH,D,1,0.19,0.0,0.0,0.0,0.0,1.0,15,20,35,-11,3.6,3.2,0,6.8,19971998
231,16,Boris Mironov,25,EDM,D,1,0.19,0.0,0.0,0.0,0.0,1.0,16,30,46,-8,4.8,3.7,0,8.5,19971998
232,1,Al MacInnis,35,STL,D,548,97.86,54.0,0.0,1.0,1.0,0.0,20,42,62,33,6.0,7.7,0,13.6,19981999
233,2,Nicklas Lidstrom,28,DET,D,234,41.79,0.0,21.0,9.0,13.0,3.0,14,43,57,14,5.0,5.3,0,10.3,19981999
234,3,Ray Bourque,38,BOS,D,157,28.04,0.0,9.0,12.0,8.0,10.0,10,47,57,-7,4.5,5.6,0,10.1,19981999
235,4,Chris Pronger,24,STL,D,107,19.11,1.0,5.0,9.0,3.0,8.0,13,33,46,3,4.0,4.6,0,8.6,19981999
236,5,Eric Desjardins,29,PHI,D,91,16.25,0.0,6.0,4.0,6.0,11.0,15,36,51,18,5.0,5.1,0,10.1,19981999
237,6,Scott Stevens,34,NJD,D,55,9.82,0.0,3.0,4.0,4.0,2.0,5,22,27,29,1.4,5.4,0,6.9,19981999
238,7,Derian Hatcher,26,DAL,D,53,9.46,0.0,4.0,3.0,2.0,4.0,9,21,30,21,2.0,6.5,0,8.6,19981999
239,8,Brian Leetch,30,NYR,D,49,8.75,0.0,2.0,3.0,5.0,5.0,13,42,55,-7,4.5,5.0,0,9.5,19981999
240,9,Fredrik Olausson,32,MDA,D,48,8.57,0.0,1.0,5.0,4.0,4.0,16,40,56,17,6.1,4.7,0,10.8,19981999
241,10,Phil Housley,34,CGY,D,40,7.14,1.0,2.0,1.0,3.0,2.0,11,43,54,14,5.1,3.8,0,8.9,19981999
242,11,Larry Murphy,37,DET,D,21,3.75,0.0,1.0,1.0,3.0,0.0,10,42,52,21,4.3,5.4,0,9.7,19981999
243,12,Scott Niedermayer,25,NJD,D,18,3.21,0.0,2.0,0.0,1.0,1.0,11,35,46,16,4.0,4.4,0,8.4,19981999
244,13,Sergei Zubov,28,DAL,D,12,2.14,0.0,0.0,1.0,2.0,1.0,10,41,51,9,4.3,5.6,0,9.9,19981999
245,14,Alexander Karpovtsev,28,TOT,D,6,1.07,0.0,0.0,1.0,0.0,1.0,3,25,28,39,2.0,4.3,0,6.2,19981999
246,15,Adam Foote,27,COL,D,5,0.89,0.0,0.0,1.0,0.0,0.0,5,16,21,20,1.0,4.3,0,5.3,19981999
247,15,Darryl Sydor,26,DAL,D,5,0.89,0.0,0.0,1.0,0.0,0.0,14,34,48,-1,4.8,3.8,0,8.6,19981999
248,17,Rob Blake,29,LAK,D,4,0.71,0.0,0.0,0.0,1.0,1.0,12,23,35,-7,3.4,3.0,0,6.4,19981999
249,18,Chris Chelios,37,TOT,D,1,0.18,0.0,0.0,0.0,0.0,1.0,9,27,36,1,2.7,3.6,0,6.2,19981999
250,18,Darryl Shannon,30,BUF,D,1,0.18,0.0,0.0,0.0,0.0,1.0,3,12,15,28,0.4,5.0,0,5.4,19981999
251,1,Chris Pronger,25,STL,D,565,97.41,53.0,5.0,0.0,0.0,0.0,14,48,62,52,5.2,9.6,0,14.8,19992000
252,2,Nicklas Lidstrom,29,DET,D,400,68.97,5.0,46.0,5.0,1.0,0.0,20,53,73,19,7.1,5.8,0,13.0,19992000
253,3,Rob Blake,30,LAK,D,196,33.79,0.0,3.0,25.0,15.0,5.0,18,39,57,10,5.3,4.5,0,9.8,19992000
254,4,Eric Desjardins,30,PHI,D,119,20.52,0.0,2.0,8.0,19.0,8.0,14,41,55,20,4.9,7.1,0,12.0,19992000
255,5,Sergei Gonchar,25,WSH,D,78,13.45,0.0,0.0,7.0,10.0,13.0,18,36,54,26,5.8,5.3,0,11.1,19992000
256,6,Chris Chelios,38,DET,D,54,9.31,0.0,2.0,5.0,3.0,6.0,3,31,34,48,1.6,7.6,0,9.2,19992000
257,7,Ray Bourque,39,TOT,D,36,6.21,0.0,0.0,3.0,4.0,9.0,18,34,52,-2,5.0,4.7,0,9.7,19992000
258,8,Al MacInnis,36,STL,D,23,3.97,0.0,0.0,2.0,3.0,4.0,11,28,39,20,3.4,5.3,0,8.7,19992000
259,9,Sergei Zubov,29,DAL,D,10,1.72,0.0,0.0,2.0,0.0,0.0,9,33,42,-2,2.8,5.9,0,8.8,19992000
260,10,Scott Stevens,35,NJD,D,9,1.55,0.0,0.0,1.0,0.0,4.0,8,21,29,30,1.8,6.0,0,7.9,19992000
261,11,Teppo Numminen,31,PHX,D,4,0.69,0.0,0.0,0.0,1.0,1.0,8,34,42,21,3.1,5.3,0,8.4,19992000
262,11,Wade Redden,22,OTT,D,4,0.69,0.0,0.0,0.0,1.0,1.0,10,26,36,-1,2.8,4.1,0,6.8,19992000
263,13,Sean Hill,29,CAR,D,3,0.52,0.0,0.0,0.0,1.0,0.0,13,31,44,3,4.2,4.1,0,8.4,19992000
264,14,Robert Svehla,31,FLA,D,2,0.34,0.0,0.0,0.0,0.0,2.0,9,40,49,23,3.8,5.8,0,9.6,19992000
265,14,Oleg Tverdovsky,23,MDA,D,2,0.34,0.0,0.0,0.0,0.0,2.0,15,36,51,5,4.8,4.5,0,9.2,19992000
266,16,Derian Hatcher,27,DAL,D,1,0.17,0.0,0.0,0.0,0.0,1.0,2,22,24,6,1.0,4.8,0,5.7,19992000
267,16,Ed Jovanovski,23,VAN,D,1,0.17,0.0,0.0,0.0,0.0,1.0,5,21,26,-3,1.3,3.1,0,4.3,19992000
268,16,Sandis Ozolinsh,27,COL,D,1,0.17,0.0,0.0,0.0,0.0,1.0,16,36,52,17,5.0,5.3,0,10.4,19992000
269,1,Nicklas Lidstrom,30,DET,D,600,96.77,56.0,5.0,1.0,0.0,0.0,15,56,71,9,6.4,5.8,0,12.2,20002001
270,2,Ray Bourque,40,COL,D,251,40.48,4.0,16.0,12.0,10.0,9.0,7,52,59,25,4.5,5.7,0,10.2,20002001
271,3,Scott Stevens,36,NJD,D,203,32.74,1.0,15.0,14.0,4.0,6.0,9,22,31,40,1.9,6.1,0,8.1,20002001
272,4,Rob Blake,31,TOT,D,176,28.39,1.0,11.0,8.0,14.0,7.0,19,40,59,3,6.0,3.5,0,9.5,20002001
273,5,Brian Leetch,32,NYR,D,126,20.32,0.0,9.0,7.0,5.0,13.0,21,58,79,-18,7.7,1.7,0,9.4,20002001
274,6,Sergei Gonchar,26,WSH,D,94,15.16,0.0,1.0,9.0,12.0,6.0,19,38,57,12,5.9,4.7,0,10.6,20002001
275,7,Al MacInnis,37,STL,D,49,7.9,0.0,0.0,6.0,5.0,4.0,12,42,54,23,5.2,5.2,0,10.5,20002001
276,8,Sergei Zubov,30,DAL,D,28,4.52,0.0,1.0,1.0,4.0,4.0,10,41,51,22,4.0,6.6,0,10.7,20002001
277,9,Brian Rafalski,27,NJD,D,26,4.19,0.0,2.0,1.0,2.0,1.0,9,43,52,36,4.4,5.3,0,9.7,20002001
278,10,Eric Desjardins,31,PHI,D,14,2.26,0.0,2.0,0.0,0.0,0.0,15,33,48,-3,4.3,3.9,0,8.2,20002001
279,10,Chris Pronger,26,STL,D,14,2.26,0.0,0.0,1.0,2.0,3.0,8,39,47,21,4.3,4.7,0,9.0,20002001
280,12,Wade Redden,23,OTT,D,13,2.1,0.0,0.0,1.0,2.0,2.0,10,37,47,22,3.8,5.1,0,8.9,20002001
281,13,Derian Hatcher,28,DAL,D,9,1.45,0.0,0.0,1.0,1.0,1.0,2,21,23,5,0.4,5.2,0,5.6,20002001
282,14,Dan McGillis,28,PHI,D,4,0.65,0.0,0.0,0.0,1.0,1.0,14,35,49,13,4.5,4.8,0,9.3,20002001
283,15,Ed Jovanovski,24,VAN,D,2,0.32,0.0,0.0,0.0,0.0,2.0,12,35,47,-1,4.0,3.6,0,7.6,20002001
284,16,Brad Lukowich,24,DAL,D,1,0.16,0.0,0.0,0.0,0.0,1.0,4,10,14,28,0.6,5.0,0,5.5,20002001
285,16,Jason Smith,27,EDM,D,1,0.16,0.0,0.0,0.0,0.0,1.0,5,15,20,14,0.7,4.4,0,5.1,20002001
286,16,Oleg Tverdovsky,24,MDA,D,1,0.16,0.0,0.0,0.0,0.0,1.0,14,39,53,-11,4.7,4.2,0,9.0,20002001
287,1,Nicklas Lidstrom,31,DET,D,472,76.13,29.0,20.0,7.0,2.0,1.0,9,50,59,13,5.0,5.5,0,10.5,20012002
288,2,Chris Chelios,40,DET,D,431,69.52,28.0,10.0,13.0,4.0,4.0,6,33,39,40,2.8,7.2,0,10.0,20012002
289,3,Rob Blake,32,COL,D,321,51.77,4.0,19.0,22.0,12.0,2.0,16,40,56,16,5.6,6.6,0,12.2,20012002
290,4,Sergei Gonchar,27,WSH,D,147,23.71,0.0,6.0,6.0,22.0,9.0,26,33,59,-1,7.3,3.2,0,10.4,20012002
291,5,Chris Pronger,27,STL,D,62,10.0,0.0,4.0,1.0,8.0,5.0,7,40,47,23,3.4,7.0,0,10.4,20012002
292,6,Ed Jovanovski,25,VAN,D,53,8.55,0.0,0.0,7.0,3.0,9.0,17,31,48,-7,4.8,3.1,0,7.9,20012002
293,7,Teppo Numminen,33,PHX,D,44,7.1,0.0,1.0,3.0,5.0,7.0,13,35,48,13,4.8,4.3,0,9.0,20012002
294,8,Adrian Aucoin,28,NYI,D,28,4.52,1.0,1.0,0.0,2.0,5.0,12,22,34,23,2.6,5.9,0,8.5,20012002
295,9,Brian Leetch,33,NYR,D,22,3.55,0.0,0.0,1.0,2.0,11.0,10,45,55,14,4.8,3.9,0,8.7,20012002
296,10,Mattias Ohlund,25,VAN,D,5,0.81,0.0,0.0,1.0,0.0,0.0,10,26,36,16,2.8,4.9,0,7.7,20012002
297,10,Scott Stevens,37,NJD,D,5,0.81,0.0,0.0,1.0,0.0,0.0,1,16,17,15,-0.1,5.9,0,5.8,20012002
298,1,Nicklas Lidstrom,32,DET,D,560,90.32,42.0,20.0,0.0,0.0,0.0,18,44,62,40,6.1,7.1,0,13.2,20022003
299,2,Al MacInnis,39,STL,D,486,78.39,20.0,38.0,4.0,0.0,0.0,16,52,68,22,6.7,5.6,0,12.3,20022003
300,3,Derian Hatcher,30,DAL,D,142,22.9,0.0,1.0,21.0,9.0,3.0,8,22,30,37,1.9,7.4,0,9.3,20022003
301,4,Sergei Gonchar,28,WSH,D,131,21.13,0.0,1.0,12.0,17.0,13.0,18,49,67,13,6.7,4.8,0,11.5,20022003
302,5,Rob Blake,33,COL,D,62,10.0,0.0,0.0,8.0,5.0,7.0,17,28,45,20,4.4,5.1,0,9.5,20022003
303,6,Ed Jovanovski,26,VAN,D,58,9.35,0.0,2.0,5.0,5.0,4.0,6,40,46,19,3.9,4.6,0,8.4,20022003
304,7,Zdeno Chara,25,OTT,D,55,8.87,0.0,0.0,4.0,10.0,5.0,9,30,39,29,3.2,6.1,0,9.3,20022003
305,8,Sergei Zubov,32,DAL,D,37,5.97,0.0,0.0,3.0,4.0,10.0,11,44,55,21,4.9,6.1,0,11.0,20022003
306,9,Wade Redden,25,OTT,D,21,3.39,0.0,0.0,2.0,2.0,5.0,10,35,45,23,3.9,5.8,0,9.7,20022003
307,10,Adam Foote,31,COL,D,18,2.9,0.0,0.0,1.0,3.0,4.0,11,20,31,30,2.3,5.8,0,8.2,20022003
308,11,Tomas Kaberle,24,TOR,D,9,1.45,0.0,0.0,0.0,3.0,0.0,11,36,47,20,4.1,5.7,0,9.7,20022003
309,12,Dan Boyle,26,TBL,D,8,1.29,0.0,0.0,0.0,2.0,2.0,13,40,53,9,5.0,5.1,0,10.2,20022003
310,13,Scott Niedermayer,29,NJD,D,7,1.13,0.0,0.0,1.0,0.0,2.0,11,28,39,23,3.3,6.7,0,10.1,20022003
311,14,Eric Desjardins,33,PHI,D,6,0.97,0.0,0.0,0.0,1.0,3.0,8,24,32,30,2.5,6.7,0,9.2,20022003
312,15,Brian Leetch,34,NYR,D,5,0.81,0.0,0.0,1.0,0.0,0.0,12,18,30,-3,3.2,2.3,0,5.5,20022003
313,15,Scott Stevens,38,NJD,D,5,0.81,0.0,0.0,0.0,1.0,2.0,4,16,20,18,0.6,6.1,0,6.7,20022003
314,17,Chris Chelios,41,DET,D,1,0.16,0.0,0.0,0.0,0.0,1.0,2,17,19,4,0.6,2.9,0,3.5,20022003
315,17,Sandis Ozolinsh,30,TOT,D,1,0.16,0.0,0.0,0.0,0.0,1.0,12,32,44,-6,3.9,4.8,0,8.6,20022003
316,1,Scott Niedermayer,30,NJD,D,872,83.85,72.0,13.0,10.0,3.0,2.0,14,40,54,20,5.1,6.9,0,12.0,20032004
317,2,Zdeno Chara,26,OTT,D,563,54.13,19.0,36.0,16.0,11.0,8.0,16,25,41,33,4.3,6.1,0,10.3,20032004
318,3,Chris Pronger,29,STL,D,345,33.17,7.0,19.0,16.0,17.0,11.0,14,40,54,-1,5.1,5.7,0,10.8,20032004
319,4,Bryan McCabe,28,TOR,D,189,18.17,1.0,12.0,10.0,10.0,15.0,16,37,53,22,5.4,5.5,0,10.9,20032004
320,5,Adrian Aucoin,30,NYI,D,166,15.96,2.0,3.0,12.0,16.0,17.0,13,31,44,29,4.1,6.2,0,10.3,20032004
321,6,Nicklas Lidstrom,33,DET,D,165,15.87,1.0,6.0,10.0,19.0,6.0,10,28,38,19,2.8,5.5,0,8.4,20032004
322,7,Mathieu Schneider,34,DET,D,144,13.85,1.0,2.0,17.0,7.0,14.0,14,32,46,22,4.5,5.2,0,9.8,20032004
323,8,Rob Blake,34,COL,D,124,11.92,1.0,8.0,5.0,9.0,6.0,13,33,46,6,4.4,4.1,0,8.5,20032004
324,9,Sergei Gonchar,29,TOT,D,55,5.29,0.0,3.0,4.0,4.0,2.0,11,47,58,-14,5.5,3.3,0,8.8,20032004
325,10,Wade Redden,26,OTT,D,31,2.98,0.0,2.0,6.0,3.0,0.0,17,26,43,21,4.5,5.2,0,9.7,20032004
326,11,Brian Leetch,35,TOT,D,19,1.83,0.0,2.0,2.0,3.0,0.0,15,36,51,6,5.2,3.7,0,8.8,20032004
327,12,Sheldon Souray,27,MTL,D,12,1.15,0.0,1.0,0.0,0.0,5.0,15,20,35,4,3.9,3.5,0,7.4,20032004
328,13,Marek Malik,28,VAN,D,7,0.67,0.0,1.0,0.0,0.0,0.0,3,16,19,35,0.8,5.5,0,6.4,20032004
329,14,Mattias Ohlund,27,VAN,D,3,0.29,0.0,0.0,0.0,0.0,3.0,14,20,34,14,2.9,5.0,0,7.9,20032004
330,15,Pavel Kubina,26,TBL,D,2,0.19,0.0,0.0,0.0,0.0,2.0,17,18,35,9,3.9,3.8,0,7.7,20032004
331,15,Marek Zidlicky,26,NSH,D,2,0.19,0.0,0.0,0.0,0.0,2.0,14,39,53,-16,5.6,2.2,0,7.8,20032004
332,17,Bryan Berard,26,CHI,D,1,0.1,0.0,0.0,0.0,0.0,1.0,13,34,47,-24,5.2,0.9,0,6.1,20032004
333,17,Dan Boyle,27,TBL,D,1,0.1,0.0,0.0,0.0,0.0,1.0,9,30,39,23,3.4,5.1,0,8.5,20032004
334,17,Mike Rathje,29,SJS,D,1,0.1,0.0,0.0,0.0,0.0,1.0,2,17,19,18,0.2,5.5,0,5.7,20032004
335,17,Dick Tarnstrom,29,PIT,D,1,0.1,0.0,0.0,0.0,0.0,1.0,16,36,52,-37,5.3,0.7,0,6.0,20032004
336,17,Sergei Zubov,33,DAL,D,1,0.1,0.0,0.0,0.0,0.0,1.0,7,35,42,0,3.1,5.4,0,8.5,20032004
337,1,Nicklas Lidstrom,35,DET,D,1152,89.3,91.0,28.0,8.0,2.0,0.0,16,64,80,21,6.8,6.1,0,12.9,20052006
338,2,Scott Niedermayer,32,MDA,D,817,63.33,29.0,57.0,16.0,15.0,3.0,13,50,63,8,5.0,5.0,0,10.0,20052006
339,3,Sergei Zubov,35,DAL,D,464,35.97,0.0,21.0,42.0,31.0,14.0,13,58,71,20,5.7,6.5,0,12.2,20052006
340,4,Zdeno Chara,28,OTT,D,430,33.33,5.0,14.0,35.0,30.0,17.0,16,27,43,17,3.6,4.5,0,8.1,20052006
341,5,Wade Redden,28,OTT,D,115,8.91,0.0,1.0,12.0,12.0,12.0,10,40,50,35,4.2,5.2,0,9.4,20052006
342,6,Mathieu Schneider,36,DET,D,111,8.6,4.0,5.0,1.0,4.0,19.0,21,38,59,33,5.8,6.1,0,11.9,20052006
343,7,Chris Pronger,31,EDM,D,97,7.52,0.0,1.0,5.0,15.0,20.0,12,44,56,2,4.0,5.6,0,9.6,20052006
344,8,Dion Phaneuf,20,CGY,D,61,4.73,0.0,0.0,6.0,6.0,13.0,20,29,49,5,4.8,5.5,0,10.3,20052006
345,9,Bryan McCabe,30,TOR,D,44,3.41,0.0,1.0,2.0,6.0,9.0,19,49,68,-1,6.1,4.4,0,10.5,20052006
346,10,Lubomir Visnovsky,29,LAK,D,39,3.02,0.0,0.0,2.0,6.0,11.0,17,50,67,7,6.0,4.1,0,10.1,20052006
347,11,Brian Rafalski,32,NJD,D,7,0.54,0.0,1.0,0.0,0.0,0.0,6,43,49,0,2.9,5.7,0,8.5,20052006
348,12,Rob Blake,36,COL,D,6,0.47,0.0,0.0,0.0,1.0,3.0,14,37,51,2,4.0,4.1,0,8.1,20052006
349,13,Tomas Kaberle,27,TOR,D,5,0.39,0.0,0.0,0.0,1.0,2.0,9,58,67,-1,4.7,5.0,0,9.7,20052006
350,14,Robyn Regehr,25,CGY,D,2,0.16,0.0,0.0,0.0,0.0,2.0,6,20,26,6,1.3,5.0,0,6.3,20052006
351,15,Dan Boyle,29,TBL,D,1,0.08,0.0,0.0,0.0,0.0,1.0,15,38,53,-8,4.4,3.8,0,8.2,20052006
352,15,Sergei Gonchar,31,PIT,D,1,0.08,0.0,0.0,0.0,0.0,1.0,12,46,58,-13,4.6,2.4,0,7.0,20052006
353,15,Joni Pitkanen,22,PHI,D,1,0.08,0.0,0.0,0.0,0.0,1.0,13,33,46,22,4.3,4.0,0,8.3,20052006
354,15,Marek Zidlicky,28,NSH,D,1,0.08,0.0,0.0,0.0,0.0,1.0,12,37,49,8,4.4,3.6,0,8.0,20052006
355,1,Nicklas Lidstrom,36,DET,D,1217,85.1,87.0,44.0,5.0,4.0,2.0,13,49,62,40,5.3,7.9,0,13.1,20062007
356,2,Scott Niedermayer,33,ANA,D,1024,71.61,46.0,62.0,22.0,6.0,2.0,15,54,69,6,6.1,5.6,0,11.7,20062007
357,3,Chris Pronger,32,ANA,D,608,42.52,6.0,25.0,55.0,28.0,14.0,13,46,59,27,5.3,6.4,0,11.7,20062007
358,4,Dan Boyle,30,TBL,D,219,15.31,1.0,5.0,21.0,19.0,12.0,20,43,63,-5,6.0,4.4,0,10.4,20062007
359,5,Kimmo Timonen,31,NSH,D,144,10.07,0.0,2.0,9.0,24.0,13.0,13,42,55,20,4.9,5.0,0,9.9,20062007
360,6,Dion Phaneuf,21,CGY,D,98,6.85,0.0,1.0,6.0,17.0,10.0,17,33,50,10,4.5,4.3,0,8.8,20062007
361,7,Sergei Gonchar,32,PIT,D,85,5.94,1.0,1.0,6.0,8.0,14.0,13,54,67,-5,5.7,3.9,0,9.6,20062007
362,8,Sheldon Souray,30,MTL,D,67,4.69,1.0,0.0,5.0,7.0,11.0,26,38,64,-28,7.3,2.2,0,9.5,20062007
363,9,Sergei Zubov,36,DAL,D,42,2.94,0.0,0.0,4.0,5.0,7.0,12,42,54,0,4.4,6.0,0,10.4,20062007
364,9,Brian Campbell,27,BUF,D,42,2.94,0.0,0.0,3.0,4.0,15.0,6,42,48,28,3.4,4.2,0,7.6,20062007
365,11,Jay Bouwmeester,23,FLA,D,32,2.24,0.0,0.0,2.0,5.0,7.0,12,30,42,23,3.1,5.6,0,8.8,20062007
366,12,Philippe Boucher,33,DAL,D,27,1.89,1.0,1.0,1.0,0.0,5.0,19,32,51,2,5.1,5.3,0,10.5,20062007
367,13,Ryan Whitney,23,PIT,D,20,1.4,0.0,0.0,0.0,5.0,5.0,14,45,59,9,5.3,4.5,0,9.8,20062007
368,14,Brian Rafalski,33,NJD,D,18,1.26,0.0,0.0,1.0,2.0,7.0,8,47,55,4,3.9,6.6,0,10.4,20062007
369,15,Tom Preissing,28,OTT,D,15,1.05,0.0,0.0,1.0,3.0,1.0,7,31,38,40,3.2,4.9,0,8.1,20062007
370,16,Lubomir Visnovsky,30,LAK,D,12,0.84,0.0,1.0,0.0,0.0,5.0,18,40,58,1,5.7,3.8,0,9.5,20062007
371,16,Tomas Kaberle,28,TOR,D,12,0.84,0.0,0.0,0.0,3.0,3.0,11,47,58,3,4.9,3.3,0,8.2,20062007
372,18,Chris Phillips,28,OTT,D,7,0.49,0.0,1.0,0.0,0.0,0.0,8,18,26,36,1.3,5.4,0,6.8,20062007
373,19,Keith Carney,36,MIN,D,5,0.35,0.0,0.0,1.0,0.0,0.0,4,13,17,22,0.7,5.2,0,6.0,20062007
374,20,Zdeno Chara,29,BOS,D,4,0.28,0.0,0.0,0.0,1.0,1.0,11,32,43,-21,3.0,3.5,0,6.5,20062007
375,21,Mathieu Schneider,37,DET,D,3,0.21,0.0,0.0,0.0,1.0,0.0,11,41,52,12,4.7,4.4,0,9.1,20062007
376,21,Robyn Regehr,26,CGY,D,3,0.21,0.0,0.0,0.0,1.0,0.0,2,19,21,27,0.4,5.1,0,5.4,20062007
377,21,Anton Volchenkov,24,OTT,D,3,0.21,0.0,0.0,0.0,0.0,3.0,1,18,19,37,0.1,5.3,0,5.4,20062007
378,24,Andrei Markov,28,MTL,D,1,0.07,0.0,0.0,0.0,0.0,1.0,6,43,49,2,3.6,4.5,0,8.1,20062007
379,24,Bryan McCabe,31,TOR,D,1,0.07,0.0,0.0,0.0,0.0,1.0,15,42,57,3,4.9,3.7,0,8.6,20062007
380,24,Alexei Zhitnik,34,TOT,D,1,0.07,0.0,0.0,0.0,0.0,1.0,7,31,38,1,2.5,3.9,0,6.4,20062007
381,24,Kevin Bieksa,25,VAN,D,1,0.07,0.0,0.0,0.0,0.0,1.0,12,30,42,1,3.2,5.4,0,8.6,20062007
382,1,Nicklas Lidstrom,37,DET,D,1313,97.99,127.0,5.0,1.0,1.0,0.0,10,60,70,40,6.4,8.1,0,14.4,20072008
383,2,Dion Phaneuf,22,CGY,D,561,41.87,2.0,38.0,37.0,26.0,12.0,17,43,60,12,6.1,5.1,0,11.2,20072008
384,3,Zdeno Chara,30,BOS,D,486,36.27,3.0,38.0,23.0,21.0,12.0,17,34,51,14,5.1,5.4,0,10.5,20072008
385,4,Sergei Gonchar,33,PIT,D,370,27.61,1.0,24.0,21.0,21.0,24.0,12,53,65,13,6.0,5.2,0,11.1,20072008
386,5,Brian Campbell,28,TOT,D,333,24.85,1.0,18.0,16.0,31.0,24.0,8,54,62,8,5.1,4.9,0,10.0,20072008
387,6,Andrei Markov,29,MTL,D,156,11.64,0.0,4.0,15.0,11.0,20.0,16,42,58,1,5.8,4.1,0,9.9,20072008
388,7,Mike Green,22,WSH,D,84,6.27,0.0,1.0,7.0,10.0,12.0,18,38,56,6,6.0,4.0,0,10.0,20072008
389,8,Chris Pronger,33,ANA,D,56,4.18,0.0,2.0,5.0,5.0,2.0,12,31,43,-1,3.9,4.6,0,8.4,20072008
390,9,Brian Rafalski,34,DET,D,25,1.87,0.0,1.0,1.0,2.0,7.0,13,42,55,27,5.4,6.4,0,11.7,20072008
391,10,Scott Niedermayer,34,ANA,D,22,1.64,0.0,2.0,1.0,1.0,0.0,8,17,25,-2,2.3,2.7,0,5.0,20072008
392,11,Duncan Keith,24,CHI,D,19,1.42,0.0,0.0,2.0,0.0,9.0,12,20,32,30,2.5,6.2,0,8.7,20072008
393,12,Brent Burns,22,MIN,D,14,1.04,0.0,0.0,2.0,1.0,1.0,15,28,43,12,4.1,5.5,0,9.6,20072008
394,13,Mark Streit,30,MTL,D,11,0.82,0.0,1.0,0.0,1.0,1.0,13,49,62,-6,6.6,2.3,0,8.9,20072008
395,14,Mathieu Schneider,38,ANA,D,9,0.67,0.0,0.0,1.0,1.0,1.0,12,27,39,22,3.9,5.4,0,9.3,20072008
396,15,Ed Jovanovski,31,PHX,D,8,0.6,0.0,0.0,1.0,1.0,0.0,12,39,51,-13,4.8,3.1,0,7.9,20072008
397,16,Wade Redden,30,OTT,D,3,0.22,0.0,0.0,0.0,1.0,0.0,6,32,38,11,2.8,3.3,0,6.1,20072008
398,17,Joe Corvo,30,TOT,D,1,0.07,0.0,0.0,0.0,0.0,1.0,13,35,48,17,5.1,3.4,0,8.5,20072008
399,17,Jassen Cullimore,35,FLA,D,1,0.07,0.0,0.0,0.0,0.0,1.0,3,10,13,21,0.4,4.2,0,4.7,20072008
400,17,Tomas Kaberle,29,TOR,D,1,0.07,0.0,0.0,0.0,0.0,1.0,8,45,53,-8,4.3,3.0,0,7.3,20072008
401,17,Mike Komisarek,26,MTL,D,1,0.07,0.0,0.0,0.0,0.0,1.0,4,13,17,9,0.5,3.9,0,4.4,20072008
402,17,John-Michael Liles,27,COL,D,1,0.07,0.0,0.0,0.0,0.0,1.0,6,26,32,2,2.2,3.5,0,5.7,20072008
403,17,Andrej Meszaros,22,OTT,D,1,0.07,0.0,0.0,0.0,0.0,1.0,9,27,36,5,3.0,2.7,0,5.7,20072008
404,17,Kimmo Timonen,32,PHI,D,1,0.07,0.0,0.0,0.0,0.0,1.0,8,36,44,0,3.6,3.8,0,7.4,20072008
405,17,Shea Weber,22,NSH,D,1,0.07,0.0,0.0,0.0,0.0,1.0,6,14,20,-6,1.6,1.7,0,3.3,20072008
406,17,Sergei Zubov,37,DAL,D,1,0.07,0.0,0.0,0.0,0.0,1.0,4,31,35,6,2.9,3.1,0,6.0,20072008
407,1,Zdeno Chara,31,BOS,D,1034,77.74,68.0,36.0,18.0,4.0,0.0,19,31,50,23,4.8,5.7,0,10.5,20082009
408,2,Mike Green,23,WSH,D,982,73.83,50.0,53.0,19.0,4.0,4.0,31,42,73,24,9.0,4.9,0,13.9,20082009
409,3,Nicklas Lidstrom,38,DET,D,733,55.11,14.0,34.0,58.0,19.0,8.0,16,43,59,31,5.5,5.7,0,11.2,20082009
410,4,Shea Weber,23,NSH,D,186,13.98,0.0,4.0,11.0,25.0,28.0,23,30,53,1,5.6,4.9,0,10.5,20082009
411,5,Dan Boyle,32,SJS,D,173,13.01,0.0,2.0,4.0,38.0,25.0,16,41,57,6,5.2,5.3,0,10.6,20082009
412,6,Duncan Keith,25,CHI,D,95,7.14,0.0,2.0,4.0,14.0,19.0,8,36,44,33,3.1,6.3,0,9.4,20082009
413,6,Andrei Markov,30,MTL,D,95,7.14,0.0,1.0,9.0,10.0,13.0,12,52,64,-2,5.9,3.8,0,9.7,20082009
414,8,Mark Streit,31,NYI,D,29,2.18,0.0,0.0,1.0,5.0,9.0,16,40,56,5,5.3,4.8,0,10.1,20082009
415,9,Brian Rafalski,35,DET,D,27,2.03,1.0,0.0,0.0,4.0,5.0,10,49,59,17,5.0,4.4,0,9.4,20082009
416,9,Scott Niedermayer,35,ANA,D,27,2.03,0.0,0.0,3.0,2.0,6.0,14,45,59,-8,4.9,3.8,0,8.7,20082009
417,11,Dennis Wideman,25,BOS,D,24,1.8,0.0,0.0,2.0,3.0,5.0,13,37,50,32,4.3,6.1,0,10.5,20082009
418,12,Dion Phaneuf,23,CGY,D,17,1.28,0.0,0.0,2.0,2.0,1.0,11,36,47,-11,3.5,3.4,0,6.9,20082009
419,13,Sheldon Souray,32,EDM,D,16,1.2,0.0,1.0,1.0,1.0,1.0,23,30,53,1,5.5,3.9,0,9.4,20082009
420,14,Jay Bouwmeester,25,FLA,D,9,0.68,0.0,0.0,1.0,0.0,4.0,15,27,42,-2,3.4,4.3,0,7.7,20082009
421,15,Kimmo Timonen,33,PHI,D,8,0.6,0.0,0.0,0.0,1.0,5.0,3,40,43,19,2.8,4.8,0,7.6,20082009
422,16,Brian Campbell,29,CHI,D,3,0.23,0.0,0.0,0.0,1.0,0.0,7,45,52,5,3.9,3.9,0,7.8,20082009
423,1,Duncan Keith,26,CHI,D,1096,82.41,76.0,37.0,14.0,2.0,1.0,14,55,69,21,6.3,6.2,0,12.6,20092010
424,2,Mike Green,24,WSH,D,831,62.48,34.0,46.0,23.0,15.0,9.0,19,57,76,39,8.2,4.8,0,13.0,20092010
425,3,Drew Doughty,20,LAK,D,663,49.85,15.0,28.0,46.0,25.0,11.0,16,43,59,20,5.6,6.2,0,11.9,20092010
426,4,Nicklas Lidstrom,39,DET,D,303,22.78,4.0,9.0,16.0,28.0,36.0,9,40,49,22,3.8,6.9,0,10.7,20092010
427,5,Chris Pronger,35,PHI,D,168,12.63,2.0,3.0,9.0,22.0,16.0,10,45,55,22,4.6,6.8,0,11.4,20092010
428,6,Dan Boyle,33,SJS,D,116,8.72,1.0,2.0,5.0,15.0,22.0,15,43,58,6,5.6,4.3,0,9.9,20092010
429,7,Shea Weber,24,NSH,D,96,7.22,1.0,2.0,6.0,12.0,6.0,16,27,43,0,4.3,3.9,0,8.2,20092010
430,8,Zdeno Chara,32,BOS,D,88,6.62,0.0,3.0,7.0,6.0,14.0,7,37,44,19,3.1,7.2,0,10.2,20092010
431,9,Christian Ehrhoff,27,VAN,D,21,1.58,0.0,1.0,0.0,3.0,5.0,14,30,44,36,4.1,6.0,0,10.2,20092010
432,10,Mark Streit,32,NYI,D,15,1.13,0.0,1.0,1.0,1.0,0.0,11,38,49,0,4.0,4.1,0,8.1,20092010
433,11,Ryan Suter,25,NSH,D,13,0.98,0.0,0.0,2.0,1.0,0.0,4,33,37,4,2.2,4.6,0,6.8,20092010
434,12,Brian Rafalski,36,DET,D,12,0.9,0.0,0.0,2.0,0.0,2.0,8,34,42,23,3.2,6.5,0,9.7,20092010
435,13,Brent Seabrook,24,CHI,D,10,0.75,0.0,0.0,2.0,0.0,0.0,4,26,30,20,1.5,5.4,0,6.9,20092010
436,14,Sergei Gonchar,35,PIT,D,8,0.6,0.0,1.0,0.0,0.0,1.0,11,39,50,-4,4.8,2.6,0,7.4,20092010
437,15,Tyler Myers,19,BUF,D,6,0.45,0.0,0.0,0.0,0.0,6.0,11,37,48,13,4.0,5.8,0,9.8,20092010
438,16,Dion Phaneuf,24,TOT,D,3,0.23,0.0,0.0,0.0,1.0,0.0,12,20,32,1,2.5,4.6,0,7.0,20092010
439,16,Jeff Schultz,23,WSH,D,3,0.23,0.0,0.0,0.0,1.0,0.0,3,20,23,50,1.1,5.3,0,6.4,20092010
440,18,Ed Jovanovski,33,PHX,D,1,0.08,0.0,0.0,0.0,0.0,1.0,10,24,34,-12,3.1,2.4,0,5.5,20092010
441,18,Chris Phillips,31,OTT,D,1,0.08,0.0,0.0,0.0,0.0,1.0,8,16,24,8,1.3,4.9,0,6.2,20092010
442,18,Anton Volchenkov,27,OTT,D,1,0.08,0.0,0.0,0.0,0.0,1.0,4,10,14,2,0.4,3.2,0,3.6,20092010
443,1,Nicklas Lidstrom,40,DET,D,736,57.95,35.0,23.0,34.0,15.0,10.0,16,46,62,-2,6.2,3.3,0,9.5,20102011
444,2,Shea Weber,25,NSH,D,727,57.24,32.0,41.0,14.0,14.0,8.0,16,32,48,7,4.6,5.5,0,10.1,20102011
445,3,Zdeno Chara,33,BOS,D,688,54.17,33.0,24.0,24.0,20.0,10.0,14,30,44,33,4.0,6.0,0,10.0,20102011
446,4,Lubomir Visnovsky,34,ANA,D,573,45.12,20.0,20.0,26.0,28.0,19.0,18,50,68,18,7.0,5.8,0,12.8,20102011
447,5,Keith Yandle,24,PHX,D,312,24.57,5.0,10.0,17.0,25.0,32.0,11,48,59,12,5.4,4.5,0,9.9,20102011
448,6,Kris Letang,23,PIT,D,144,11.34,2.0,3.0,9.0,12.0,22.0,8,42,50,15,4.1,5.7,0,9.8,20102011
449,7,Dustin Byfuglien,25,ATL,D,33,2.6,0.0,2.0,1.0,3.0,5.0,20,33,53,-2,6.0,3.6,0,9.6,20102011
450,8,Christian Ehrhoff,28,VAN,D,28,2.2,0.0,0.0,1.0,6.0,5.0,14,36,50,19,4.8,5.6,0,10.4,20102011
451,9,Duncan Keith,27,CHI,D,24,1.89,0.0,1.0,1.0,3.0,3.0,7,38,45,-1,3.1,4.1,0,7.2,20102011
452,10,Drew Doughty,21,LAK,D,8,0.63,0.0,1.0,0.0,0.0,1.0,11,29,40,13,3.3,6.3,0,9.6,20102011
453,10,Chris Pronger,36,PHI,D,8,0.63,0.0,1.0,0.0,0.0,1.0,4,21,25,7,1.9,2.3,0,4.2,20102011
454,10,Matt Carle,26,PHI,D,8,0.63,0.0,1.0,0.0,0.0,1.0,1,39,40,30,2.5,5.2,0,7.7,20102011
455,12,Toni Lydman,33,ANA,D,3,0.24,0.0,0.0,0.0,1.0,0.0,3,22,25,32,1.0,6.4,0,7.4,20102011
456,12,Dan Boyle,34,SJS,D,3,0.24,0.0,0.0,0.0,0.0,3.0,9,41,50,2,4.1,4.2,0,8.3,20102011
457,15,Ryan Suter,26,NSH,D,2,0.16,0.0,0.0,0.0,0.0,2.0,4,35,39,20,2.7,5.8,0,8.5,20102011
458,16,Brian Campbell,31,CHI,D,1,0.08,0.0,0.0,0.0,0.0,1.0,5,22,27,28,1.8,5.2,0,6.9,20102011
459,16,Dan Hamhuis,28,VAN,D,1,0.08,0.0,0.0,0.0,0.0,1.0,6,17,23,29,1.5,5.5,0,7.0,20102011
460,16,Andrej Meszaros,25,PHI,D,1,0.08,0.0,0.0,0.0,0.0,1.0,8,24,32,30,2.5,5.1,0,7.5,20102011
461,16,Tyler Myers,20,BUF,D,1,0.08,0.0,0.0,0.0,0.0,1.0,10,27,37,0,3.1,3.4,0,6.5,20102011
462,16,Marc Staal,24,NYR,D,1,0.08,0.0,0.0,0.0,0.0,1.0,7,22,29,8,1.7,5.3,0,6.9,20102011
463,1,Erik Karlsson,21,OTT,D,1069,71.74,66.0,31.0,32.0,9.0,5.0,19,59,78,16,8.6,4.5,0,13.1,20112012
464,2,Shea Weber,26,NSH,D,1057,70.94,49.0,54.0,32.0,9.0,2.0,19,30,49,21,5.2,6.2,0,11.4,20112012
465,3,Zdeno Chara,34,BOS,D,950,63.76,32.0,48.0,47.0,19.0,2.0,12,40,52,33,5.1,5.9,0,10.9,20112012
466,4,Alex Pietrangelo,22,STL,D,381,25.57,0.0,7.0,20.0,68.0,28.0,12,39,51,16,4.8,6.4,0,11.2,20112012
467,5,Nicklas Lidstrom,41,DET,D,132,8.86,0.0,5.0,4.0,16.0,29.0,11,23,34,21,3.0,4.9,0,7.9,20112012
468,6,Dan Girardi,27,NYR,D,70,4.7,2.0,0.0,4.0,6.0,12.0,5,24,29,13,1.3,6.0,0,7.2,20112012
469,7,Brian Campbell,32,FLA,D,58,3.89,0.0,2.0,2.0,6.0,16.0,4,49,53,-9,3.8,4.6,0,8.4,20112012
470,8,Ryan Suter,27,NSH,D,57,3.83,0.0,1.0,3.0,5.0,20.0,7,39,46,15,3.5,5.8,0,9.2,20112012
471,9,Kris Letang,24,PIT,D,40,2.68,0.0,0.0,4.0,3.0,11.0,10,32,42,21,4.4,3.8,0,8.1,20112012
472,10,Dan Hamhuis,29,VAN,D,21,1.41,0.0,1.0,0.0,3.0,5.0,4,33,37,29,2.3,6.3,0,8.6,20112012
473,11,Ryan McDonagh,22,NYR,D,13,0.87,0.0,0.0,1.0,2.0,2.0,7,25,32,25,2.0,6.7,0,8.7,20112012
474,12,Michael Del Zotto,21,NYR,D,5,0.34,0.0,0.0,0.0,1.0,2.0,10,31,41,20,3.7,5.6,0,9.3,20112012
475,13,Duncan Keith,28,CHI,D,4,0.27,0.0,0.0,0.0,1.0,1.0,4,36,40,15,2.6,4.5,0,7.1,20112012
476,13,Keith Yandle,25,PHX,D,4,0.27,0.0,0.0,0.0,1.0,1.0,11,32,43,5,3.9,4.3,0,8.1,20112012
477,13,Dustin Byfuglien,26,WPG,D,4,0.27,0.0,0.0,0.0,0.0,4.0,12,41,53,-8,5.5,2.2,0,7.6,20112012
478,13,Alexander Edler,25,VAN,D,4,0.27,0.0,0.0,0.0,0.0,4.0,11,38,49,0,4.4,3.9,0,8.3,20112012
479,17,Dan Boyle,35,SJS,D,2,0.13,0.0,0.0,0.0,0.0,2.0,9,39,48,10,3.9,5.5,0,9.4,20112012
480,18,Kevin Bieksa,30,VAN,D,1,0.07,0.0,0.0,0.0,0.0,1.0,8,36,44,12,3.6,4.7,0,8.3,20112012
481,18,Willie Mitchell,34,LAK,D,1,0.07,0.0,0.0,0.0,0.0,1.0,5,19,24,20,1.3,6.6,0,7.9,20112012
482,18,Kevin Shattenkirk,23,STL,D,1,0.07,0.0,0.0,0.0,0.0,1.0,9,34,43,20,3.9,6.1,0,10.0,20112012
483,1,P.K. Subban,23,MTL,D,1266,71.12,66.0,56.0,35.0,12.0,3.0,11,27,38,12,4.3,2.9,0,7.1,20122013
484,2,Ryan Suter,28,MIN,D,1230,69.1,65.0,54.0,34.0,8.0,8.0,4,28,32,2,2.4,3.6,0,6.0,20122013
485,3,Kris Letang,25,PIT,D,914,51.35,31.0,37.0,42.0,39.0,18.0,5,33,38,16,3.7,2.6,0,6.3,20122013
486,4,Francois Beauchemin,32,ANA,D,290,16.29,1.0,6.0,20.0,33.0,39.0,6,18,24,19,2.0,3.8,0,5.8,20122013
487,5,Zdeno Chara,35,BOS,D,289,16.24,10.0,9.0,16.0,8.0,22.0,7,12,19,14,1.5,3.7,0,5.2,20122013
488,6,Duncan Keith,29,CHI,D,281,15.79,1.0,8.0,16.0,36.0,27.0,3,24,27,16,2.1,3.4,0,5.5,20122013
489,7,Oliver Ekman-Larsson,21,PHX,D,79,4.44,3.0,1.0,2.0,8.0,8.0,3,21,24,5,1.6,2.8,0,4.3,20122013
490,8,Shea Weber,27,NSH,D,49,2.75,0.0,1.0,4.0,5.0,7.0,9,19,28,-2,2.6,2.7,0,5.3,20122013
491,9,Drew Doughty,23,LAK,D,43,2.42,0.0,1.0,2.0,7.0,5.0,6,16,22,4,1.6,3.3,0,4.9,20122013
492,10,Niklas Kronwall,32,DET,D,33,1.85,0.0,2.0,1.0,3.0,5.0,5,24,29,-5,2.4,2.4,0,4.8,20122013
493,11,Dion Phaneuf,27,TOR,D,28,1.57,0.0,1.0,1.0,4.0,4.0,9,19,28,-4,2.7,1.9,0,4.6,20122013
494,12,Keith Yandle,26,PHX,D,27,1.52,0.0,0.0,0.0,6.0,9.0,10,20,30,4,3.2,2.4,0,5.6,20122013
495,13,Andrei Markov,34,MTL,D,23,1.29,1.0,0.0,1.0,1.0,5.0,10,20,30,-9,3.0,1.4,0,4.5,20122013
496,14,Alex Pietrangelo,23,STL,D,23,1.29,0.0,2.0,0.0,2.0,3.0,5,19,24,0,1.8,3.1,0,4.9,20122013
497,15,Dustin Byfuglien,27,WPG,D,13,0.73,0.0,0.0,1.0,2.0,2.0,8,20,28,-1,2.8,1.9,0,4.7,20122013
498,16,Dan Hamhuis,30,VAN,D,9,0.51,0.0,0.0,1.0,1.0,1.0,4,20,24,9,1.9,3.2,0,5.0,20122013
499,17,Mike Green,27,WSH,D,6,0.34,0.0,0.0,0.0,1.0,3.0,12,14,26,-3,3.2,1.3,0,4.5,20122013
500,18,Erik Karlsson,22,OTT,D,5,0.28,0.0,0.0,1.0,0.0,0.0,6,8,14,8,1.7,1.9,0,3.6,20122013
501,18,Brooks Orpik,32,PIT,D,5,0.28,0.0,0.0,1.0,0.0,0.0,0,8,8,17,-0.3,2.9,0,2.5,20122013
502,20,Kimmo Timonen,37,PHI,D,5,0.28,0.0,0.0,0.0,1.0,2.0,5,24,29,3,2.7,2.6,0,5.2,20122013
503,21,Dennis Seidenberg,31,BOS,D,4,0.22,0.0,0.0,0.0,1.0,1.0,4,13,17,18,1.0,3.8,0,4.9,20122013
504,22,Dan Girardi,28,NYR,D,2,0.11,0.0,0.0,0.0,0.0,2.0,2,12,14,-1,0.4,2.3,0,2.7,20122013
505,23,Paul Martin,31,PIT,D,1,0.06,0.0,0.0,0.0,0.0,1.0,6,17,23,14,2.2,2.4,0,4.6,20122013
506,23,Sheldon Souray,36,ANA,D,1,0.06,0.0,0.0,0.0,0.0,1.0,7,10,17,19,1.6,3.4,0,4.9,20122013
507,23,Lubomir Visnovsky,36,NYI,D,1,0.06,0.0,0.0,0.0,0.0,1.0,3,11,14,12,0.9,2.6,0,3.6,20122013
508,1,Duncan Keith,30,CHI,D,1033,75.4,68.0,35.0,17.0,7.0,2.0,6,55,61,22,5.1,4.9,0,10.0,20132014
509,2,Zdeno Chara,36,BOS,D,667,48.69,21.0,39.0,22.0,19.0,17.0,17,23,40,25,4.1,5.2,0,9.2,20132014
510,3,Shea Weber,28,NSH,D,638,46.57,26.0,23.0,29.0,19.0,15.0,23,33,56,-2,6.2,4.5,0,10.8,20132014
511,4,Ryan Suter,29,MIN,D,351,25.62,9.0,12.0,20.0,22.0,11.0,8,35,43,15,2.6,6.9,0,9.5,20132014
512,5,Alex Pietrangelo,24,STL,D,304,22.19,3.0,13.0,18.0,25.0,18.0,8,43,51,20,4.0,6.3,0,10.4,20132014
513,6,Drew Doughty,24,LAK,D,284,20.73,8.0,6.0,17.0,18.0,23.0,10,27,37,17,2.8,6.6,0,9.4,20132014
514,7,Erik Karlsson,23,OTT,D,70,5.11,0.0,5.0,3.0,4.0,8.0,20,54,74,-15,8.0,2.3,0,10.3,20132014
515,8,Ryan McDonagh,24,NYR,D,53,3.87,0.0,1.0,4.0,5.0,11.0,14,29,43,11,4.1,5.7,0,9.8,20132014
516,9,Victor Hedman,23,TBL,D,42,3.07,1.0,1.0,0.0,5.0,10.0,13,42,55,5,5.5,3.5,0,9.0,20132014
517,10,Mark Giordano,30,CGY,D,36,2.63,1.0,0.0,2.0,3.0,7.0,14,33,47,12,4.8,5.0,0,9.8,20132014
518,11,Matt Niskanen,27,PIT,D,36,2.63,0.0,1.0,2.0,5.0,4.0,10,36,46,33,4.1,7.0,0,11.1,20132014
519,12,Marc-Edouard Vlasic,26,SJS,D,21,1.53,0.0,1.0,0.0,3.0,5.0,5,19,24,31,1.1,6.1,0,7.3,20132014
520,13,Niklas Kronwall,33,DET,D,10,0.73,0.0,0.0,1.0,1.0,2.0,8,41,49,0,4.1,4.0,0,8.1,20132014
521,14,Oliver Ekman-Larsson,22,PHX,D,6,0.44,0.0,0.0,1.0,0.0,1.0,15,29,44,-4,4.0,4.3,0,8.3,20132014
522,14,P.K. Subban,24,MTL,D,6,0.44,0.0,0.0,1.0,0.0,1.0,10,43,53,-4,4.7,4.6,0,9.3,20132014
523,16,Andrei Markov,35,MTL,D,3,0.22,0.0,0.0,0.0,1.0,0.0,7,36,43,12,3.2,6.0,0,9.2,20132014
524,17,Jay Bouwmeester,30,STL,D,1,0.07,0.0,0.0,0.0,0.0,1.0,4,33,37,26,2.1,6.7,0,8.8,20132014
525,17,Brent Seabrook,28,CHI,D,1,0.07,0.0,0.0,0.0,0.0,1.0,7,34,41,23,3.1,4.8,0,7.9,20132014
526,1,Erik Karlsson,24,OTT,D,964,61.4,44.0,42.0,33.0,19.0,8.0,21,45,66,7,7.2,4.7,0,11.9,20142015
527,2,Drew Doughty,25,LAK,D,889,56.62,53.0,30.0,20.0,13.0,10.0,7,39,46,3,3.0,5.6,0,8.6,20142015
528,3,P.K. Subban,25,MTL,D,801,51.02,24.0,36.0,38.0,37.0,8.0,15,45,60,21,5.8,6.6,0,12.4,20142015
529,4,Shea Weber,29,NSH,D,614,39.11,26.0,19.0,28.0,20.0,21.0,15,30,45,15,4.2,5.4,0,9.6,20142015
530,5,Roman Josi,24,NSH,D,222,14.14,3.0,9.0,11.0,17.0,23.0,15,40,55,15,5.3,5.6,0,10.8,20142015
531,6,Mark Giordano,31,CGY,D,177,11.27,1.0,6.0,11.0,15.0,25.0,11,37,48,13,4.6,4.4,0,9.0,20142015
532,7,Duncan Keith,31,CHI,D,134,8.54,1.0,7.0,4.0,12.0,19.0,10,35,45,12,3.6,5.7,0,9.3,20142015
533,8,Kris Letang,27,PIT,D,80,5.1,1.0,2.0,6.0,6.0,8.0,11,43,54,12,5.1,5.0,0,10.1,20142015
534,9,Ryan Suter,30,MIN,D,43,2.74,2.0,0.0,0.0,4.0,11.0,2,36,38,7,1.8,5.6,0,7.4,20142015
535,10,John Carlson,25,WSH,D,31,1.97,0.0,1.0,1.0,6.0,1.0,12,43,55,11,5.1,4.8,0,10.0,20142015
536,11,Ryan McDonagh,25,NYR,D,27,1.72,0.0,3.0,0.0,2.0,0.0,8,25,33,23,2.7,4.7,0,7.3,20142015
537,12,Dustin Byfuglien,29,WPG,D,21,1.34,1.0,0.0,1.0,1.0,3.0,18,27,45,5,5.3,3.5,0,8.8,20142015
538,13,Anton Stralman,28,TBL,D,19,1.21,0.0,1.0,1.0,1.0,4.0,9,30,39,22,3.2,4.9,0,8.0,20142015
539,14,Niklas Kronwall,34,DET,D,10,0.64,1.0,0.0,0.0,0.0,0.0,9,35,44,-4,3.6,3.6,0,7.2,20142015
540,15,Kevin Shattenkirk,26,STL,D,10,0.64,0.0,0.0,1.0,1.0,2.0,8,36,44,19,4.2,4.3,0,8.5,20142015
541,16,Nick Leddy,23,NYI,D,9,0.57,0.0,1.0,0.0,0.0,2.0,10,27,37,18,3.4,4.3,0,7.7,20142015
542,17,Oliver Ekman-Larsson,23,ARI,D,9,0.57,0.0,0.0,0.0,2.0,3.0,23,20,43,-18,4.8,4.0,0,8.8,20142015
543,18,T.J. Brodie,24,CGY,D,5,0.32,0.0,0.0,1.0,0.0,0.0,11,30,41,15,3.2,5.6,0,8.8,20142015
544,18,Jonas Brodin,21,MIN,D,5,0.32,0.0,0.0,1.0,0.0,0.0,3,14,17,21,0.1,5.7,0,5.8,20142015
545,20,Dennis Wideman,31,CGY,D,4,0.25,0.0,0.0,0.0,0.0,4.0,15,41,56,6,5.4,4.7,0,10.1,20142015
546,21,Brent Burns,29,SJS,D,3,0.19,0.0,0.0,0.0,1.0,0.0,17,43,60,-9,6.1,3.4,0,9.5,20142015
547,22,Brian Campbell,35,FLA,D,1,0.06,0.0,0.0,0.0,0.0,1.0,3,24,27,4,1.0,4.6,0,5.6,20142015
548,22,Aaron Ekblad,18,FLA,D,1,0.06,0.0,0.0,0.0,0.0,1.0,12,27,39,12,3.5,5.0,0,8.5,20142015
549,22,Justin Faulk,22,CAR,D,1,0.06,0.0,0.0,0.0,0.0,1.0,15,34,49,-19,4.6,4.5,0,9.1,20142015
550,22,Andrei Markov,36,MTL,D,1,0.06,0.0,0.0,0.0,0.0,1.0,10,40,50,22,4.3,6.4,0,10.7,20142015
551,22,Alex Pietrangelo,25,STL,D,1,0.06,0.0,0.0,0.0,0.0,1.0,7,39,46,-2,3.3,4.2,0,7.5,20142015
552,1,Drew Doughty,26,LAK,D,1254,83.6,93.0,37.0,10.0,4.0,3.0,14,37,51,24,4.5,7.1,0,11.6,20152016
553,2,Erik Karlsson,25,OTT,D,1020,68.0,46.0,54.0,27.0,14.0,5.0,16,66,82,-2,8.4,3.2,0,11.7,20152016
554,3,Brent Burns,30,SJS,D,619,41.27,3.0,26.0,54.0,43.0,8.0,27,48,75,-5,8.8,4.1,0,12.9,20152016
555,4,Kris Letang,28,PIT,D,587,39.13,8.0,24.0,40.0,40.0,19.0,16,51,67,9,7.0,4.3,0,11.3,20152016
556,5,Roman Josi,25,NSH,D,120,8.0,0.0,1.0,6.0,17.0,32.0,14,47,61,-3,6.0,4.4,0,10.4,20152016
557,6,John Klingberg,23,DAL,D,63,4.2,0.0,2.0,2.0,6.0,21.0,10,48,58,22,5.6,4.6,0,10.2,20152016
558,7,Victor Hedman,25,TBL,D,62,4.13,0.0,2.0,3.0,6.0,15.0,10,37,47,21,4.3,5.8,0,10.1,20152016
559,8,Ryan Suter,31,MIN,D,53,3.53,0.0,1.0,3.0,7.0,10.0,8,43,51,10,3.8,6.3,0,10.0,20152016
560,9,Oliver Ekman-Larsson,24,ARI,D,30,2.0,0.0,0.0,2.0,2.0,14.0,21,34,55,-6,6.3,3.2,0,9.5,20152016
561,10,Shea Weber,30,NSH,D,27,1.8,0.0,1.0,1.0,4.0,3.0,20,31,51,-7,5.6,3.9,0,9.5,20152016
562,11,Duncan Keith,32,CHI,D,21,1.4,0.0,1.0,1.0,1.0,6.0,9,34,43,13,3.7,4.7,0,8.4,20152016
563,12,Dustin Byfuglien,30,WPG,D,8,0.53,0.0,0.0,0.0,1.0,5.0,19,34,53,4,5.6,4.1,0,9.7,20152016
564,13,Mark Giordano,32,CGY,D,7,0.47,0.0,1.0,0.0,0.0,0.0,21,35,56,-5,5.9,3.2,0,9.2,20152016
565,14,P.K. Subban,26,MTL,D,6,0.4,0.0,0.0,0.0,2.0,0.0,6,45,51,4,4.1,4.2,0,8.3,20152016
566,15,Ryan McDonagh,26,NYR,D,5,0.33,0.0,0.0,1.0,0.0,0.0,9,25,34,26,2.9,5.0,0,7.8,20152016
567,16,Aaron Ekblad,19,FLA,D,4,0.27,0.0,0.0,0.0,0.0,4.0,15,21,36,18,3.7,4.5,0,8.2,20152016
568,17,Brian Campbell,36,FLA,D,3,0.2,0.0,0.0,0.0,1.0,0.0,6,25,31,31,1.9,5.8,0,7.8,20152016
569,17,Shayne Gostisbehere,22,PHI,D,3,0.2,0.0,0.0,0.0,1.0,0.0,17,29,46,8,5.4,3.5,0,8.9,20152016
570,17,Hampus Lindholm,22,ANA,D,3,0.2,0.0,0.0,0.0,1.0,0.0,10,18,28,7,2.1,5.2,0,7.3,20152016
571,20,Francois Beauchemin,35,COL,D,1,0.07,0.0,0.0,0.0,0.0,1.0,8,26,34,-7,2.1,3.9,0,6.0,20152016
572,20,Jake Muzzin,26,LAK,D,1,0.07,0.0,0.0,0.0,0.0,1.0,8,32,40,7,3.0,4.8,0,7.8,20152016
573,20,Brent Seabrook,30,CHI,D,1,0.07,0.0,0.0,0.0,0.0,1.0,14,35,49,6,4.8,4.4,0,9.2,20152016
574,20,Anton Stralman,29,TBL,D,1,0.07,0.0,0.0,0.0,0.0,1.0,9,25,34,16,2.9,4.9,0,7.9,20152016
575,20,Marc-Edouard Vlasic,28,SJS,D,1,0.07,0.0,0.0,0.0,0.0,1.0,8,31,39,15,3.3,4.6,0,7.9,20152016
576,1,Brent Burns,31,SJS,D,1437,86.05,96.0,61.0,10.0,0.0,0.0,29,47,76,19,8.9,6.4,0,15.3,20162017
577,2,Erik Karlsson,26,OTT,D,1292,77.37,63.0,86.0,9.0,4.0,3.0,17,54,71,10,7.2,5.7,0,12.9,20162017
578,3,Victor Hedman,26,TBL,D,728,43.59,3.0,13.0,106.0,21.0,14.0,16,56,72,3,7.3,4.7,0,12.0,20162017
579,4,Duncan Keith,33,CHI,D,384,22.99,2.0,4.0,19.0,70.0,31.0,6,47,53,22,4.0,5.5,0,9.5,20162017
580,5,Ryan Suter,32,MIN,D,175,10.48,2.0,1.0,9.0,25.0,28.0,9,31,40,34,2.7,6.6,0,9.3,20162017
581,6,Shea Weber,31,MTL,D,100,5.99,1.0,0.0,6.0,11.0,27.0,17,25,42,20,4.1,6.0,0,10.1,20162017
582,7,Drew Doughty,27,LAK,D,51,3.05,0.0,0.0,1.0,10.0,16.0,12,32,44,8,3.4,7.2,0,10.5,20162017
583,8,Mark Giordano,33,CGY,D,41,2.46,0.0,0.0,1.0,11.0,3.0,12,27,39,22,3.1,6.3,0,9.4,20162017
584,9,Dougie Hamilton,23,CGY,D,23,1.38,0.0,0.0,0.0,6.0,5.0,13,37,50,12,4.8,4.7,0,9.5,20162017
585,10,Justin Schultz,26,PIT,D,22,1.32,0.0,0.0,2.0,2.0,6.0,12,39,51,27,5.0,4.2,0,9.2,20162017
586,11,Roman Josi,26,NSH,D,19,1.14,0.0,1.0,0.0,2.0,6.0,12,37,49,7,4.6,4.1,0,8.7,20162017
587,12,Dustin Byfuglien,31,WPG,D,15,0.9,0.0,0.0,2.0,1.0,2.0,13,39,52,10,4.5,4.0,0,8.5,20162017
588,13,Jared Spurgeon,27,MIN,D,14,0.84,0.0,0.0,2.0,1.0,1.0,10,28,38,33,3.0,5.9,0,8.9,20162017
589,14,Kevin Shattenkirk,28,TOT,D,9,0.54,0.0,0.0,0.0,1.0,6.0,13,43,56,-7,5.6,2.8,0,8.5,20162017
590,15,Torey Krug,25,BOS,D,7,0.42,0.0,1.0,0.0,0.0,0.0,8,43,51,-10,4.6,3.3,0,7.9,20162017
591,16,Alex Pietrangelo,27,STL,D,7,0.42,0.0,0.0,0.0,1.0,4.0,14,34,48,3,4.4,4.8,0,9.2,20162017
592,17,Ryan McDonagh,27,NYR,D,5,0.3,0.0,0.0,0.0,1.0,2.0,6,36,42,20,3.0,4.8,0,7.8,20162017
593,18,Seth Jones,22,CBJ,D,4,0.24,0.0,0.0,0.0,0.0,4.0,12,30,42,6,3.9,3.9,0,7.8,20162017
594,18,Zach Werenski,19,CBJ,D,4,0.24,0.0,0.0,0.0,0.0,4.0,11,36,47,17,4.5,4.5,0,9.1,20162017
595,20,Jaccob Slavin,22,CAR,D,2,0.12,0.0,0.0,0.0,0.0,2.0,5,29,34,23,1.9,6.7,0,8.6,20162017
596,21,Cam Fowler,25,ANA,D,1,0.06,0.0,0.0,0.0,0.0,1.0,11,28,39,7,3.1,5.2,0,8.3,20162017
597,21,Dmitry Orlov,25,WSH,D,1,0.06,0.0,0.0,0.0,0.0,1.0,6,27,33,30,2.3,5.4,0,7.7,20162017
598,21,Marc-Edouard Vlasic,29,SJS,D,1,0.06,0.0,0.0,0.0,0.0,1.0,6,22,28,4,1.7,4.1,0,5.8,20162017
599,1,Victor Hedman,27,TBL,D,1385,84.45,94.0,57.0,6.0,5.0,1.0,17,46,63,32,5.7,5.2,0,11.0,20172018
600,2,Drew Doughty,28,LAK,D,1164,70.98,52.0,68.0,28.0,8.0,4.0,10,50,60,23,4.4,7.3,0,11.7,20172018
601,3,P.K. Subban,28,NSH,D,565,34.45,11.0,14.0,50.0,30.0,17.0,16,43,59,18,5.4,5.1,0,10.5,20172018
602,4,Seth Jones,23,CBJ,D,406,24.76,2.0,9.0,38.0,33.0,34.0,16,41,57,10,5.2,4.7,0,9.9,20172018
603,5,John Carlson,28,WSH,D,311,18.96,3.0,6.0,19.0,38.0,30.0,15,53,68,0,6.0,3.9,0,9.8,20172018
604,6,John Klingberg,25,DAL,D,160,9.76,1.0,7.0,4.0,18.0,27.0,8,59,67,10,5.4,5.1,0,10.5,20172018
605,7,Roman Josi,27,NSH,D,86,5.24,0.0,0.0,6.0,12.0,20.0,14,39,53,24,4.7,5.3,0,10.0,20172018
606,8,Brent Burns,32,SJS,D/RW,48,2.93,1.0,1.0,3.0,3.0,7.0,12,55,67,-16,5.4,3.7,0,9.1,20172018
607,9,Alex Pietrangelo,28,STL,D,35,2.13,0.0,0.0,3.0,4.0,8.0,15,39,54,8,4.5,5.3,0,9.8,20172018
608,10,Shayne Gostisbehere,24,PHI,D,31,1.89,0.0,0.0,4.0,2.0,5.0,13,52,65,10,5.8,4.1,0,9.8,20172018
609,11,Marc-Edouard Vlasic,30,SJS,D,19,1.16,0.0,0.0,0.0,6.0,1.0,11,21,32,9,2.1,5.1,0,7.2,20172018
610,12,Erik Karlsson,27,OTT,D,15,0.91,0.0,1.0,0.0,2.0,2.0,9,53,62,-25,4.9,2.3,0,7.2,20172018
611,13,Ryan Suter,33,MIN,D,11,0.67,0.0,0.0,1.0,1.0,3.0,6,45,51,-1,3.2,4.2,0,7.4,20172018
612,14,Dougie Hamilton,24,CGY,D,9,0.55,0.0,1.0,0.0,0.0,2.0,17,27,44,1,4.0,4.5,0,8.5,20172018
613,15,Zdeno Chara,40,BOS,D,8,0.49,0.0,0.0,1.0,1.0,0.0,7,17,24,22,1.1,5.2,0,6.3,20172018
614,16,Mark Giordano,34,CGY,D,6,0.37,0.0,0.0,1.0,0.0,1.0,13,25,38,0,2.7,5.0,0,7.7,20172018
615,17,Josh Manson,26,ANA,D,4,0.24,0.0,0.0,0.0,1.0,1.0,7,30,37,34,2.5,6.1,0,8.6,20172018
616,18,Jaccob Slavin,23,CAR,D,1,0.06,0.0,0.0,0.0,0.0,1.0,8,22,30,1,1.6,4.6,0,6.2,20172018
617,1,Mark Giordano,35,CGY,D,1690,98.83,165.0,5.0,1.0,0.0,0.0,17,57,74,39,6.7,5.9,0,12.6,20182019
618,2,Brent Burns,33,SJS,D/RW,720,42.11,2.0,54.0,44.0,27.0,21.0,16,67,83,13,7.3,4.7,0,12.0,20182019
619,3,Victor Hedman,28,TBL,D,585,34.21,1.0,44.0,33.0,28.0,18.0,12,42,54,24,4.7,4.3,0,8.9,20182019
620,4,John Carlson,29,WSH,D,551,32.22,3.0,34.0,26.0,41.0,30.0,13,57,70,21,5.8,4.7,0,10.5,20182019
621,5,Morgan Rielly,24,TOR,D,515,30.12,0.0,28.0,33.0,37.0,43.0,20,52,72,24,7.0,4.7,0,11.7,20182019
622,6,Kris Letang,31,PIT,D,145,8.48,0.0,3.0,14.0,11.0,21.0,16,40,56,13,5.2,3.8,0,9.0,20182019
623,7,Roman Josi,28,NSH,D,82,4.8,0.0,2.0,2.0,13.0,19.0,15,41,56,9,4.7,5.2,0,9.9,20182019
624,8,Ryan McDonagh,29,TBL,D,70,4.09,0.0,0.0,9.0,7.0,4.0,9,37,46,38,3.3,5.7,0,8.9,20182019
625,9,Seth Jones,24,CBJ,D,40,2.34,0.0,1.0,5.0,1.0,5.0,9,37,46,1,3.3,4.2,0,7.5,20182019
626,10,Mattias Ekholm,28,NSH,D,14,0.82,0.0,0.0,1.0,3.0,0.0,8,36,44,27,3.0,6.1,0,9.2,20182019
627,11,Jake Muzzin,29,TOT,D,5,0.29,0.0,0.0,1.0,0.0,0.0,9,28,37,21,2.6,5.3,0,7.8,20182019
628,11,Jared Spurgeon,29,MIN,D,5,0.29,0.0,0.0,1.0,0.0,0.0,14,29,43,-1,3.3,5.5,0,8.8,20182019
629,11,Oliver Ekman-Larsson,27,ARI,D,5,0.29,0.0,0.0,1.0,0.0,0.0,14,30,44,-16,3.7,4.2,0,7.9,20182019
630,14,Dougie Hamilton,25,CAR,D,4,0.23,0.0,0.0,0.0,1.0,1.0,18,21,39,0,3.8,3.7,0,7.6,20182019
631,15,Erik Karlsson,28,SJS,D,4,0.23,0.0,0.0,0.0,0.0,4.0,3,42,45,6,3.2,2.8,0,6.0,20182019
632,16,Zdeno Chara,41,BOS,D,3,0.18,0.0,0.0,0.0,1.0,0.0,5,9,14,22,0.3,4.5,0,4.8,20182019
633,16,Jaccob Slavin,24,CAR,D,3,0.18,0.0,0.0,0.0,1.0,0.0,8,23,31,0,1.7,4.3,0,6.0,20182019
634,18,Thomas Chabot,22,OTT,D,1,0.06,0.0,0.0,0.0,0.0,1.0,14,41,55,-12,4.8,2.7,0,7.5,20182019
635,18,Esa Lindell,24,DAL,D,1,0.06,0.0,0.0,0.0,0.0,1.0,11,21,32,14,1.9,6.7,0,8.6,20182019
636,18,Brett Pesce,24,CAR,D,1,0.06,0.0,0.0,0.0,0.0,1.0,7,22,29,35,1.8,6.1,0,7.9,20182019
637,18,Jeff Petry,31,MTL,D,1,0.06,0.0,0.0,0.0,0.0,1.0,13,33,46,-5,3.6,3.2,0,6.8,20182019
638,18,Ryan Suter,34,MIN,D,1,0.06,0.0,0.0,0.0,0.0,1.0,7,40,47,-8,2.7,5.5,0,8.3,20182019
639,1,Roman Josi,29,NSH,D,1499,88.18,109.0,52.0,9.0,0.0,0.0,16,49,65,22,6.1,4.8,0,10.9,20192020
640,2,John Carlson,30,WSH,D,1267,74.53,56.0,83.0,23.0,2.0,5.0,15,60,75,12,7.2,3.5,0,10.7,20192020
641,3,Victor Hedman,29,TBL,D,820,48.24,4.0,25.0,104.0,27.0,4.0,11,44,55,27,4.7,4.8,0,9.5,20192020
642,4,Alex Pietrangelo,30,STL,D,527,31.0,1.0,9.0,24.0,104.0,22.0,16,36,52,11,4.8,4.3,0,9.1,20192020
643,5,Jaccob Slavin,25,CAR,D,138,8.12,0.0,1.0,5.0,15.0,61.0,6,30,36,30,2.2,5.7,0,7.9,20192020
644,6,Shea Theodore,24,VEG,D,39,2.29,0.0,0.0,1.0,7.0,13.0,13,33,46,12,4.2,3.9,0,8.1,20192020
645,7,Dougie Hamilton,26,CAR,D,35,2.06,0.0,0.0,2.0,5.0,10.0,14,26,40,30,4.0,4.6,0,8.6,20192020
646,8,Zach Werenski,22,CBJ,D,23,1.35,0.0,0.0,0.0,5.0,8.0,20,21,41,9,4.4,4.8,0,9.1,20192020
647,9,Cale Makar,21,COL,D,23,1.35,0.0,0.0,0.0,2.0,17.0,12,38,50,12,4.8,2.9,0,7.7,20192020
648,10,Charlie McAvoy,22,BOS,D,14,0.82,0.0,0.0,1.0,1.0,6.0,5,27,32,24,1.8,5.1,0,6.9,20192020
649,11,Esa Lindell,25,DAL,D,5,0.29,0.0,0.0,1.0,0.0,0.0,3,20,23,5,0.6,4.7,0,5.4,20192020
650,12,Anthony DeAngelo,24,NYR,D,5,0.29,0.0,0.0,0.0,1.0,2.0,15,38,53,12,5.2,3.2,0,8.4,20192020
651,12,Miro Heiskanen,20,DAL,D,5,0.29,0.0,0.0,0.0,1.0,2.0,8,27,35,14,2.4,5.4,0,7.8,20192020
652,14,Seth Jones,25,CBJ,D,5,0.29,0.0,0.0,0.0,0.0,5.0,6,24,30,10,1.9,4.6,0,6.5,20192020
653,15,Quinn Hughes,20,VAN,D,3,0.18,0.0,0.0,0.0,0.0,3.0,8,45,53,-10,4.2,2.3,0,6.5,20192020
654,15,Shea Weber,34,MTL,D,3,0.18,0.0,0.0,0.0,0.0,3.0,15,21,36,8,3.4,3.8,0,7.3,20192020
655,17,Kris Letang,32,PIT,D,2,0.12,0.0,0.0,0.0,0.0,2.0,15,29,44,0,4.0,3.4,0,7.4,20192020
656,17,Ivan Provorov,23,PHI,D,2,0.12,0.0,0.0,0.0,0.0,2.0,13,23,36,11,2.8,4.3,0,7.1,20192020
657,19,Jonas Brodin,26,MIN,D,1,0.06,0.0,0.0,0.0,0.0,1.0,2,26,28,15,1.2,4.0,0,5.2,20192020
658,19,Zdeno Chara,42,BOS,D,1,0.06,0.0,0.0,0.0,0.0,1.0,5,9,14,26,0.1,5.0,0,5.1,20192020
659,19,Drew Doughty,30,LAK,D,1,0.06,0.0,0.0,0.0,0.0,1.0,7,28,35,-16,2.1,3.3,0,5.4,20192020
660,19,Torey Krug,28,BOS,D,1,0.06,0.0,0.0,0.0,0.0,1.0,9,40,49,-4,4.3,2.3,0,6.7,20192020
661,19,Jared Spurgeon,30,MIN,D,1,0.06,0.0,0.0,0.0,0.0,1.0,12,20,32,-1,2.7,2.6,0,5.4,20192020
