,Team,GP,W,L,OL,PTS,PTS%,GF,GA,SRS,SOS,RPt%,RW,RgRec,RgPt%,season
0,Philadelphia Flyers*,80,48,12,20,116,0.725,327,254,0.87,-0.04,,,,,19791980
1,New York Islanders*,80,39,28,13,91,0.569,281,247,0.41,-0.02,,,,,19791980
2,New York Rangers*,80,38,32,10,86,0.5379999999999999,308,284,0.29,-0.01,,,,,19791980
3,Atlanta Flames*,80,35,32,13,83,0.519,282,269,0.16,-0.01,,,,,19791980
4,Washington Capitals,80,27,40,13,67,0.419,261,293,-0.38,0.02,,,,,19791980
5,Chicago Black Hawks*,80,34,27,19,87,0.544,241,250,-0.11,0.01,,,,,19791980
6,St. Louis Blues*,80,34,34,12,80,0.5,266,278,-0.14,0.01,,,,,19791980
7,Vancouver Canucks*,80,27,37,16,70,0.43799999999999994,256,281,-0.3,0.02,,,,,19791980
8,Edmonton Oilers*,80,28,39,13,69,0.431,301,322,-0.25,0.01,,,,,19791980
9,Winnipeg Jets,80,20,49,11,51,0.319,214,314,-1.19,0.06,,,,,19791980
10,Colorado Rockies,80,19,48,13,51,0.319,234,308,-0.88,0.04,,,,,19791980
11,Buffalo Sabres*,80,47,17,16,110,0.688,318,201,1.39,-0.07,,,,,19791980
12,Boston Bruins*,80,46,21,13,105,0.6559999999999999,310,234,0.91,-0.05,,,,,19791980
13,Minnesota North Stars*,80,36,28,16,88,0.55,311,253,0.69,-0.04,,,,,19791980
14,Toronto Maple Leafs*,80,35,40,5,75,0.469,304,327,-0.27,0.01,,,,,19791980
15,Quebec Nordiques,80,25,44,11,61,0.381,248,313,-0.77,0.04,,,,,19791980
16,Montreal Canadiens*,80,47,20,13,107,0.669,328,240,1.05,-0.05,,,,,19791980
17,Los Angeles Kings*,80,30,36,14,74,0.46299999999999997,290,313,-0.27,0.01,,,,,19791980
18,Pittsburgh Penguins*,80,30,37,13,73,0.456,251,303,-0.62,0.03,,,,,19791980
19,Hartford Whalers*,80,27,34,19,73,0.456,303,312,-0.11,0.01,,,,,19791980
20,Detroit Red Wings,80,26,43,11,63,0.39399999999999996,268,306,-0.45,0.02,,,,,19791980
21,New York Islanders*,80,48,18,14,110,0.688,355,260,1.13,-0.06,,,,,19801981
22,Philadelphia Flyers*,80,41,24,15,97,0.606,313,249,0.76,-0.04,,,,,19801981
23,Calgary Flames*,80,39,27,14,92,0.575,329,298,0.37,-0.02,,,,,19801981
24,New York Rangers*,80,30,36,14,74,0.46299999999999997,312,317,-0.06,0.0,,,,,19801981
25,Washington Capitals,80,26,36,18,70,0.43799999999999994,286,317,-0.37,0.02,,,,,19801981
26,St. Louis Blues*,80,45,18,17,107,0.669,352,281,0.85,-0.04,,,,,19801981
27,Chicago Black Hawks*,80,31,33,16,78,0.488,304,315,-0.13,0.01,,,,,19801981
28,Vancouver Canucks*,80,28,32,20,76,0.475,289,301,-0.14,0.01,,,,,19801981
29,Edmonton Oilers*,80,29,35,16,74,0.46299999999999997,328,327,0.01,0.0,,,,,19801981
30,Colorado Rockies,80,22,45,13,57,0.35600000000000004,258,344,-1.02,0.05,,,,,19801981
31,Winnipeg Jets,80,9,57,14,32,0.2,246,400,-1.83,0.09,,,,,19801981
32,Buffalo Sabres*,80,39,20,21,99,0.619,327,250,0.92,-0.05,,,,,19801981
33,Boston Bruins*,80,37,30,13,87,0.544,316,272,0.52,-0.03,,,,,19801981
34,Minnesota North Stars*,80,35,28,17,87,0.544,291,263,0.33,-0.02,,,,,19801981
35,Quebec Nordiques*,80,30,32,18,78,0.488,314,318,-0.05,0.0,,,,,19801981
36,Toronto Maple Leafs*,80,28,37,15,71,0.444,322,367,-0.54,0.03,,,,,19801981
37,Montreal Canadiens*,80,45,22,13,103,0.644,332,232,1.19,-0.06,,,,,19801981
38,Los Angeles Kings*,80,43,24,13,99,0.619,337,290,0.56,-0.03,,,,,19801981
39,Pittsburgh Penguins*,80,30,37,13,73,0.456,302,345,-0.51,0.03,,,,,19801981
40,Hartford Whalers,80,21,41,18,60,0.375,292,372,-0.95,0.05,,,,,19801981
41,Detroit Red Wings,80,19,43,18,56,0.35,252,339,-1.04,0.05,,,,,19801981
42,Minnesota North Stars*,80,37,23,20,94,0.588,346,288,0.53,-0.19,,,,,19811982
43,Winnipeg Jets*,80,33,33,14,80,0.5,319,332,-0.28,-0.12,,,,,19811982
44,St. Louis Blues*,80,32,40,8,72,0.45,315,349,-0.52,-0.1,,,,,19811982
45,Chicago Black Hawks*,80,30,38,12,72,0.45,332,363,-0.49,-0.1,,,,,19811982
46,Toronto Maple Leafs,80,20,44,16,56,0.35,298,380,-1.08,-0.05,,,,,19811982
47,Detroit Red Wings,80,21,47,12,54,0.33799999999999997,270,351,-1.07,-0.05,,,,,19811982
48,Edmonton Oilers*,80,48,17,15,111,0.6940000000000001,417,295,1.33,-0.19,,,,,19811982
49,Vancouver Canucks*,80,30,33,17,77,0.48100000000000004,290,286,-0.01,-0.06,,,,,19811982
50,Calgary Flames*,80,29,34,17,75,0.469,334,345,-0.18,-0.04,,,,,19811982
51,Los Angeles Kings*,80,24,41,15,63,0.39399999999999996,314,369,-0.68,0.01,,,,,19811982
52,Colorado Rockies,80,18,49,13,49,0.306,241,362,-1.43,0.08,,,,,19811982
53,Montreal Canadiens*,80,46,17,17,109,0.6809999999999999,360,223,1.68,-0.04,,,,,19811982
54,Boston Bruins*,80,43,27,10,96,0.6,323,285,0.55,0.08,,,,,19811982
55,Buffalo Sabres*,80,39,26,15,93,0.581,307,273,0.51,0.08,,,,,19811982
56,Quebec Nordiques*,80,33,31,16,82,0.513,356,345,0.25,0.11,,,,,19811982
57,Hartford Whalers,80,21,41,18,60,0.375,264,351,-0.87,0.22,,,,,19811982
58,New York Islanders*,80,54,16,10,118,0.738,385,250,1.63,-0.05,,,,,19811982
59,New York Rangers*,80,39,27,14,92,0.575,316,306,0.21,0.09,,,,,19811982
60,Philadelphia Flyers*,80,38,31,11,87,0.544,325,313,0.24,0.09,,,,,19811982
61,Pittsburgh Penguins*,80,31,36,13,75,0.469,310,337,-0.21,0.13,,,,,19811982
62,Washington Capitals,80,26,41,13,65,0.406,319,338,-0.12,0.12,,,,,19811982
63,Chicago Black Hawks*,80,47,23,10,104,0.65,338,268,0.75,-0.12,,,,,19821983
64,Minnesota North Stars*,80,40,24,16,96,0.6,321,290,0.31,-0.08,,,,,19821983
65,Toronto Maple Leafs*,80,28,40,12,68,0.425,293,330,-0.46,0.0,,,,,19821983
66,St. Louis Blues*,80,25,40,15,65,0.406,285,316,-0.4,-0.01,,,,,19821983
67,Detroit Red Wings,80,21,44,15,57,0.35600000000000004,263,344,-0.96,0.05,,,,,19821983
68,Edmonton Oilers*,80,47,21,12,106,0.6629999999999999,424,315,1.26,-0.1,,,,,19821983
69,Calgary Flames*,80,32,34,14,78,0.488,321,317,0.07,0.02,,,,,19821983
70,Vancouver Canucks*,80,30,35,15,75,0.469,303,309,-0.04,0.03,,,,,19821983
71,Winnipeg Jets*,80,33,39,8,74,0.46299999999999997,311,333,-0.23,0.05,,,,,19821983
72,Los Angeles Kings,80,27,41,12,66,0.413,308,365,-0.62,0.09,,,,,19821983
73,Boston Bruins*,80,50,20,10,110,0.688,327,228,1.18,-0.06,,,,,19821983
74,Montreal Canadiens*,80,42,24,14,98,0.613,350,286,0.78,-0.02,,,,,19821983
75,Buffalo Sabres*,80,38,29,13,89,0.556,318,285,0.43,0.02,,,,,19821983
76,Quebec Nordiques*,80,34,34,12,80,0.5,343,336,0.14,0.05,,,,,19821983
77,Hartford Whalers,80,19,54,7,45,0.281,261,403,-1.56,0.22,,,,,19821983
78,Philadelphia Flyers*,80,49,23,8,106,0.6629999999999999,326,240,0.96,-0.12,,,,,19821983
79,New York Islanders*,80,42,26,12,96,0.6,302,226,0.84,-0.11,,,,,19821983
80,Washington Capitals*,80,39,25,16,94,0.588,306,283,0.23,-0.05,,,,,19821983
81,New York Rangers*,80,35,35,10,80,0.5,306,287,0.19,-0.05,,,,,19821983
82,New Jersey Devils,80,17,49,14,48,0.3,230,338,-1.27,0.08,,,,,19821983
83,Pittsburgh Penguins,80,18,53,9,45,0.281,257,394,-1.61,0.11,,,,,19821983
84,innesota North Stars*,80,39,31,10,88,0.55,345,344,-0.14,-0.15,,,,,19831984
85,St. Louis Blues*,80,32,41,7,71,0.444,293,316,-0.41,-0.12,,,,,19831984
86,Detroit Red Wings*,80,31,42,7,69,0.431,298,323,-0.43,-0.12,,,,,19831984
87,Chicago Black Hawks*,80,30,42,8,68,0.425,277,311,-0.54,-0.11,,,,,19831984
88,Toronto Maple Leafs,80,26,45,9,61,0.381,303,387,-1.1,-0.05,,,,,19831984
89,Edmonton Oilers*,80,57,18,5,119,0.7440000000000001,446,314,1.51,-0.15,,,,,19831984
90,Calgary Flames*,80,34,32,14,82,0.513,311,314,-0.03,0.01,,,,,19831984
91,Vancouver Canucks*,80,32,39,9,73,0.456,306,328,-0.25,0.03,,,,,19831984
92,Winnipeg Jets*,80,31,38,11,73,0.456,340,374,-0.38,0.04,,,,,19831984
93,Los Angeles Kings,80,23,44,13,59,0.369,309,376,-0.76,0.08,,,,,19831984
94,Boston Bruins*,80,49,25,6,104,0.65,336,261,1.01,0.07,,,,,19831984
95,Buffalo Sabres*,80,48,25,7,103,0.644,315,257,0.82,0.09,,,,,19831984
96,Quebec Nordiques*,80,42,28,10,94,0.588,360,278,1.09,0.06,,,,,19831984
97,Montreal Canadiens*,80,35,40,5,75,0.469,286,295,0.06,0.17,,,,,19831984
98,Hartford Whalers,80,28,42,10,66,0.413,288,320,-0.21,0.19,,,,,19831984
99,New York Islanders*,80,50,26,4,104,0.65,357,269,1.0,-0.1,,,,,19831984
100,Washington Capitals*,80,48,27,5,101,0.631,308,226,0.93,-0.09,,,,,19831984
101,Philadelphia Flyers*,80,44,26,10,98,0.613,350,290,0.68,-0.07,,,,,19831984
102,New York Rangers*,80,42,29,9,93,0.581,314,304,0.1,-0.02,,,,,19831984
103,New Jersey Devils,80,17,56,7,41,0.256,231,350,-1.38,0.11,,,,,19831984
104,Pittsburgh Penguins,80,16,58,6,38,0.23800000000000002,254,390,-1.57,0.13,,,,,19831984
105,St. Louis Blues*,80,37,31,12,86,0.5379999999999999,299,288,-0.04,-0.18,,,,,19841985
106,Chicago Black Hawks*,80,38,35,7,83,0.519,309,299,-0.05,-0.18,,,,,19841985
107,Detroit Red Wings*,80,27,41,12,66,0.413,313,357,-0.66,-0.11,,,,,19841985
108,Minnesota North Stars*,80,25,43,12,62,0.38799999999999996,268,321,-0.77,-0.1,,,,,19841985
109,Toronto Maple Leafs,80,20,52,8,48,0.3,253,358,-1.36,-0.04,,,,,19841985
110,Edmonton Oilers*,80,49,20,11,109,0.6809999999999999,401,298,1.25,-0.04,,,,,19841985
111,Winnipeg Jets*,80,43,27,10,96,0.6,358,332,0.37,0.05,,,,,19841985
112,Calgary Flames*,80,41,27,12,94,0.588,363,302,0.77,0.01,,,,,19841985
113,Los Angeles Kings*,80,34,32,14,82,0.513,339,326,0.23,0.06,,,,,19841985
114,Vancouver Canucks,80,25,46,9,59,0.369,284,401,-1.25,0.21,,,,,19841985
115,Montreal Canadiens*,80,41,27,12,94,0.588,309,262,0.64,0.05,,,,,19841985
116,Quebec Nordiques*,80,41,30,9,91,0.569,323,275,0.65,0.05,,,,,19841985
117,Buffalo Sabres*,80,38,28,14,90,0.563,290,237,0.71,0.04,,,,,19841985
118,Boston Bruins*,80,36,34,10,82,0.513,303,287,0.29,0.09,,,,,19841985
119,Hartford Whalers,80,30,41,9,69,0.431,268,318,-0.47,0.16,,,,,19841985
120,Philadelphia Flyers*,80,53,20,7,113,0.706,348,241,1.22,-0.12,,,,,19841985
121,Washington Capitals*,80,46,25,9,101,0.631,322,240,0.93,-0.1,,,,,19841985
122,New York Islanders*,80,40,34,6,86,0.5379999999999999,345,312,0.37,-0.05,,,,,19841985
123,New York Rangers*,80,26,44,10,62,0.38799999999999996,295,345,-0.59,0.04,,,,,19841985
124,New Jersey Devils,80,22,48,10,54,0.33799999999999997,264,346,-0.96,0.07,,,,,19841985
125,Pittsburgh Penguins,80,24,51,5,53,0.331,276,385,-1.27,0.1,,,,,19841985
126,hicago Black Hawks*,80,39,33,8,86,0.5379999999999999,351,349,-0.15,-0.17,,,,,19851986
127,Minnesota North Stars*,80,38,33,9,85,0.531,327,305,0.08,-0.2,,,,,19851986
128,St. Louis Blues*,80,37,34,9,83,0.519,302,291,-0.05,-0.18,,,,,19851986
129,Toronto Maple Leafs*,80,25,48,7,57,0.35600000000000004,311,386,-1.02,-0.09,,,,,19851986
130,Detroit Red Wings,80,17,57,6,40,0.25,266,415,-1.86,0.0,,,,,19851986
131,Edmonton Oilers*,80,56,17,7,119,0.7440000000000001,426,310,1.25,-0.2,,,,,19851986
132,Calgary Flames*,80,40,31,9,89,0.556,354,315,0.37,-0.12,,,,,19851986
133,Winnipeg Jets*,80,26,47,7,59,0.369,295,372,-0.95,0.02,,,,,19851986
134,Vancouver Canucks*,80,23,44,13,59,0.369,282,333,-0.65,-0.01,,,,,19851986
135,Los Angeles Kings,80,23,49,8,54,0.33799999999999997,284,389,-1.26,0.05,,,,,19851986
136,Quebec Nordiques*,80,43,31,6,92,0.575,330,289,0.6,0.09,,,,,19851986
137,Montreal Canadiens*,80,40,33,7,87,0.544,330,280,0.7,0.08,,,,,19851986
138,Boston Bruins*,80,37,31,12,86,0.5379999999999999,311,288,0.4,0.11,,,,,19851986
139,Hartford Whalers*,80,40,36,4,84,0.525,332,302,0.48,0.1,,,,,19851986
140,Buffalo Sabres,80,37,37,6,80,0.5,296,291,0.19,0.13,,,,,19851986
141,Philadelphia Flyers*,80,53,23,4,110,0.688,335,241,1.17,-0.01,,,,,19851986
142,Washington Capitals*,80,50,23,7,107,0.669,315,272,0.58,0.04,,,,,19851986
143,New York Islanders*,80,39,29,12,90,0.563,327,284,0.58,0.04,,,,,19851986
144,New York Rangers*,80,36,38,6,78,0.488,280,276,0.13,0.08,,,,,19851986
145,Pittsburgh Penguins,80,34,38,8,76,0.475,313,305,0.18,0.08,,,,,19851986
146,New Jersey Devils,80,28,49,3,59,0.369,300,374,-0.76,0.16,,,,,19851986
147,St. Louis Blues*,80,32,33,15,79,0.494,281,293,-0.22,-0.07,,,,,19861987
148,Detroit Red Wings*,80,34,36,10,78,0.488,260,274,-0.25,-0.07,,,,,19861987
149,Chicago Blackhawks*,80,29,37,14,72,0.45,290,310,-0.32,-0.07,,,,,19861987
150,Toronto Maple Leafs*,80,32,42,6,70,0.43799999999999994,286,319,-0.46,-0.05,,,,,19861987
151,Minnesota North Stars,80,30,40,10,70,0.43799999999999994,296,314,-0.29,-0.07,,,,,19861987
152,Edmonton Oilers*,80,50,24,6,106,0.6629999999999999,372,284,1.06,-0.04,,,,,19861987
153,Calgary Flames*,80,46,31,3,95,0.594,318,289,0.39,0.03,,,,,19861987
154,Winnipeg Jets*,80,40,32,8,88,0.55,279,271,0.15,0.05,,,,,19861987
155,Los Angeles Kings*,80,31,41,8,70,0.43799999999999994,318,341,-0.2,0.09,,,,,19861987
156,Vancouver Canucks,80,29,43,8,66,0.413,282,314,-0.3,0.1,,,,,19861987
157,Hartford Whalers*,80,43,30,7,93,0.581,287,270,0.23,0.02,,,,,19861987
158,Montreal Canadiens*,80,41,29,10,92,0.575,277,241,0.45,0.0,,,,,19861987
159,Boston Bruins*,80,39,34,7,85,0.531,301,276,0.32,0.01,,,,,19861987
160,Quebec Nordiques*,80,31,39,10,72,0.45,267,276,-0.07,0.05,,,,,19861987
161,Buffalo Sabres,80,28,44,8,64,0.4,280,308,-0.28,0.07,,,,,19861987
162,Philadelphia Flyers*,80,46,26,8,100,0.625,310,245,0.74,-0.08,,,,,19861987
163,Washington Capitals*,80,38,32,10,86,0.5379999999999999,285,278,0.07,-0.02,,,,,19861987
164,New York Islanders*,80,35,33,12,82,0.513,279,281,-0.03,-0.01,,,,,19861987
165,New York Rangers*,80,34,38,8,76,0.475,307,323,-0.19,0.01,,,,,19861987
166,Pittsburgh Penguins,80,30,38,12,72,0.45,297,290,0.07,-0.02,,,,,19861987
167,New Jersey Devils,80,29,45,6,64,0.4,293,368,-0.87,0.07,,,,,19861987
168,Detroit Red Wings*,80,41,28,11,93,0.581,322,269,0.44,-0.23,,,,,19871988
169,St. Louis Blues*,80,34,38,8,76,0.475,278,294,-0.35,-0.15,,,,,19871988
170,Chicago Blackhawks*,80,30,41,9,69,0.431,284,328,-0.67,-0.12,,,,,19871988
171,Toronto Maple Leafs*,80,21,49,10,52,0.325,273,345,-0.99,-0.09,,,,,19871988
172,Minnesota North Stars,80,19,48,13,51,0.319,242,349,-1.38,-0.05,,,,,19871988
173,Calgary Flames*,80,48,23,9,105,0.6559999999999999,397,305,1.1,-0.05,,,,,19871988
174,Edmonton Oilers*,80,44,25,11,99,0.619,363,288,0.91,-0.03,,,,,19871988
175,Winnipeg Jets*,80,33,36,11,77,0.48100000000000004,292,310,-0.15,0.08,,,,,19871988
176,Los Angeles Kings*,80,30,42,8,68,0.425,318,359,-0.41,0.1,,,,,19871988
177,Vancouver Canucks,80,25,46,9,59,0.369,272,320,-0.49,0.11,,,,,19871988
178,Montreal Canadiens*,80,45,22,13,103,0.644,298,238,0.71,-0.04,,,,,19871988
179,Boston Bruins*,80,44,30,6,94,0.588,300,251,0.59,-0.03,,,,,19871988
180,Buffalo Sabres*,80,37,32,11,85,0.531,283,305,-0.22,0.06,,,,,19871988
181,Hartford Whalers*,80,35,38,7,77,0.48100000000000004,249,267,-0.17,0.05,,,,,19871988
182,Quebec Nordiques,80,32,43,5,69,0.431,271,306,-0.37,0.07,,,,,19871988
183,New York Islanders*,80,39,31,10,88,0.55,308,267,0.54,0.03,,,,,19871988
184,Washington Capitals*,80,38,33,9,85,0.531,281,249,0.44,0.04,,,,,19871988
185,Philadelphia Flyers*,80,38,33,9,85,0.531,292,292,0.07,0.07,,,,,19871988
186,New Jersey Devils*,80,38,36,6,82,0.513,295,296,0.06,0.07,,,,,19871988
187,New York Rangers,80,36,34,10,82,0.513,300,283,0.26,0.05,,,,,19871988
188,Pittsburgh Penguins,80,36,35,9,81,0.506,319,316,0.1,0.06,,,,,19871988
189,Detroit Red Wings*,80,34,34,12,80,0.5,313,316,-0.17,-0.14,,,,,19881989
190,St. Louis Blues*,80,33,35,12,78,0.488,275,285,-0.25,-0.13,,,,,19881989
191,Minnesota North Stars*,80,27,37,16,70,0.43799999999999994,258,278,-0.37,-0.12,,,,,19881989
192,Chicago Blackhawks*,80,27,41,12,66,0.413,297,335,-0.57,-0.1,,,,,19881989
193,Toronto Maple Leafs,80,28,46,6,62,0.38799999999999996,259,342,-1.08,-0.05,,,,,19881989
194,Calgary Flames*,80,54,17,9,117,0.731,354,226,1.57,-0.03,,,,,19881989
195,Los Angeles Kings*,80,42,31,7,91,0.569,376,335,0.58,0.07,,,,,19881989
196,Edmonton Oilers*,80,38,34,8,84,0.525,325,306,0.33,0.1,,,,,19881989
197,Vancouver Canucks*,80,33,39,8,74,0.46299999999999997,251,253,0.1,0.12,,,,,19881989
198,Winnipeg Jets,80,26,42,12,64,0.4,300,355,-0.51,0.18,,,,,19881989
199,Montreal Canadiens*,80,53,18,9,115,0.7190000000000001,315,218,1.16,-0.06,,,,,19881989
200,Boston Bruins*,80,37,29,14,88,0.55,289,256,0.43,0.02,,,,,19881989
201,Buffalo Sabres*,80,38,35,7,83,0.519,291,299,-0.04,0.06,,,,,19881989
202,Hartford Whalers*,80,37,38,5,79,0.494,299,290,0.16,0.04,,,,,19881989
203,Quebec Nordiques,80,27,46,7,61,0.381,269,342,-0.78,0.14,,,,,19881989
204,Washington Capitals*,80,41,29,10,92,0.575,305,259,0.5,-0.07,,,,,19881989
205,Pittsburgh Penguins*,80,40,33,7,87,0.544,347,349,-0.05,-0.02,,,,,19881989
206,New York Rangers*,80,37,35,8,82,0.513,310,307,0.01,-0.03,,,,,19881989
207,Philadelphia Flyers*,80,36,36,8,80,0.5,307,285,0.23,-0.05,,,,,19881989
208,New Jersey Devils,80,27,41,12,66,0.413,281,325,-0.53,0.02,,,,,19881989
209,New York Islanders,80,28,47,5,61,0.381,265,325,-0.72,0.04,,,,,19881989
210,Chicago Blackhawks*,80,41,33,6,88,0.55,316,294,0.23,-0.05,,,,,19891990
211,St. Louis Blues*,80,37,34,9,83,0.519,295,279,0.16,-0.04,,,,,19891990
212,Toronto Maple Leafs*,80,38,38,4,80,0.5,337,358,-0.26,0.0,,,,,19891990
213,Minnesota North Stars*,80,36,40,4,76,0.475,284,291,-0.1,-0.02,,,,,19891990
214,Detroit Red Wings,80,28,38,14,70,0.43799999999999994,288,323,-0.42,0.02,,,,,19891990
215,Calgary Flames*,80,42,23,15,99,0.619,348,265,1.0,-0.04,,,,,19891990
216,Edmonton Oilers*,80,38,28,14,90,0.563,315,283,0.42,0.02,,,,,19891990
217,Winnipeg Jets*,80,37,32,11,85,0.531,298,290,0.15,0.05,,,,,19891990
218,Los Angeles Kings*,80,34,39,7,75,0.469,338,337,0.07,0.06,,,,,19891990
219,Vancouver Canucks,80,25,41,14,64,0.4,245,306,-0.64,0.13,,,,,19891990
220,Boston Bruins*,80,46,25,9,101,0.631,289,232,0.64,-0.08,,,,,19891990
221,Buffalo Sabres*,80,45,27,8,98,0.613,286,248,0.42,-0.05,,,,,19891990
222,Montreal Canadiens*,80,41,28,11,93,0.581,288,234,0.6,-0.07,,,,,19891990
223,Hartford Whalers*,80,38,33,9,85,0.531,275,268,0.07,-0.02,,,,,19891990
224,Quebec Nordiques,80,12,61,7,31,0.19399999999999998,240,407,-1.91,0.18,,,,,19891990
225,New York Rangers*,80,36,31,13,85,0.531,279,267,0.12,-0.03,,,,,19891990
226,New Jersey Devils*,80,37,34,9,83,0.519,295,288,0.06,-0.03,,,,,19891990
227,Washington Capitals*,80,36,38,6,78,0.488,284,275,0.08,-0.03,,,,,19891990
228,New York Islanders*,80,31,38,11,73,0.456,281,288,-0.1,-0.01,,,,,19891990
229,Pittsburgh Penguins,80,32,40,8,72,0.45,318,359,-0.49,0.02,,,,,19891990
230,Philadelphia Flyers,80,30,39,11,71,0.444,290,297,-0.1,-0.01,,,,,19891990
231,Chicago Blackhawks*,80,49,23,8,106,0.6629999999999999,284,211,0.85,-0.06,,,,,19901991
232,St. Louis Blues*,80,47,22,11,105,0.6559999999999999,310,250,0.7,-0.05,,,,,19901991
233,Detroit Red Wings*,80,34,38,8,76,0.475,273,298,-0.27,0.05,,,,,19901991
234,Minnesota North Stars*,80,27,39,14,68,0.425,256,266,-0.1,0.03,,,,,19901991
235,Toronto Maple Leafs,80,23,46,11,57,0.35600000000000004,241,318,-0.86,0.11,,,,,19901991
236,Los Angeles Kings*,80,46,24,10,102,0.638,340,254,1.04,-0.04,,,,,19901991
237,Calgary Flames*,80,46,26,8,100,0.625,344,263,0.98,-0.03,,,,,19901991
238,Edmonton Oilers*,80,37,37,6,80,0.5,272,272,0.06,0.06,,,,,19901991
239,Vancouver Canucks*,80,28,43,9,65,0.406,243,315,-0.76,0.14,,,,,19901991
240,Winnipeg Jets,80,26,43,11,63,0.39399999999999996,260,288,-0.26,0.09,,,,,19901991
241,Boston Bruins*,80,44,24,12,100,0.625,299,264,0.32,-0.12,,,,,19901991
242,Montreal Canadiens*,80,39,30,11,89,0.556,273,249,0.2,-0.1,,,,,19901991
243,Buffalo Sabres*,80,31,30,19,81,0.506,292,278,0.08,-0.09,,,,,19901991
244,Hartford Whalers*,80,31,38,11,73,0.456,238,276,-0.51,-0.03,,,,,19901991
245,Quebec Nordiques,80,16,50,14,46,0.28800000000000003,236,354,-1.42,0.06,,,,,19901991
246,Pittsburgh Penguins*,80,41,33,6,88,0.55,342,305,0.42,-0.04,,,,,19901991
247,New York Rangers*,80,36,31,13,85,0.531,297,265,0.36,-0.04,,,,,19901991
248,Washington Capitals*,80,37,36,7,81,0.506,258,258,0.0,0.0,,,,,19901991
249,New Jersey Devils*,80,32,33,15,79,0.494,272,264,0.09,-0.01,,,,,19901991
250,Philadelphia Flyers,80,33,37,10,76,0.475,252,267,-0.18,0.01,,,,,19901991
251,New York Islanders,80,25,45,10,60,0.375,223,290,-0.77,0.06,,,,,19901991
252,Detroit Red Wings*,80,43,25,12,98,0.613,320,256,0.74,-0.06,,,,,19911992
253,Chicago Blackhawks*,80,36,29,15,87,0.544,257,236,0.22,-0.04,,,,,19911992
254,St. Louis Blues*,80,36,33,11,83,0.519,279,266,0.16,-0.01,,,,,19911992
255,Minnesota North Stars*,80,32,42,6,70,0.43799999999999994,246,278,-0.37,0.04,,,,,19911992
256,Toronto Maple Leafs,80,30,43,7,67,0.419,234,294,-0.68,0.07,,,,,19911992
257,Vancouver Canucks*,80,42,26,12,96,0.6,285,250,0.31,-0.13,,,,,19911992
258,Los Angeles Kings*,80,35,31,14,84,0.525,287,296,-0.19,-0.08,,,,,19911992
259,Edmonton Oilers*,80,36,34,10,82,0.513,295,297,-0.12,-0.1,,,,,19911992
260,Winnipeg Jets*,80,33,32,15,81,0.506,251,244,-0.02,-0.11,,,,,19911992
261,Calgary Flames,80,31,37,12,74,0.46299999999999997,296,305,-0.19,-0.08,,,,,19911992
262,San Jose Sharks,80,17,58,5,39,0.244,219,359,-1.72,0.03,,,,,19911992
263,Montreal Canadiens*,80,41,28,11,93,0.581,267,207,0.64,-0.12,,,,,19911992
264,Boston Bruins*,80,36,32,12,84,0.525,270,275,-0.09,-0.03,,,,,19911992
265,Buffalo Sabres*,80,31,37,12,74,0.46299999999999997,289,299,-0.16,-0.03,,,,,19911992
266,Hartford Whalers*,80,26,41,13,65,0.406,247,283,-0.45,0.0,,,,,19911992
267,Quebec Nordiques,80,20,48,12,52,0.325,255,318,-0.76,0.03,,,,,19911992
268,New York Rangers*,80,50,25,5,105,0.6559999999999999,321,246,1.02,0.08,,,,,19911992
269,Washington Capitals*,80,45,27,8,98,0.613,330,275,0.78,0.09,,,,,19911992
270,Pittsburgh Penguins*,80,39,32,9,87,0.544,343,308,0.52,0.08,,,,,19911992
271,New Jersey Devils*,80,38,31,11,87,0.544,289,259,0.48,0.1,,,,,19911992
272,New York Islanders,80,34,35,11,79,0.494,291,299,0.04,0.14,,,,,19911992
273,Philadelphia Flyers,80,32,37,11,75,0.469,252,273,-0.13,0.13,,,,,19911992
274,Chicago Blackhawks*,84,47,25,12,106,0.631,279,230,0.58,-0.01,,,,,19921993
275,Detroit Red Wings*,84,47,28,9,103,0.613,369,280,0.99,-0.07,,,,,19921993
276,Toronto Maple Leafs*,84,44,29,11,99,0.589,288,241,0.47,-0.09,,,,,19921993
277,St. Louis Blues*,84,37,36,11,85,0.506,282,278,0.06,0.01,,,,,19921993
278,Minnesota North Stars,84,36,38,10,82,0.488,272,293,-0.21,0.04,,,,,19921993
279,Tampa Bay Lightning,84,23,54,7,53,0.315,245,332,-0.96,0.08,,,,,19921993
280,Vancouver Canucks*,84,46,29,9,101,0.601,346,278,0.6,-0.21,,,,,19921993
281,Calgary Flames*,84,43,30,11,97,0.5770000000000001,322,282,0.25,-0.22,,,,,19921993
282,Los Angeles Kings*,84,39,35,10,88,0.524,338,340,-0.13,-0.1,,,,,19921993
283,Winnipeg Jets*,84,40,37,7,87,0.518,322,320,-0.2,-0.23,,,,,19921993
284,Edmonton Oilers,84,26,50,8,60,0.35700000000000004,242,337,-1.19,-0.06,,,,,19921993
285,San Jose Sharks,84,11,71,2,24,0.14300000000000002,218,414,-2.29,0.05,,,,,19921993
286,Boston Bruins*,84,51,26,7,109,0.649,332,268,0.74,-0.03,,,,,19921993
287,Quebec Nordiques*,84,47,27,10,104,0.619,351,300,0.5,-0.11,,,,,19921993
288,Montreal Canadiens*,84,48,30,6,102,0.607,326,280,0.49,-0.06,,,,,19921993
289,Buffalo Sabres*,84,38,36,10,86,0.512,335,297,0.41,-0.04,,,,,19921993
290,Hartford Whalers,84,26,52,6,58,0.345,284,369,-0.93,0.08,,,,,19921993
291,Ottawa Senators,84,10,70,4,24,0.14300000000000002,202,395,-2.1,0.2,,,,,19921993
292,Pittsburgh Penguins*,84,56,21,7,119,0.708,367,268,1.23,0.05,,,,,19921993
293,Washington Capitals*,84,43,34,7,93,0.5539999999999999,325,286,0.57,0.11,,,,,19921993
294,New York Islanders*,84,40,37,7,87,0.518,335,297,0.56,0.11,,,,,19921993
295,New Jersey Devils*,84,40,37,7,87,0.518,308,299,0.26,0.15,,,,,19921993
296,Philadelphia Flyers,84,36,37,11,83,0.494,319,319,0.2,0.2,,,,,19921993
297,New York Rangers,84,34,39,11,79,0.47,304,308,0.1,0.15,,,,,19921993
298,New York Rangers*,84,52,24,8,112,0.667,299,231,0.81,0.0,,,,,19931994
299,New Jersey Devils*,84,47,25,12,106,0.631,306,220,1.01,-0.02,,,,,19931994
300,Washington Capitals*,84,39,35,10,88,0.524,277,263,0.2,0.03,,,,,19931994
301,New York Islanders*,84,36,36,12,84,0.5,282,264,0.25,0.03,,,,,19931994
302,Florida Panthers,84,33,34,17,83,0.494,233,233,0.02,0.02,,,,,19931994
303,Philadelphia Flyers,84,35,39,10,80,0.47600000000000003,294,314,-0.19,0.05,,,,,19931994
304,Tampa Bay Lightning,84,30,43,11,71,0.423,224,251,-0.26,0.06,,,,,19931994
305,Pittsburgh Penguins*,84,44,27,13,101,0.601,299,285,0.17,0.0,,,,,19931994
306,Boston Bruins*,84,42,29,13,97,0.5770000000000001,289,252,0.41,-0.03,,,,,19931994
307,Montreal Canadiens*,84,41,29,14,96,0.5710000000000001,283,248,0.39,-0.03,,,,,19931994
308,Buffalo Sabres*,84,43,32,9,95,0.565,282,218,0.72,-0.04,,,,,19931994
309,Quebec Nordiques,84,34,42,8,76,0.452,277,292,-0.16,0.02,,,,,19931994
310,Hartford Whalers,84,27,48,9,63,0.375,227,288,-0.68,0.04,,,,,19931994
311,Ottawa Senators,84,14,61,9,37,0.22,201,397,-2.22,0.12,,,,,19931994
312,Detroit Red Wings*,84,46,30,8,100,0.595,356,275,0.89,-0.08,,,,,19931994
313,Toronto Maple Leafs*,84,43,29,12,98,0.583,280,243,0.41,-0.03,,,,,19931994
314,Dallas Stars*,84,42,29,13,97,0.5770000000000001,286,265,0.2,-0.05,,,,,19931994
315,St. Louis Blues*,84,40,33,11,91,0.542,270,283,-0.16,0.0,,,,,19931994
316,Chicago Blackhawks*,84,39,36,9,87,0.518,254,240,0.15,-0.02,,,,,19931994
317,Winnipeg Jets,84,24,51,9,57,0.33899999999999997,245,344,-1.13,0.05,,,,,19931994
318,Calgary Flames*,84,42,29,13,97,0.5770000000000001,302,256,0.48,-0.07,,,,,19931994
319,Vancouver Canucks*,84,41,40,3,85,0.506,279,276,0.01,-0.03,,,,,19931994
320,San Jose Sharks*,84,33,35,16,82,0.488,252,265,-0.17,-0.02,,,,,19931994
321,Mighty Ducks of Anaheim,84,33,46,5,71,0.423,229,251,-0.27,-0.01,,,,,19931994
322,Los Angeles Kings,84,27,45,12,66,0.39299999999999996,294,322,-0.34,-0.01,,,,,19931994
323,Edmonton Oilers,84,25,45,14,64,0.381,261,305,-0.52,0.0,,,,,19931994
324,hiladelphia Flyers*,48,28,16,4,60,0.625,150,132,0.36,-0.01,,,,,19941995
325,Washington Capitals*,48,22,18,8,52,0.542,136,120,0.33,-0.01,,,,,19941995
326,New Jersey Devils*,48,22,18,8,52,0.542,136,121,0.3,-0.01,,,,,19941995
327,New York Rangers*,48,22,23,3,47,0.49,139,134,0.1,-0.01,,,,,19941995
328,Florida Panthers,48,20,22,6,46,0.479,115,127,-0.26,-0.01,,,,,19941995
329,Tampa Bay Lightning,48,17,28,3,37,0.385,120,144,-0.49,0.01,,,,,19941995
330,New York Islanders,48,15,28,5,35,0.365,126,158,-0.63,0.04,,,,,19941995
331,Quebec Nordiques*,48,30,13,5,65,0.677,185,134,1.01,-0.06,,,,,19941995
332,Pittsburgh Penguins*,48,29,16,3,61,0.635,181,158,0.44,-0.04,,,,,19941995
333,Boston Bruins*,48,27,18,3,57,0.594,150,127,0.46,-0.02,,,,,19941995
334,Buffalo Sabres*,48,22,19,7,51,0.531,130,119,0.2,-0.03,,,,,19941995
335,Hartford Whalers,48,19,24,5,43,0.44799999999999995,127,141,-0.27,0.02,,,,,19941995
336,Montreal Canadiens,48,18,23,7,43,0.44799999999999995,125,148,-0.42,0.06,,,,,19941995
337,Ottawa Senators,48,9,34,5,23,0.24,117,174,-1.12,0.07,,,,,19941995
338,Detroit Red Wings*,48,33,11,4,70,0.7290000000000001,180,117,1.24,-0.08,,,,,19941995
339,St. Louis Blues*,48,28,15,5,61,0.635,178,135,0.84,-0.06,,,,,19941995
340,Chicago Blackhawks*,48,24,19,5,53,0.552,156,115,0.8,-0.05,,,,,19941995
341,Toronto Maple Leafs*,48,21,19,8,50,0.521,135,146,-0.19,0.04,,,,,19941995
342,Dallas Stars*,48,17,23,8,42,0.43799999999999994,136,135,0.07,0.05,,,,,19941995
343,Winnipeg Jets,48,16,25,7,39,0.406,157,177,-0.33,0.08,,,,,19941995
344,Calgary Flames*,48,24,17,7,55,0.573,163,135,0.49,-0.09,,,,,19941995
345,Vancouver Canucks*,48,18,18,12,48,0.5,153,148,0.06,-0.04,,,,,19941995
346,San Jose Sharks*,48,19,25,4,42,0.43799999999999994,129,161,-0.66,0.01,,,,,19941995
347,Los Angeles Kings,48,16,23,9,41,0.42700000000000005,142,174,-0.65,0.02,,,,,19941995
348,Edmonton Oilers,48,17,27,4,38,0.396,136,183,-0.92,0.06,,,,,19941995
349,Mighty Ducks of Anaheim,48,16,27,5,37,0.385,125,164,-0.77,0.05,,,,,19941995
350,Philadelphia Flyers*,82,45,24,13,103,0.628,282,208,0.88,-0.03,,,,,19951996
351,New York Rangers*,82,41,27,14,96,0.585,272,237,0.43,0.0,,,,,19951996
352,Florida Panthers*,82,41,31,10,92,0.561,254,234,0.27,0.02,,,,,19951996
353,Washington Capitals*,82,39,32,11,89,0.5429999999999999,234,204,0.38,0.02,,,,,19951996
354,Tampa Bay Lightning*,82,38,32,12,88,0.537,238,248,-0.07,0.05,,,,,19951996
355,New Jersey Devils,82,37,33,12,86,0.524,215,202,0.2,0.04,,,,,19951996
356,New York Islanders,82,22,50,10,54,0.32899999999999996,229,315,-0.94,0.11,,,,,19951996
357,Pittsburgh Penguins*,82,49,29,4,102,0.622,362,284,0.9,-0.05,,,,,19951996
358,Boston Bruins*,82,40,31,11,91,0.555,282,269,0.17,0.01,,,,,19951996
359,Montreal Canadiens*,82,40,32,10,90,0.5489999999999999,265,248,0.2,-0.01,,,,,19951996
360,Hartford Whalers,82,34,39,9,77,0.47,237,259,-0.22,0.05,,,,,19951996
361,Buffalo Sabres,82,33,42,7,73,0.445,247,262,-0.16,0.03,,,,,19951996
362,Ottawa Senators,82,18,59,5,41,0.25,191,291,-1.12,0.1,,,,,19951996
363,Detroit Red Wings*,82,62,13,7,131,0.799,325,181,1.64,-0.11,,,,,19951996
364,Chicago Blackhawks*,82,40,28,14,94,0.573,273,220,0.61,-0.04,,,,,19951996
365,Toronto Maple Leafs*,82,34,36,12,80,0.488,247,252,-0.07,0.0,,,,,19951996
366,St. Louis Blues*,82,32,34,16,80,0.488,219,248,-0.35,0.0,,,,,19951996
367,Winnipeg Jets*,82,36,40,6,78,0.47600000000000003,275,291,-0.18,0.02,,,,,19951996
368,Dallas Stars,82,26,42,14,66,0.402,227,280,-0.6,0.05,,,,,19951996
369,Colorado Avalanche*,82,47,25,10,104,0.634,326,240,0.93,-0.12,,,,,19951996
370,Calgary Flames*,82,34,37,11,79,0.48200000000000004,241,240,-0.04,-0.05,,,,,19951996
371,Vancouver Canucks*,82,32,35,15,79,0.48200000000000004,278,278,-0.05,-0.05,,,,,19951996
372,Mighty Ducks of Anaheim,82,35,39,8,78,0.47600000000000003,234,247,-0.19,-0.03,,,,,19951996
373,Edmonton Oilers,82,30,44,8,68,0.415,240,304,-0.78,0.0,,,,,19951996
374,Los Angeles Kings,82,24,40,18,66,0.402,256,302,-0.59,-0.03,,,,,19951996
375,San Jose Sharks,82,20,55,7,47,0.287,252,357,-1.25,0.03,,,,,19951996
376,New Jersey Devils*,82,45,23,14,104,0.634,231,182,0.57,-0.03,,,,,19961997
377,Philadelphia Flyers*,82,45,24,13,103,0.628,274,217,0.67,-0.03,,,,,19961997
378,Florida Panthers*,82,35,28,19,89,0.5429999999999999,221,201,0.25,0.0,,,,,19961997
379,New York Rangers*,82,38,34,10,86,0.524,258,231,0.33,0.01,,,,,19961997
380,Washington Capitals,82,33,40,9,75,0.457,214,231,-0.17,0.04,,,,,19961997
381,Tampa Bay Lightning,82,32,40,10,74,0.451,217,247,-0.33,0.04,,,,,19961997
382,New York Islanders,82,29,41,12,70,0.42700000000000005,240,250,-0.1,0.02,,,,,19961997
383,Buffalo Sabres*,82,40,30,12,92,0.561,237,208,0.31,-0.04,,,,,19961997
384,Pittsburgh Penguins*,82,38,36,8,84,0.512,285,280,0.04,-0.02,,,,,19961997
385,Ottawa Senators*,82,31,36,15,77,0.47,226,234,-0.11,-0.02,,,,,19961997
386,Montreal Canadiens*,82,31,36,15,77,0.47,249,276,-0.34,-0.01,,,,,19961997
387,Hartford Whalers,82,32,39,11,75,0.457,226,256,-0.37,0.0,,,,,19961997
388,Boston Bruins,82,26,47,9,61,0.37200000000000005,234,300,-0.78,0.02,,,,,19961997
389,Dallas Stars*,82,48,26,8,104,0.634,252,198,0.64,-0.02,,,,,19961997
390,Detroit Red Wings*,82,38,26,18,94,0.573,253,197,0.66,-0.03,,,,,19961997
391,Phoenix Coyotes*,82,38,37,7,83,0.506,240,243,-0.02,0.02,,,,,19961997
392,St. Louis Blues*,82,36,35,11,83,0.506,236,239,-0.03,0.01,,,,,19961997
393,Chicago Blackhawks*,82,34,35,13,81,0.494,223,210,0.18,0.02,,,,,19961997
394,Toronto Maple Leafs,82,30,44,8,68,0.415,230,273,-0.48,0.05,,,,,19961997
395,Colorado Avalanche*,82,49,24,9,107,0.652,277,205,0.81,-0.07,,,,,19961997
396,Mighty Ducks of Anaheim*,82,36,33,13,85,0.518,245,233,0.12,-0.03,,,,,19961997
397,Edmonton Oilers*,82,36,37,9,81,0.494,252,247,0.03,-0.03,,,,,19961997
398,Vancouver Canucks,82,35,40,7,77,0.47,257,273,-0.2,-0.01,,,,,19961997
399,Calgary Flames,82,32,41,9,73,0.445,214,239,-0.29,0.02,,,,,19961997
400,Los Angeles Kings,82,28,43,11,67,0.409,214,268,-0.62,0.04,,,,,19961997
401,San Jose Sharks,82,27,47,8,62,0.37799999999999995,211,278,-0.78,0.03,,,,,19961997
402,New Jersey Devils*,82,48,23,11,107,0.652,225,166,0.66,-0.06,,,,,19971998
403,Philadelphia Flyers*,82,42,29,11,95,0.579,242,193,0.53,-0.07,,,,,19971998
404,Washington Capitals*,82,40,30,12,92,0.561,219,202,0.17,-0.04,,,,,19971998
405,New York Islanders,82,30,41,11,71,0.433,212,225,-0.15,0.0,,,,,19971998
406,New York Rangers,82,25,39,18,68,0.415,197,231,-0.41,0.0,,,,,19971998
407,Florida Panthers,82,24,43,15,63,0.384,203,256,-0.62,0.03,,,,,19971998
408,Tampa Bay Lightning,82,17,55,10,44,0.268,151,269,-1.37,0.07,,,,,19971998
409,Pittsburgh Penguins*,82,40,24,18,98,0.598,228,188,0.48,-0.01,,,,,19971998
410,Boston Bruins*,82,39,30,13,91,0.555,221,194,0.33,0.0,,,,,19971998
411,Buffalo Sabres*,82,36,29,17,89,0.5429999999999999,211,187,0.29,0.0,,,,,19971998
412,Montreal Canadiens*,82,37,32,13,87,0.53,235,208,0.33,0.0,,,,,19971998
413,Ottawa Senators*,82,34,33,15,83,0.506,193,200,-0.06,0.02,,,,,19971998
414,Carolina Hurricanes,82,33,41,8,74,0.451,200,219,-0.2,0.04,,,,,19971998
415,Dallas Stars*,82,49,22,11,109,0.665,242,167,0.88,-0.03,,,,,19971998
416,Detroit Red Wings*,82,44,23,15,103,0.628,250,196,0.64,-0.02,,,,,19971998
417,St. Louis Blues*,82,45,29,8,98,0.598,256,204,0.63,0.0,,,,,19971998
418,Phoenix Coyotes*,82,35,35,12,82,0.5,224,227,0.0,0.04,,,,,19971998
419,Chicago Blackhawks,82,30,39,13,73,0.445,192,199,-0.06,0.03,,,,,19971998
420,Toronto Maple Leafs,82,30,43,9,69,0.42100000000000004,194,237,-0.46,0.07,,,,,19971998
421,Colorado Avalanche*,82,39,26,17,95,0.579,231,205,0.27,-0.05,,,,,19971998
422,Los Angeles Kings*,82,38,33,11,87,0.53,227,225,-0.01,-0.03,,,,,19971998
423,Edmonton Oilers*,82,35,37,10,80,0.488,215,224,-0.13,-0.02,,,,,19971998
424,San Jose Sharks*,82,34,38,10,78,0.47600000000000003,210,216,-0.1,-0.03,,,,,19971998
425,Calgary Flames,82,26,41,15,67,0.409,217,252,-0.42,0.01,,,,,19971998
426,Mighty Ducks of Anaheim,82,26,43,13,65,0.396,205,261,-0.66,0.02,,,,,19971998
427,Vancouver Canucks,82,25,43,14,64,0.39,224,273,-0.58,0.02,,,,,19971998
428,New Jersey Devils*,82,47,24,11,105,0.64,248,196,0.62,-0.02,,,,,19981999
429,Philadelphia Flyers*,82,37,26,19,93,0.5670000000000001,231,196,0.43,0.0,,,,,19981999
430,Pittsburgh Penguins*,82,38,30,14,90,0.5489999999999999,242,225,0.21,0.0,,,,,19981999
431,New York Rangers,82,33,38,11,77,0.47,217,227,-0.08,0.04,,,,,19981999
432,New York Islanders,82,24,48,10,58,0.354,194,244,-0.55,0.06,,,,,19981999
433,Ottawa Senators*,82,44,23,15,103,0.628,239,179,0.73,0.0,,,,,19981999
434,Toronto Maple Leafs*,82,45,30,7,97,0.591,268,231,0.46,0.01,,,,,19981999
435,Boston Bruins*,82,39,30,13,91,0.555,214,181,0.4,0.0,,,,,19981999
436,Buffalo Sabres*,82,37,28,17,91,0.555,207,175,0.41,0.02,,,,,19981999
437,Montreal Canadiens,82,32,39,11,75,0.457,184,209,-0.26,0.05,,,,,19981999
438,Carolina Hurricanes*,82,34,30,18,86,0.524,210,202,0.1,0.0,,,,,19981999
439,Florida Panthers,82,30,34,18,78,0.47600000000000003,210,228,-0.21,0.01,,,,,19981999
440,Washington Capitals,82,31,45,6,68,0.415,200,218,-0.21,0.01,,,,,19981999
441,Tampa Bay Lightning,82,19,54,9,47,0.287,179,292,-1.28,0.09,,,,,19981999
442,Detroit Red Wings*,82,43,32,7,93,0.5670000000000001,245,202,0.46,-0.06,,,,,19981999
443,St. Louis Blues*,82,37,32,13,87,0.53,237,209,0.29,-0.05,,,,,19981999
444,Chicago Blackhawks,82,29,41,12,70,0.42700000000000005,202,248,-0.55,0.01,,,,,19981999
445,Nashville Predators,82,28,47,7,63,0.384,190,261,-0.85,0.02,,,,,19981999
446,Colorado Avalanche*,82,44,28,10,98,0.598,239,205,0.34,-0.08,,,,,19981999
447,Edmonton Oilers*,82,33,37,12,78,0.47600000000000003,230,226,0.02,-0.03,,,,,19981999
448,Calgary Flames,82,30,40,12,72,0.439,211,234,-0.3,-0.02,,,,,19981999
449,Vancouver Canucks,82,23,47,12,58,0.354,192,258,-0.77,0.04,,,,,19981999
450,Dallas Stars*,82,51,19,12,114,0.695,236,168,0.76,-0.07,,,,,19981999
451,Phoenix Coyotes*,82,39,31,12,90,0.5489999999999999,205,197,0.08,-0.02,,,,,19981999
452,Mighty Ducks of Anaheim*,82,35,34,13,83,0.506,215,206,0.1,-0.01,,,,,19981999
453,San Jose Sharks*,82,31,33,18,80,0.488,196,191,0.04,-0.02,,,,,19981999
454,Los Angeles Kings,82,32,45,5,69,0.42100000000000004,189,222,-0.38,0.03,,,,,19981999
455,Philadelphia Flyers*,82,45,22,15,105,0.64,237,179,0.58,-0.13,0.622,,,,19992000
456,New Jersey Devils*,82,45,24,13,103,0.628,251,203,0.46,-0.13,0.598,,,,19992000
457,Pittsburgh Penguins*,82,37,31,14,88,0.537,241,236,-0.03,-0.09,0.5,,,,19992000
458,New York Rangers,82,29,38,15,73,0.445,218,246,-0.39,-0.05,0.42700000000000005,,,,19992000
459,New York Islanders,82,24,48,10,58,0.354,194,275,-1.02,-0.03,0.348,,,,19992000
460,Toronto Maple Leafs*,82,45,27,10,100,0.61,246,222,0.25,-0.05,0.591,,,,19992000
461,Ottawa Senators*,82,41,28,13,95,0.579,244,210,0.3,-0.12,0.5670000000000001,,,,19992000
462,Buffalo Sabres*,82,35,32,15,85,0.518,213,204,0.01,-0.1,0.494,,,,19992000
463,Montreal Canadiens,82,35,34,13,83,0.506,196,194,-0.06,-0.09,0.48200000000000004,,,,19992000
464,Boston Bruins,82,24,33,25,73,0.445,210,248,-0.52,-0.06,0.409,,,,19992000
465,Washington Capitals*,82,44,24,14,102,0.622,227,194,0.28,-0.13,0.61,,,,19992000
466,Florida Panthers*,82,43,27,12,98,0.598,244,209,0.28,-0.15,0.561,,,,19992000
467,Carolina Hurricanes,82,37,35,10,84,0.512,217,216,-0.1,-0.11,0.512,,,,19992000
468,Tampa Bay Lightning,82,19,47,16,54,0.32899999999999996,204,310,-1.34,-0.05,0.287,,,,19992000
469,Atlanta Thrashers,82,14,57,11,39,0.23800000000000002,170,313,-1.75,0.0,0.213,,,,19992000
470,St. Louis Blues*,82,51,19,12,114,0.695,248,165,1.08,0.07,0.6890000000000001,,,,19992000
471,Detroit Red Wings*,82,48,22,12,108,0.659,278,210,0.88,0.05,0.6459999999999999,,,,19992000
472,Chicago Blackhawks,82,33,37,12,78,0.47600000000000003,242,245,0.1,0.13,0.46299999999999997,,,,19992000
473,Nashville Predators,82,28,40,14,70,0.42700000000000005,199,240,-0.36,0.14,0.384,,,,19992000
474,Colorado Avalanche*,82,42,28,12,96,0.585,233,201,0.46,0.07,0.579,,,,19992000
475,Edmonton Oilers*,82,32,26,24,88,0.537,226,212,0.22,0.05,0.488,,,,19992000
476,Vancouver Canucks,82,30,29,23,83,0.506,227,237,-0.01,0.11,0.457,,,,19992000
477,Calgary Flames,82,31,36,15,77,0.47,211,256,-0.42,0.13,0.439,,,,19992000
478,Dallas Stars*,82,43,23,16,102,0.622,211,184,0.41,0.08,0.585,,,,19992000
479,Los Angeles Kings*,82,39,27,16,94,0.573,245,228,0.3,0.09,0.5489999999999999,,,,19992000
480,Phoenix Coyotes*,82,39,31,12,90,0.5489999999999999,232,228,0.15,0.1,0.524,,,,19992000
481,San Jose Sharks*,82,35,30,17,87,0.53,225,214,0.23,0.1,0.488,,,,19992000
482,Mighty Ducks of Anaheim,82,34,33,15,83,0.506,217,227,0.02,0.14,0.488,,,,19992000
483,New Jersey Devils*,82,48,19,15,111,0.677,295,195,1.1,-0.12,0.659,,,,20002001
484,Philadelphia Flyers*,82,43,25,14,100,0.61,240,207,0.33,-0.07,0.591,,,,20002001
485,Pittsburgh Penguins*,82,42,28,12,96,0.585,281,256,0.23,-0.07,0.5670000000000001,,,,20002001
486,New York Rangers,82,33,43,6,72,0.439,250,290,-0.53,-0.04,0.433,,,,20002001
487,New York Islanders,82,21,51,10,52,0.317,185,268,-1.02,0.0,0.299,,,,20002001
488,Ottawa Senators*,82,48,21,13,109,0.665,274,205,0.74,-0.1,0.64,,,,20002001
489,Buffalo Sabres*,82,46,30,6,98,0.598,218,184,0.35,-0.07,0.591,,,,20002001
490,Toronto Maple Leafs*,82,37,29,16,90,0.5489999999999999,232,207,0.25,-0.05,0.518,,,,20002001
491,Boston Bruins,82,36,30,16,88,0.537,227,249,-0.27,0.0,0.488,,,,20002001
492,Montreal Canadiens,82,28,40,14,70,0.42700000000000005,206,232,-0.35,-0.03,0.39,,,,20002001
493,Washington Capitals*,82,41,27,14,96,0.585,233,211,0.16,-0.1,0.561,,,,20002001
494,Carolina Hurricanes*,82,38,32,12,88,0.537,212,225,-0.24,-0.08,0.518,,,,20002001
495,Florida Panthers,82,22,38,22,66,0.402,200,246,-0.6,-0.04,0.348,,,,20002001
496,Atlanta Thrashers,82,23,45,14,60,0.366,211,289,-0.99,-0.04,0.354,,,,20002001
497,Tampa Bay Lightning,82,24,47,11,59,0.36,201,280,-0.98,-0.01,0.32899999999999996,,,,20002001
498,Detroit Red Wings*,82,49,20,13,111,0.677,253,202,0.63,0.01,0.652,,,,20002001
499,St. Louis Blues*,82,43,22,17,103,0.628,249,195,0.67,0.01,0.598,,,,20002001
500,Nashville Predators,82,34,36,12,80,0.488,186,200,-0.11,0.06,0.47,,,,20002001
501,Chicago Blackhawks,82,29,40,13,71,0.433,210,246,-0.36,0.08,0.402,,,,20002001
502,Columbus Blue Jackets,82,28,39,15,71,0.433,190,233,-0.44,0.08,0.396,,,,20002001
503,Colorado Avalanche*,82,52,16,14,118,0.72,270,192,0.95,0.0,0.695,,,,20002001
504,Edmonton Oilers*,82,39,28,15,93,0.5670000000000001,243,222,0.32,0.07,0.5489999999999999,,,,20002001
505,Vancouver Canucks*,82,36,28,18,90,0.5489999999999999,239,238,0.08,0.07,0.506,,,,20002001
506,Calgary Flames,82,27,36,19,73,0.445,197,236,-0.37,0.11,0.42100000000000004,,,,20002001
507,Minnesota Wild,82,25,39,18,68,0.415,168,210,-0.42,0.09,0.384,,,,20002001
508,Dallas Stars*,82,48,24,10,106,0.6459999999999999,241,187,0.68,0.02,0.634,,,,20002001
509,San Jose Sharks*,82,40,27,15,95,0.579,217,192,0.36,0.06,0.561,,,,20002001
510,Los Angeles Kings*,82,38,28,16,92,0.561,252,228,0.32,0.03,0.5429999999999999,,,,20002001
511,Phoenix Coyotes,82,35,27,20,90,0.5489999999999999,214,212,0.07,0.05,0.53,,,,20002001
512,Mighty Ducks of Anaheim,82,25,41,16,66,0.402,188,245,-0.6,0.1,0.37200000000000005,,,,20002001
513,Philadelphia Flyers*,82,42,27,13,97,0.591,234,192,0.41,-0.11,0.573,,,,20012002
514,New York Islanders*,82,42,28,12,96,0.585,239,220,0.15,-0.08,0.561,,,,20012002
515,New Jersey Devils*,82,41,28,13,95,0.579,205,187,0.15,-0.07,0.555,,,,20012002
516,New York Rangers,82,36,38,8,80,0.488,227,258,-0.43,-0.05,0.46299999999999997,,,,20012002
517,Pittsburgh Penguins,82,28,41,13,69,0.42100000000000004,198,249,-0.66,-0.04,0.39,,,,20012002
518,Boston Bruins*,82,43,24,15,101,0.616,236,201,0.33,-0.09,0.561,,,,20012002
519,Toronto Maple Leafs*,82,43,25,14,100,0.61,249,207,0.44,-0.08,0.585,,,,20012002
520,Ottawa Senators*,82,39,27,16,94,0.573,243,208,0.36,-0.07,0.53,,,,20012002
521,Montreal Canadiens*,82,36,31,15,87,0.53,207,209,-0.1,-0.08,0.512,,,,20012002
522,Buffalo Sabres,82,35,35,12,82,0.5,213,200,0.09,-0.07,0.494,,,,20012002
523,Carolina Hurricanes*,82,35,26,21,91,0.555,217,217,-0.09,-0.09,0.524,,,,20012002
524,Washington Capitals,82,36,33,13,85,0.518,228,240,-0.25,-0.1,0.506,,,,20012002
525,Tampa Bay Lightning,82,27,40,15,69,0.42100000000000004,178,219,-0.58,-0.08,0.396,,,,20012002
526,Florida Panthers,82,22,44,16,60,0.366,180,250,-0.92,-0.07,0.32899999999999996,,,,20012002
527,Atlanta Thrashers,82,19,47,16,54,0.32899999999999996,187,288,-1.27,-0.04,0.299,,,,20012002
528,Detroit Red Wings*,82,51,17,14,116,0.7070000000000001,251,187,0.83,0.05,0.6829999999999999,,,,20012002
529,St. Louis Blues*,82,43,27,12,98,0.598,227,188,0.54,0.07,0.573,,,,20012002
530,Chicago Blackhawks*,82,41,27,14,96,0.585,216,207,0.19,0.08,0.579,,,,20012002
531,Nashville Predators,82,28,41,13,69,0.42100000000000004,196,230,-0.31,0.1,0.42100000000000004,,,,20012002
532,Columbus Blue Jackets,82,22,47,13,57,0.348,164,255,-0.97,0.14,0.317,,,,20012002
533,Colorado Avalanche*,82,45,28,9,99,0.604,212,169,0.58,0.06,0.598,,,,20012002
534,Vancouver Canucks*,82,42,30,10,94,0.573,254,211,0.59,0.07,0.555,,,,20012002
535,Edmonton Oilers,82,38,28,16,92,0.561,205,182,0.34,0.06,0.537,,,,20012002
536,Calgary Flames,82,32,35,15,79,0.48200000000000004,201,220,-0.15,0.08,0.46299999999999997,,,,20012002
537,Minnesota Wild,82,26,35,21,73,0.445,195,238,-0.41,0.11,0.39,,,,20012002
538,San Jose Sharks*,82,44,27,11,99,0.604,248,199,0.62,0.02,0.585,,,,20012002
539,Los Angeles Kings*,82,40,27,15,95,0.579,214,190,0.35,0.05,0.555,,,,20012002
540,Phoenix Coyotes*,82,40,27,15,95,0.579,228,210,0.29,0.07,0.5429999999999999,,,,20012002
541,Dallas Stars,82,36,28,18,90,0.5489999999999999,215,213,0.09,0.07,0.518,,,,20012002
542,Mighty Ducks of Anaheim,82,29,42,11,69,0.42100000000000004,175,198,-0.2,0.08,0.402,,,,20012002
543,New Jersey Devils*,82,46,20,16,108,0.659,216,166,0.49,-0.12,0.622,,,,20022003
544,Philadelphia Flyers*,82,45,20,17,107,0.652,211,166,0.43,-0.12,0.628,,,,20022003
545,New York Islanders*,82,35,34,13,83,0.506,224,231,-0.16,-0.07,0.494,,,,20022003
546,New York Rangers,82,32,36,14,78,0.47600000000000003,210,231,-0.33,-0.08,0.451,,,,20022003
547,Pittsburgh Penguins,82,27,44,11,65,0.396,189,255,-0.85,-0.04,0.366,,,,20022003
548,Ottawa Senators*,82,52,21,9,113,0.6890000000000001,263,182,0.88,-0.11,0.6829999999999999,,,,20022003
549,Toronto Maple Leafs*,82,44,28,10,98,0.598,236,208,0.26,-0.08,0.579,,,,20022003
550,Boston Bruins*,82,36,31,15,87,0.53,245,237,0.02,-0.08,0.506,,,,20022003
551,Montreal Canadiens,82,30,35,17,77,0.47,206,234,-0.39,-0.05,0.415,,,,20022003
552,Buffalo Sabres,82,27,37,18,72,0.439,190,219,-0.4,-0.05,0.39,,,,20022003
553,Tampa Bay Lightning*,82,36,25,21,93,0.5670000000000001,219,210,-0.01,-0.12,0.537,,,,20022003
554,Washington Capitals*,82,39,29,14,92,0.561,224,220,-0.06,-0.11,0.524,,,,20022003
555,Atlanta Thrashers,82,31,39,12,74,0.451,226,284,-0.78,-0.07,0.42100000000000004,,,,20022003
556,Florida Panthers,82,24,36,22,70,0.42700000000000005,176,237,-0.78,-0.03,0.37200000000000005,,,,20022003
557,Carolina Hurricanes,82,22,43,17,61,0.37200000000000005,171,240,-0.9,-0.06,0.335,,,,20022003
558,Detroit Red Wings*,82,48,20,14,110,0.6709999999999999,269,203,0.85,0.05,0.6459999999999999,,,,20022003
559,St. Louis Blues*,82,41,24,17,99,0.604,253,222,0.43,0.05,0.5670000000000001,,,,20022003
560,Chicago Blackhawks,82,30,33,19,79,0.48200000000000004,207,226,-0.14,0.09,0.445,,,,20022003
561,Nashville Predators,82,27,35,20,74,0.451,183,206,-0.17,0.11,0.409,,,,20022003
562,Columbus Blue Jackets,82,29,42,11,69,0.42100000000000004,213,263,-0.51,0.11,0.402,,,,20022003
563,Colorado Avalanche*,82,42,19,21,105,0.64,251,194,0.75,0.06,0.591,,,,20022003
564,Vancouver Canucks*,82,45,23,14,104,0.634,264,208,0.74,0.05,0.628,,,,20022003
565,Minnesota Wild*,82,42,29,11,95,0.579,198,178,0.32,0.08,0.573,,,,20022003
566,Edmonton Oilers*,82,36,26,20,92,0.561,231,230,0.12,0.11,0.506,,,,20022003
567,Calgary Flames,82,29,36,17,75,0.457,186,228,-0.37,0.14,0.433,,,,20022003
568,Dallas Stars*,82,46,17,19,111,0.677,245,169,0.94,0.01,0.652,,,,20022003
569,Mighty Ducks of Anaheim*,82,40,27,15,95,0.579,203,193,0.19,0.07,0.5429999999999999,,,,20022003
570,Los Angeles Kings,82,33,36,13,79,0.48200000000000004,203,221,-0.13,0.09,0.439,,,,20022003
571,Phoenix Coyotes,82,31,35,16,78,0.47600000000000003,204,230,-0.23,0.08,0.445,,,,20022003
572,San Jose Sharks,82,28,37,17,73,0.445,214,239,-0.21,0.1,0.396,,,,20022003
573,Philadelphia Flyers*,82,40,21,21,101,0.616,229,186,0.47,-0.05,0.579,,,,20032004
574,New Jersey Devils*,82,43,25,14,100,0.61,213,164,0.54,-0.06,0.598,,,,20032004
575,New York Islanders*,82,38,29,15,91,0.555,237,210,0.29,-0.04,0.53,,,,20032004
576,New York Rangers,82,27,40,15,69,0.42100000000000004,206,250,-0.51,0.03,0.37200000000000005,,,,20032004
577,Pittsburgh Penguins,82,23,47,12,58,0.354,190,303,-1.31,0.07,0.32899999999999996,,,,20032004
578,Boston Bruins*,82,41,19,22,104,0.634,209,188,0.29,0.03,0.591,,,,20032004
579,Toronto Maple Leafs*,82,45,24,13,103,0.628,242,204,0.48,0.02,0.61,,,,20032004
580,Ottawa Senators*,82,43,23,16,102,0.622,262,189,0.88,-0.01,0.585,,,,20032004
581,Montreal Canadiens*,82,41,30,11,93,0.5670000000000001,208,192,0.23,0.04,0.5429999999999999,,,,20032004
582,Buffalo Sabres,82,37,34,11,85,0.518,220,221,0.02,0.04,0.494,,,,20032004
583,Tampa Bay Lightning*,82,46,22,14,106,0.6459999999999999,245,192,0.56,-0.09,0.61,,,,20032004
584,Atlanta Thrashers,82,33,37,12,78,0.47600000000000003,214,243,-0.38,-0.03,0.451,,,,20032004
585,Carolina Hurricanes,82,28,34,20,76,0.46299999999999997,172,209,-0.46,-0.01,0.42700000000000005,,,,20032004
586,Florida Panthers,82,28,35,19,75,0.457,188,221,-0.42,-0.02,0.433,,,,20032004
587,Washington Capitals,82,23,46,13,59,0.36,186,253,-0.8,0.02,0.341,,,,20032004
588,Detroit Red Wings*,82,48,21,13,109,0.665,255,189,0.72,-0.09,0.652,,,,20032004
589,St. Louis Blues*,82,39,30,13,91,0.555,191,198,-0.09,-0.01,0.5429999999999999,,,,20032004
590,Nashville Predators*,82,38,29,15,91,0.555,216,217,-0.05,-0.04,0.53,,,,20032004
591,Columbus Blue Jackets,82,25,45,12,62,0.37799999999999995,177,238,-0.72,0.03,0.354,,,,20032004
592,Chicago Blackhawks,82,20,43,19,59,0.36,188,259,-0.84,0.02,0.311,,,,20032004
593,Vancouver Canucks*,82,43,24,15,101,0.616,235,194,0.52,0.02,0.585,,,,20032004
594,Colorado Avalanche*,82,40,22,20,100,0.61,236,198,0.48,0.02,0.5670000000000001,,,,20032004
595,Calgary Flames*,82,42,30,10,94,0.573,200,176,0.33,0.04,0.555,,,,20032004
596,Edmonton Oilers,82,36,29,17,89,0.5429999999999999,221,208,0.21,0.05,0.512,,,,20032004
597,Minnesota Wild,82,30,29,23,83,0.506,188,183,0.08,0.02,0.488,,,,20032004
598,San Jose Sharks*,82,43,21,18,104,0.634,219,183,0.4,-0.04,0.598,,,,20032004
599,Dallas Stars*,82,41,26,15,97,0.591,194,175,0.22,-0.01,0.579,,,,20032004
600,Los Angeles Kings,82,28,29,25,81,0.494,205,217,-0.15,0.0,0.439,,,,20032004
601,Mighty Ducks of Anaheim,82,29,35,18,76,0.46299999999999997,184,213,-0.34,0.01,0.415,,,,20032004
602,Phoenix Coyotes,82,22,36,24,68,0.415,188,245,-0.66,0.04,0.37799999999999995,,,,20032004
603,Philadelphia Flyers*,82,45,26,11,101,0.616,267,259,0.0,-0.1,0.561,41.0,34-26-22,0.5489999999999999,20052006
604,New Jersey Devils*,82,46,27,9,101,0.616,242,229,0.05,-0.11,0.53,37.0,33-27-22,0.537,20052006
605,New York Rangers*,82,44,26,12,100,0.61,257,215,0.38,-0.14,0.518,37.0,33-26-23,0.5429999999999999,20052006
606,New York Islanders,82,36,40,6,78,0.47600000000000003,230,278,-0.62,-0.04,0.402,27.0,24-40-18,0.402,20052006
607,Pittsburgh Penguins,82,22,46,14,58,0.354,244,316,-0.89,-0.01,0.299,21.0,17-46-19,0.32299999999999995,20052006
608,Ottawa Senators*,82,52,21,9,113,0.6890000000000001,314,211,1.18,-0.08,0.659,50.0,48-21-13,0.665,20052006
609,Buffalo Sabres*,82,52,24,6,110,0.6709999999999999,281,239,0.5,-0.01,0.634,47.0,41-24-17,0.604,20052006
610,Montreal Canadiens*,82,42,31,9,93,0.5670000000000001,243,247,-0.01,0.04,0.518,40.0,33-31-18,0.512,20052006
611,Toronto Maple Leafs,82,41,33,8,90,0.5489999999999999,257,270,-0.11,0.05,0.524,38.0,31-33-18,0.488,20052006
612,Boston Bruins,82,29,37,16,74,0.451,230,266,-0.36,0.08,0.39,27.0,23-37-22,0.415,20052006
613,Carolina Hurricanes*,82,52,22,8,112,0.6829999999999999,294,260,0.29,-0.13,0.598,44.0,40-22-20,0.61,20052006
614,Tampa Bay Lightning*,82,43,33,6,92,0.561,252,260,-0.18,-0.08,0.512,37.0,31-33-18,0.488,20052006
615,Atlanta Thrashers,82,41,33,8,90,0.5489999999999999,281,275,-0.03,-0.1,0.5,36.0,31-33-18,0.488,20052006
616,Florida Panthers,82,37,34,11,85,0.518,240,257,-0.28,-0.07,0.457,33.0,25-34-23,0.445,20052006
617,Washington Capitals,82,29,41,12,70,0.42700000000000005,237,306,-0.86,-0.02,0.348,22.0,20-41-21,0.37200000000000005,20052006
618,Detroit Red Wings*,82,58,16,8,124,0.7559999999999999,305,209,1.03,-0.14,0.701,54.0,51-16-15,0.713,20052006
619,Nashville Predators*,82,49,25,8,106,0.6459999999999999,259,227,0.32,-0.07,0.579,43.0,40-25-17,0.591,20052006
620,Columbus Blue Jackets,82,35,43,4,74,0.451,223,279,-0.66,0.02,0.396,27.0,21-43-18,0.366,20052006
621,Chicago Blackhawks,82,26,43,13,65,0.396,211,285,-0.86,0.04,0.341,24.0,17-43-22,0.341,20052006
622,St. Louis Blues,82,21,46,15,57,0.348,197,292,-1.09,0.07,0.28,17.0,14-46-22,0.305,20052006
623,Calgary Flames*,82,46,25,11,103,0.628,218,200,0.3,0.08,0.591,44.0,42-25-15,0.604,20052006
624,Colorado Avalanche*,82,43,30,9,95,0.579,283,257,0.39,0.07,0.5429999999999999,40.0,37-30-15,0.5429999999999999,20052006
625,Edmonton Oilers*,82,41,28,13,95,0.579,256,251,0.15,0.09,0.512,34.0,28-28-26,0.5,20052006
626,Vancouver Canucks,82,42,32,8,92,0.561,256,255,0.11,0.1,0.512,38.0,34-32-16,0.512,20052006
627,Minnesota Wild,82,38,36,8,84,0.512,231,215,0.28,0.08,0.451,33.0,32-36-14,0.47600000000000003,20052006
628,Dallas Stars*,82,53,23,6,112,0.6829999999999999,265,218,0.61,0.04,0.579,41.0,38-23-21,0.591,20052006
629,San Jose Sharks*,82,44,27,11,99,0.604,266,242,0.36,0.06,0.573,43.0,34-27-21,0.5429999999999999,20052006
630,Mighty Ducks of Anaheim*,82,43,27,12,98,0.598,254,229,0.37,0.06,0.5489999999999999,40.0,37-27-18,0.561,20052006
631,Los Angeles Kings,82,42,35,5,89,0.5429999999999999,249,270,-0.15,0.11,0.48200000000000004,36.0,32-35-15,0.48200000000000004,20052006
632,Phoenix Coyotes,82,38,39,5,81,0.494,246,271,-0.19,0.12,0.457,34.0,28-39-15,0.433,20052006
633,ew Jersey Devils*,82,49,24,9,107,0.652,216,201,0.03,-0.15,0.585,39.0,36-24-22,0.573,20062007
634,Pittsburgh Penguins*,82,47,24,11,105,0.64,277,246,0.21,-0.17,0.5489999999999999,37.0,31-24-27,0.5429999999999999,20062007
635,New York Rangers*,82,42,30,10,94,0.573,242,216,0.16,-0.16,0.488,33.0,30-30-22,0.5,20062007
636,New York Islanders*,82,40,30,12,92,0.561,248,240,-0.04,-0.14,0.47,32.0,30-30-22,0.5,20062007
637,Philadelphia Flyers,82,22,48,12,56,0.341,214,303,-1.12,-0.04,0.299,21.0,18-48-16,0.317,20062007
638,Buffalo Sabres*,82,53,22,7,113,0.6890000000000001,308,242,0.64,-0.16,0.61,43.0,38-22-22,0.598,20062007
639,Ottawa Senators*,82,48,25,9,105,0.64,288,222,0.64,-0.16,0.61,46.0,44-25-13,0.616,20062007
640,Toronto Maple Leafs,82,40,31,11,91,0.555,258,269,-0.21,-0.08,0.506,36.0,32-31-19,0.506,20062007
641,Montreal Canadiens,82,42,34,6,90,0.5489999999999999,245,256,-0.21,-0.08,0.506,36.0,34-34-14,0.5,20062007
642,Boston Bruins,82,35,41,6,76,0.46299999999999997,219,289,-0.87,-0.01,0.396,26.0,22-41-19,0.384,20062007
643,Atlanta Thrashers*,82,43,28,11,97,0.591,246,245,-0.15,-0.16,0.506,36.0,29-28-25,0.506,20062007
644,Tampa Bay Lightning*,82,44,33,5,93,0.5670000000000001,253,261,-0.25,-0.15,0.488,34.0,29-33-20,0.47600000000000003,20062007
645,Carolina Hurricanes,82,40,34,8,88,0.537,241,253,-0.29,-0.15,0.518,40.0,34-34-14,0.5,20062007
646,Florida Panthers,82,35,31,16,86,0.524,247,257,-0.27,-0.15,0.46299999999999997,33.0,30-31-21,0.494,20062007
647,Washington Capitals,82,28,40,14,70,0.42700000000000005,235,286,-0.73,-0.1,0.402,27.0,23-40-19,0.396,20062007
648,Detroit Red Wings*,82,50,19,13,113,0.6890000000000001,254,199,0.72,0.05,0.6459999999999999,48.0,45-19-18,0.659,20062007
649,Nashville Predators*,82,51,23,8,110,0.6709999999999999,272,212,0.78,0.05,0.616,45.0,42-23-17,0.616,20062007
650,St. Louis Blues,82,34,35,13,81,0.494,214,254,-0.33,0.15,0.415,28.0,24-35-23,0.433,20062007
651,Columbus Blue Jackets,82,33,42,7,73,0.445,201,249,-0.42,0.16,0.402,28.0,24-42-16,0.39,20062007
652,Chicago Blackhawks,82,31,42,9,71,0.433,201,258,-0.52,0.17,0.384,25.0,22-42-18,0.37799999999999995,20062007
653,Vancouver Canucks*,82,49,26,7,105,0.64,222,201,0.39,0.13,0.591,44.0,32-26-24,0.537,20062007
654,Minnesota Wild*,82,48,26,8,104,0.634,235,191,0.65,0.11,0.5670000000000001,38.0,31-26-25,0.53,20062007
655,Calgary Flames*,82,43,29,10,96,0.585,258,226,0.51,0.12,0.537,40.0,38-29-15,0.555,20062007
656,Colorado Avalanche,82,44,31,7,95,0.579,272,251,0.39,0.13,0.53,39.0,36-31-15,0.53,20062007
657,Edmonton Oilers,82,32,43,7,71,0.433,195,248,-0.43,0.22,0.39,29.0,28-43-11,0.409,20062007
658,Anaheim Ducks*,82,48,20,14,110,0.6709999999999999,258,208,0.67,0.06,0.622,44.0,39-20-23,0.616,20062007
659,San Jose Sharks*,82,51,26,5,107,0.652,258,199,0.77,0.05,0.622,49.0,48-26-8,0.634,20062007
660,Dallas Stars*,82,50,25,7,107,0.652,226,197,0.44,0.08,0.579,41.0,35-25-22,0.561,20062007
661,Los Angeles Kings,82,27,41,14,68,0.415,227,283,-0.51,0.18,0.341,23.0,21-41-20,0.37799999999999995,20062007
662,Phoenix Coyotes,82,31,46,5,67,0.409,216,284,-0.64,0.19,0.36,26.0,24-46-12,0.366,20062007
663,Pittsburgh Penguins*,82,47,27,8,102,0.622,247,216,0.24,-0.14,0.555,40.0,39-27-16,0.573,20072008
664,New Jersey Devils*,82,46,29,7,99,0.604,206,197,0.0,-0.11,0.537,38.0,31-29-22,0.512,20072008
665,New York Rangers*,82,42,27,13,97,0.591,213,199,0.05,-0.12,0.518,34.0,30-27-25,0.518,20072008
666,Philadelphia Flyers*,82,42,29,11,95,0.579,248,233,0.06,-0.12,0.53,39.0,36-29-17,0.5429999999999999,20072008
667,New York Islanders,82,35,38,9,79,0.48200000000000004,194,243,-0.65,-0.05,0.415,30.0,25-38-19,0.42100000000000004,20072008
668,Montreal Canadiens*,82,47,25,10,104,0.634,262,222,0.35,-0.14,0.579,42.0,37-25-20,0.573,20072008
669,Ottawa Senators*,82,43,31,8,94,0.573,261,247,0.06,-0.11,0.537,40.0,37-31-14,0.537,20072008
670,Boston Bruins*,82,41,29,12,94,0.573,212,222,-0.2,-0.08,0.506,35.0,32-29-21,0.518,20072008
671,Buffalo Sabres,82,39,31,12,90,0.5489999999999999,255,242,0.05,-0.11,0.506,35.0,30-31-21,0.494,20072008
672,Toronto Maple Leafs,82,36,35,11,83,0.506,231,260,-0.42,-0.06,0.445,33.0,28-35-19,0.457,20072008
673,Washington Capitals*,82,43,31,8,94,0.573,242,231,-0.06,-0.19,0.524,39.0,32-31-19,0.506,20072008
674,Carolina Hurricanes,82,43,33,6,92,0.561,252,249,-0.15,-0.18,0.53,41.0,36-33-13,0.518,20072008
675,Florida Panthers,82,38,35,9,85,0.518,216,226,-0.29,-0.17,0.47,33.0,29-35-18,0.46299999999999997,20072008
676,Atlanta Thrashers,82,34,40,8,76,0.46299999999999997,216,272,-0.8,-0.12,0.396,25.0,19-40-23,0.37200000000000005,20072008
677,Tampa Bay Lightning,82,31,42,9,71,0.433,223,267,-0.67,-0.13,0.37200000000000005,29.0,27-42-13,0.409,20072008
678,Detroit Red Wings*,82,54,21,7,115,0.701,257,184,0.93,0.04,0.659,49.0,47-21-14,0.659,20072008
679,Nashville Predators*,82,41,32,9,91,0.555,230,229,0.13,0.12,0.512,38.0,33-32-17,0.506,20072008
680,Chicago Blackhawks,82,40,34,8,88,0.537,239,235,0.16,0.12,0.48200000000000004,35.0,31-34-17,0.48200000000000004,20072008
681,Columbus Blue Jackets,82,34,36,12,80,0.488,193,218,-0.16,0.15,0.445,31.0,29-36-17,0.457,20072008
682,St. Louis Blues,82,33,36,13,79,0.48200000000000004,205,237,-0.24,0.16,0.415,30.0,29-36-17,0.457,20072008
683,Minnesota Wild*,82,44,28,10,98,0.598,223,218,0.16,0.1,0.5670000000000001,41.0,35-28-19,0.5429999999999999,20072008
684,Colorado Avalanche*,82,44,31,7,95,0.579,231,219,0.24,0.09,0.512,37.0,33-31-18,0.512,20072008
685,Calgary Flames*,82,42,30,10,94,0.573,229,227,0.13,0.1,0.512,39.0,36-30-16,0.537,20072008
686,Vancouver Canucks,82,39,33,10,88,0.537,213,215,0.08,0.11,0.494,33.0,29-33-20,0.47600000000000003,20072008
687,Edmonton Oilers,82,41,35,6,88,0.537,235,251,-0.07,0.12,0.433,26.0,22-35-25,0.42100000000000004,20072008
688,San Jose Sharks*,82,49,23,10,108,0.659,222,193,0.47,0.12,0.598,43.0,40-23-19,0.604,20072008
689,Anaheim Ducks*,82,47,27,8,102,0.622,205,191,0.3,0.13,0.5670000000000001,39.0,35-27-20,0.5489999999999999,20072008
690,Dallas Stars*,82,45,30,7,97,0.591,242,207,0.54,0.11,0.537,40.0,37-30-15,0.5429999999999999,20072008
691,Phoenix Coyotes,82,38,37,7,83,0.506,214,231,-0.04,0.17,0.47,33.0,29-37-16,0.451,20072008
692,Los Angeles Kings,82,32,43,7,71,0.433,231,266,-0.24,0.19,0.37799999999999995,27.0,25-43-14,0.39,20072008
693,New Jersey Devils*,82,51,27,4,106,0.6459999999999999,244,209,0.38,-0.05,0.598,45.0,36-27-19,0.555,20082009
694,Philadelphia Flyers*,82,44,27,11,99,0.604,264,238,0.28,-0.04,0.5489999999999999,40.0,34-27-21,0.5429999999999999,20082009
695,Pittsburgh Penguins*,82,45,28,9,99,0.604,264,239,0.28,-0.02,0.5489999999999999,39.0,33-28-21,0.53,20082009
696,New York Rangers*,82,43,30,9,95,0.579,210,218,-0.1,-0.01,0.5,33.0,30-30-22,0.5,20082009
697,New York Islanders,82,26,47,9,61,0.37200000000000005,201,279,-0.91,0.05,0.32899999999999996,23.0,20-47-15,0.335,20082009
698,Boston Bruins*,82,53,19,10,116,0.7070000000000001,274,196,0.89,-0.06,0.659,49.0,46-19-17,0.665,20082009
699,Montreal Canadiens*,82,41,30,11,93,0.5670000000000001,249,247,0.02,-0.01,0.5,34.0,30-30-22,0.5,20082009
700,Buffalo Sabres,82,41,32,9,91,0.555,250,234,0.18,-0.02,0.48200000000000004,33.0,31-32-19,0.494,20082009
701,Ottawa Senators,82,36,35,11,83,0.506,217,237,-0.23,0.01,0.451,32.0,29-35-18,0.46299999999999997,20082009
702,Toronto Maple Leafs,82,34,35,13,81,0.494,250,293,-0.49,0.03,0.42100000000000004,28.0,24-35-23,0.433,20082009
703,Washington Capitals*,82,50,24,8,108,0.659,272,245,0.27,-0.06,0.616,46.0,40-24-18,0.598,20082009
704,Carolina Hurricanes*,82,45,30,7,97,0.591,239,226,0.11,-0.05,0.561,42.0,35-30-17,0.53,20082009
705,Florida Panthers,82,41,30,11,93,0.5670000000000001,234,231,0.0,-0.04,0.53,38.0,34-30-18,0.524,20082009
706,Atlanta Thrashers,82,35,41,6,76,0.46299999999999997,257,280,-0.3,-0.02,0.39,28.0,24-41-17,0.396,20082009
707,Tampa Bay Lightning,82,24,40,18,66,0.402,210,279,-0.81,0.03,0.335,21.0,19-40-23,0.37200000000000005,20082009
708,Detroit Red Wings*,82,51,21,10,112,0.6829999999999999,295,244,0.62,0.0,0.61,45.0,42-21-19,0.628,20082009
709,Chicago Blackhawks*,82,46,24,12,104,0.634,264,216,0.6,0.01,0.579,42.0,36-24-22,0.573,20082009
710,Columbus Blue Jackets*,82,41,31,10,92,0.561,226,230,-0.01,0.04,0.506,35.0,30-31-21,0.494,20082009
711,St. Louis Blues*,82,41,31,10,92,0.561,233,233,0.05,0.05,0.5,35.0,31-31-20,0.5,20082009
712,Nashville Predators,82,40,34,8,88,0.537,213,233,-0.19,0.06,0.48200000000000004,34.0,28-34-20,0.46299999999999997,20082009
713,Vancouver Canucks*,82,45,27,10,100,0.61,246,220,0.3,-0.02,0.573,42.0,37-27-18,0.561,20082009
714,Calgary Flames*,82,46,30,6,98,0.598,254,248,0.07,0.0,0.555,43.0,40-30-12,0.561,20082009
715,Minnesota Wild,82,40,33,9,89,0.5429999999999999,219,200,0.22,-0.02,0.47600000000000003,35.0,32-33-17,0.494,20082009
716,Edmonton Oilers,82,38,35,9,85,0.518,234,248,-0.16,0.01,0.451,32.0,31-35-16,0.47600000000000003,20082009
717,Colorado Avalanche,82,32,45,5,69,0.42100000000000004,199,257,-0.66,0.05,0.36,23.0,20-45-17,0.348,20082009
718,San Jose Sharks*,82,53,18,11,117,0.713,257,204,0.61,-0.04,0.64,47.0,43-18-21,0.652,20082009
719,Anaheim Ducks*,82,42,33,7,91,0.555,245,238,0.09,0.0,0.488,35.0,30-33-19,0.48200000000000004,20082009
720,Dallas Stars,82,36,35,11,83,0.506,230,257,-0.3,0.03,0.439,30.0,25-35-22,0.439,20082009
721,Phoenix Coyotes,82,36,39,7,79,0.48200000000000004,208,252,-0.5,0.04,0.439,33.0,32-39-11,0.457,20082009
722,Los Angeles Kings,82,34,37,11,79,0.48200000000000004,207,234,-0.29,0.04,0.433,29.0,26-37-19,0.433,20082009
723,New Jersey Devils*,82,48,27,7,103,0.628,222,191,0.31,-0.07,0.579,42.0,40-27-15,0.579,20092010
724,Pittsburgh Penguins*,82,47,28,7,101,0.616,257,237,0.17,-0.07,0.537,39.0,33-28-21,0.53,20092010
725,Philadelphia Flyers*,82,41,35,6,88,0.537,236,225,0.08,-0.06,0.494,37.0,35-35-12,0.5,20092010
726,New York Rangers,82,38,33,11,87,0.53,222,218,0.0,-0.05,0.47,35.0,34-33-15,0.506,20092010
727,New York Islanders,82,34,37,11,79,0.48200000000000004,222,264,-0.53,-0.02,0.402,26.0,20-37-25,0.396,20092010
728,Buffalo Sabres*,82,45,27,10,100,0.61,235,207,0.26,-0.08,0.561,41.0,35-27-20,0.5489999999999999,20092010
729,Ottawa Senators*,82,44,32,6,94,0.573,225,238,-0.22,-0.06,0.537,39.0,34-32-16,0.512,20092010
730,Boston Bruins*,82,39,30,13,91,0.555,206,200,0.01,-0.06,0.47,29.0,25-30-27,0.47,20092010
731,Montreal Canadiens*,82,39,33,10,88,0.537,217,223,-0.14,-0.07,0.46299999999999997,32.0,24-33-25,0.445,20092010
732,Toronto Maple Leafs,82,30,38,14,74,0.451,214,267,-0.68,-0.03,0.366,26.0,21-38-23,0.396,20092010
733,Washington Capitals*,82,54,15,13,121,0.738,318,233,0.9,-0.14,0.665,49.0,43-15-24,0.6709999999999999,20092010
734,Atlanta Thrashers,82,35,34,13,83,0.506,234,256,-0.33,-0.06,0.439,31.0,29-34-19,0.47,20092010
735,Carolina Hurricanes,82,35,37,10,80,0.488,230,256,-0.37,-0.05,0.433,31.0,26-37-19,0.433,20092010
736,Tampa Bay Lightning,82,34,36,12,80,0.488,217,260,-0.56,-0.03,0.433,30.0,25-36-21,0.433,20092010
737,Florida Panthers,82,32,37,13,77,0.47,208,244,-0.47,-0.03,0.415,26.0,24-37-21,0.42100000000000004,20092010
738,Chicago Blackhawks*,82,52,22,8,112,0.6829999999999999,271,209,0.77,0.02,0.616,43.0,37-22-23,0.591,20092010
739,Detroit Red Wings*,82,44,24,14,102,0.622,229,216,0.23,0.07,0.555,38.0,33-24-25,0.555,20092010
740,Nashville Predators*,82,47,29,6,100,0.61,225,225,0.06,0.06,0.5489999999999999,39.0,33-29-20,0.524,20092010
741,St. Louis Blues,82,40,32,10,90,0.5489999999999999,225,223,0.08,0.06,0.47600000000000003,33.0,30-32-20,0.488,20092010
742,Columbus Blue Jackets,82,32,35,15,79,0.48200000000000004,216,259,-0.42,0.11,0.439,30.0,27-35-20,0.451,20092010
743,Vancouver Canucks*,82,49,28,5,103,0.628,272,222,0.6,-0.01,0.598,45.0,41-28-13,0.579,20092010
744,Colorado Avalanche*,82,43,30,9,95,0.579,244,233,0.16,0.02,0.512,36.0,34-30-18,0.524,20092010
745,Calgary Flames,82,40,32,10,90,0.5489999999999999,204,210,-0.03,0.04,0.512,37.0,35-32-15,0.518,20092010
746,Minnesota Wild,82,38,36,8,84,0.512,219,246,-0.26,0.07,0.47600000000000003,33.0,28-36-18,0.451,20092010
747,Edmonton Oilers,82,27,47,8,62,0.37799999999999995,214,284,-0.76,0.09,0.317,19.0,18-47-17,0.32299999999999995,20092010
748,San Jose Sharks*,82,51,20,11,113,0.6890000000000001,264,215,0.65,0.05,0.616,44.0,43-20-19,0.64,20092010
749,Phoenix Coyotes*,82,50,25,7,107,0.652,225,202,0.34,0.06,0.561,36.0,31-25-26,0.537,20092010
750,Los Angeles Kings*,82,46,27,9,101,0.616,241,219,0.32,0.05,0.5489999999999999,36.0,32-27-23,0.53,20092010
751,Anaheim Ducks,82,39,32,11,89,0.5429999999999999,238,251,-0.07,0.09,0.494,34.0,31-32-19,0.494,20092010
752,Dallas Stars,82,37,31,14,88,0.537,237,254,-0.12,0.09,0.47,30.0,28-31-23,0.48,20092010
753,hiladelphia Flyers*,82,47,23,12,106,0.6459999999999999,259,223,0.4,-0.04,0.598,44.0,41-23-18,0.61,20102011
754,Pittsburgh Penguins*,82,49,25,8,106,0.6459999999999999,238,199,0.43,-0.05,0.555,39.0,34-25-23,0.555,20102011
755,New York Rangers*,82,44,33,5,93,0.5670000000000001,233,198,0.37,-0.06,0.5,35.0,32-33-17,0.494,20102011
756,New Jersey Devils,82,38,39,5,81,0.494,174,209,-0.41,0.02,0.457,35.0,28-39-15,0.433,20102011
757,New York Islanders,82,30,39,13,73,0.445,229,264,-0.42,0.01,0.37799999999999995,26.0,19-39-24,0.37799999999999995,20102011
758,Boston Bruins*,82,46,25,11,103,0.628,246,195,0.56,-0.07,0.585,44.0,43-25-14,0.61,20102011
759,Montreal Canadiens*,82,44,30,8,96,0.585,216,209,0.05,-0.04,0.537,41.0,36-30-16,0.537,20102011
760,Buffalo Sabres*,82,43,29,10,96,0.585,245,229,0.15,-0.04,0.5,38.0,28-29-25,0.494,20102011
761,Toronto Maple Leafs,82,37,34,11,85,0.518,218,251,-0.41,0.0,0.457,32.0,30-34-18,0.47600000000000003,20102011
762,Ottawa Senators,82,32,40,10,74,0.451,192,250,-0.69,0.02,0.409,30.0,28-40-14,0.42700000000000005,20102011
763,Washington Capitals*,82,48,23,11,107,0.652,224,197,0.27,-0.06,0.591,43.0,34-23-25,0.5670000000000001,20102011
764,Tampa Bay Lightning*,82,46,25,11,103,0.628,247,240,0.04,-0.05,0.561,40.0,32-25-25,0.5429999999999999,20102011
765,Carolina Hurricanes,82,40,31,11,91,0.555,236,239,-0.08,-0.04,0.488,35.0,29-31-22,0.488,20102011
766,Atlanta Thrashers,82,34,36,12,80,0.488,223,269,-0.57,-0.01,0.42700000000000005,29.0,19-36-27,0.396,20102011
767,Florida Panthers,82,30,40,12,72,0.439,195,229,-0.43,-0.01,0.384,26.0,20-40-22,0.37799999999999995,20102011
768,Detroit Red Wings*,82,47,25,10,104,0.634,261,241,0.27,0.03,0.573,43.0,34-25-23,0.555,20102011
769,Nashville Predators*,82,44,27,11,99,0.604,219,194,0.31,0.01,0.524,38.0,36-27-19,0.555,20102011
770,Chicago Blackhawks*,82,44,29,9,97,0.591,258,225,0.41,0.01,0.53,38.0,34-29-19,0.53,20102011
771,St. Louis Blues,82,38,33,11,87,0.53,240,234,0.11,0.04,0.47600000000000003,34.0,31-33-18,0.488,20102011
772,Columbus Blue Jackets,82,34,35,13,81,0.494,215,258,-0.45,0.08,0.433,29.0,24-35-23,0.433,20102011
773,Vancouver Canucks*,82,54,19,9,117,0.713,262,185,0.87,-0.07,0.665,50.0,46-19-17,0.665,20102011
774,Calgary Flames,82,41,29,12,94,0.573,250,237,0.14,-0.02,0.488,32.0,30-29-23,0.506,20102011
775,Minnesota Wild,82,39,35,8,86,0.524,206,233,-0.3,0.03,0.488,36.0,31-35-16,0.47600000000000003,20102011
776,Colorado Avalanche,82,30,44,8,68,0.415,227,288,-0.7,0.05,0.335,24.0,18-44-20,0.341,20102011
777,Edmonton Oilers,82,25,45,12,62,0.37799999999999995,193,269,-0.87,0.06,0.348,23.0,21-45-16,0.354,20102011
778,San Jose Sharks*,82,48,25,9,105,0.64,248,213,0.44,0.02,0.585,43.0,38-25-19,0.579,20102011
779,Anaheim Ducks*,82,47,30,5,99,0.604,239,235,0.09,0.05,0.561,43.0,34-30-18,0.524,20102011
780,Phoenix Coyotes*,82,43,26,13,99,0.604,231,226,0.11,0.05,0.53,38.0,36-26-20,0.561,20102011
781,Los Angeles Kings*,82,46,30,6,98,0.598,219,198,0.29,0.03,0.512,36.0,35-30-17,0.53,20102011
782,Dallas Stars,82,42,29,11,95,0.579,227,233,-0.02,0.05,0.524,37.0,32-29-21,0.518,20102011
783,New York Rangers*,82,51,24,7,109,0.665,226,187,0.46,-0.02,0.628,47.0,39-24-19,0.591,20112012
784,Pittsburgh Penguins*,82,51,25,6,108,0.659,282,221,0.71,-0.03,0.585,42.0,40-25-17,0.591,20112012
785,Philadelphia Flyers*,82,47,26,9,103,0.628,264,232,0.39,0.0,0.591,43.0,37-26-19,0.5670000000000001,20112012
786,New Jersey Devils*,82,48,28,6,102,0.622,228,209,0.23,0.0,0.537,36.0,32-28-22,0.524,20112012
787,New York Islanders,82,34,37,11,79,0.48200000000000004,203,255,-0.58,0.05,0.396,27.0,24-37-21,0.42100000000000004,20112012
788,Boston Bruins*,82,49,29,4,102,0.622,269,202,0.75,-0.07,0.561,40.0,38-29-15,0.555,20112012
789,Ottawa Senators*,82,41,31,10,92,0.561,249,240,0.09,-0.02,0.488,35.0,30-31-21,0.494,20112012
790,Buffalo Sabres,82,39,32,11,89,0.5429999999999999,218,230,-0.15,0.0,0.47600000000000003,32.0,27-32-23,0.47,20112012
791,Toronto Maple Leafs,82,35,37,10,80,0.488,231,264,-0.38,0.02,0.433,31.0,26-37-19,0.433,20112012
792,Montreal Canadiens,82,31,35,16,78,0.47600000000000003,212,226,-0.17,0.0,0.42100000000000004,26.0,24-35-23,0.433,20112012
793,Florida Panthers*,82,38,26,18,94,0.573,203,227,-0.33,-0.03,0.494,32.0,31-26-25,0.53,20112012
794,Washington Capitals*,82,42,32,8,92,0.561,222,230,-0.13,-0.03,0.512,38.0,31-32-19,0.494,20112012
795,Tampa Bay Lightning,82,38,36,8,84,0.512,235,281,-0.57,-0.01,0.46299999999999997,35.0,25-36-21,0.433,20112012
796,Winnipeg Jets,82,37,35,10,84,0.512,225,246,-0.3,-0.04,0.451,33.0,27-35-20,0.451,20112012
797,Carolina Hurricanes,82,33,33,16,82,0.5,213,243,-0.39,-0.02,0.433,32.0,29-33-20,0.47600000000000003,20112012
798,St. Louis Blues*,82,49,22,11,109,0.665,210,165,0.54,-0.01,0.634,45.0,42-22-18,0.622,20112012
799,Nashville Predators*,82,48,26,8,104,0.634,237,210,0.34,0.01,0.585,43.0,40-26-16,0.585,20112012
800,Detroit Red Wings*,82,48,28,6,102,0.622,248,203,0.55,0.0,0.5489999999999999,39.0,36-28-18,0.5489999999999999,20112012
801,Chicago Blackhawks*,82,45,26,11,101,0.616,248,238,0.14,0.02,0.5489999999999999,38.0,34-26-22,0.5489999999999999,20112012
802,Columbus Blue Jackets,82,29,46,7,65,0.396,202,262,-0.65,0.08,0.36,25.0,23-46-13,0.36,20112012
803,Vancouver Canucks*,82,51,22,9,111,0.677,249,198,0.57,-0.05,0.616,43.0,36-22-24,0.585,20112012
804,Calgary Flames,82,37,29,16,90,0.5489999999999999,202,226,-0.28,0.01,0.488,34.0,32-29-21,0.518,20112012
805,Colorado Avalanche,82,41,35,6,88,0.537,208,220,-0.13,0.01,0.457,32.0,25-35-22,0.439,20112012
806,Minnesota Wild,82,35,36,11,81,0.494,177,226,-0.58,0.02,0.415,24.0,22-36-24,0.415,20112012
807,Edmonton Oilers,82,32,40,10,74,0.451,212,239,-0.32,0.01,0.402,27.0,25-40-17,0.409,20112012
808,Phoenix Coyotes*,82,42,27,13,97,0.591,216,204,0.16,0.01,0.537,36.0,33-27-22,0.537,20112012
809,San Jose Sharks*,82,43,29,10,96,0.585,228,210,0.22,0.0,0.5,34.0,31-29-22,0.512,20112012
810,Los Angeles Kings*,82,40,27,15,95,0.579,194,179,0.19,0.01,0.506,34.0,31-27-24,0.524,20112012
811,Dallas Stars,82,42,35,5,89,0.5429999999999999,211,222,-0.1,0.03,0.494,35.0,31-35-16,0.47600000000000003,20112012
812,Anaheim Ducks,82,34,36,12,80,0.488,204,231,-0.29,0.04,0.439,31.0,29-36-17,0.457,20112012
813,Chicago Blackhawks*,48,36,7,5,77,0.802,155,102,1.04,-0.07,0.74,30.0,25-7-16,0.688,20122013
814,Pittsburgh Penguins*,48,36,12,0,72,0.75,165,119,0.91,-0.05,0.7190000000000001,33.0,31-12-5,0.698,20122013
815,Anaheim Ducks*,48,30,12,6,66,0.688,140,118,0.43,-0.02,0.594,24.0,23-12-13,0.615,20122013
816,Montreal Canadiens*,48,29,14,5,63,0.6559999999999999,149,126,0.46,-0.02,0.594,26.0,24-14-10,0.604,20122013
817,Boston Bruins*,48,28,14,6,62,0.6459999999999999,131,109,0.44,-0.02,0.573,24.0,23-14-11,0.594,20122013
818,St. Louis Blues*,48,29,17,2,60,0.625,129,115,0.31,0.02,0.563,24.0,20-17-11,0.531,20122013
819,Vancouver Canucks*,48,26,15,7,59,0.615,127,121,0.07,-0.06,0.552,21.0,20-15-13,0.552,20122013
820,Los Angeles Kings*,48,27,16,5,59,0.615,133,118,0.29,-0.02,0.583,25.0,24-16-8,0.583,20122013
821,Toronto Maple Leafs*,48,26,17,5,57,0.594,145,133,0.27,0.02,0.594,26.0,24-17-7,0.573,20122013
822,Washington Capitals*,48,27,18,3,57,0.594,149,130,0.31,-0.09,0.531,24.0,20-18-10,0.521,20122013
823,San Jose Sharks*,48,25,16,7,57,0.594,124,116,0.17,0.01,0.479,17.0,17-16-15,0.51,20122013
824,New York Rangers*,48,26,18,4,56,0.583,130,112,0.38,0.0,0.542,22.0,18-18-12,0.5,20122013
825,Ottawa Senators*,48,25,17,6,56,0.583,116,104,0.27,0.02,0.521,21.0,19-17-12,0.521,20122013
826,Detroit Red Wings*,48,24,16,8,56,0.583,124,115,0.2,0.01,0.531,22.0,20-16-12,0.542,20122013
827,New York Islanders*,48,24,17,7,55,0.573,139,139,0.03,0.03,0.49,20.0,18-17-13,0.51,20122013
828,Columbus Blue Jackets,48,24,17,7,55,0.573,120,119,0.03,0.01,0.49,19.0,14-17-17,0.469,20122013
829,Minnesota Wild*,48,26,19,3,55,0.573,122,127,-0.16,-0.05,0.521,22.0,19-19-10,0.5,20122013
830,Winnipeg Jets,48,24,21,3,51,0.531,128,144,-0.36,-0.03,0.51,22.0,18-21-9,0.469,20122013
831,Phoenix Coyotes,48,21,18,9,51,0.531,125,131,-0.1,0.03,0.45799999999999996,17.0,16-18-14,0.479,20122013
832,Philadelphia Flyers,48,23,22,3,49,0.51,133,141,-0.14,0.03,0.49,22.0,20-22-6,0.479,20122013
833,New Jersey Devils,48,19,19,10,48,0.5,112,129,-0.31,0.04,0.44799999999999995,17.0,16-19-13,0.469,20122013
834,Buffalo Sabres,48,21,21,6,48,0.5,125,143,-0.31,0.07,0.406,14.0,13-21-14,0.41700000000000004,20122013
835,Dallas Stars,48,22,22,4,48,0.5,130,142,-0.21,0.05,0.44799999999999995,20.0,18-22-8,0.45799999999999996,20122013
836,Edmonton Oilers,48,19,22,7,45,0.469,125,134,-0.22,-0.03,0.406,17.0,15-22-11,0.42700000000000005,20122013
837,Carolina Hurricanes,48,19,25,4,42,0.43799999999999994,128,160,-0.65,0.02,0.396,18.0,17-25-6,0.41700000000000004,20122013
838,Calgary Flames,48,19,25,4,42,0.43799999999999994,128,160,-0.65,0.02,0.42700000000000005,19.0,17-25-6,0.41700000000000004,20122013
839,Nashville Predators,48,16,23,9,41,0.42700000000000005,111,139,-0.5,0.09,0.375,14.0,11-23-14,0.375,20122013
840,Tampa Bay Lightning,48,18,26,4,40,0.41700000000000004,148,150,-0.11,-0.07,0.396,17.0,16-26-6,0.396,20122013
841,Colorado Avalanche,48,16,25,7,39,0.406,116,152,-0.73,0.02,0.33299999999999996,14.0,11-25-12,0.354,20122013
842,Florida Panthers,48,15,27,6,36,0.375,112,171,-1.18,0.05,0.292,12.0,11-27-10,0.33299999999999996,20122013
843,Boston Bruins*,82,54,19,9,117,0.713,261,177,0.92,-0.11,0.677,51.0,47-19-16,0.6709999999999999,20132014
844,Tampa Bay Lightning*,82,46,27,9,101,0.616,240,215,0.25,-0.06,0.5489999999999999,38.0,32-27-23,0.53,20132014
845,Montreal Canadiens*,82,46,28,8,100,0.61,215,204,0.08,-0.05,0.5429999999999999,40.0,33-28-21,0.53,20132014
846,Detroit Red Wings*,82,39,28,15,93,0.5670000000000001,222,230,-0.14,-0.04,0.5,34.0,30-28-24,0.512,20132014
847,Ottawa Senators,82,37,31,14,88,0.537,236,265,-0.37,-0.02,0.451,30.0,27-31-24,0.47600000000000003,20132014
848,Toronto Maple Leafs,82,38,36,8,84,0.512,231,256,-0.34,-0.04,0.433,29.0,24-36-22,0.42700000000000005,20132014
849,Florida Panthers,82,29,45,8,66,0.402,196,268,-0.87,0.01,0.341,21.0,21-45-16,0.354,20132014
850,Buffalo Sabres,82,21,51,10,52,0.317,157,248,-1.09,0.02,0.244,14.0,11-51-20,0.256,20132014
851,Pittsburgh Penguins*,82,51,24,7,109,0.665,249,207,0.47,-0.04,0.598,44.0,40-24-18,0.598,20132014
852,New York Rangers*,82,45,31,6,96,0.585,218,193,0.26,-0.04,0.5429999999999999,41.0,39-31-12,0.5489999999999999,20132014
853,Philadelphia Flyers*,82,42,30,10,94,0.573,236,235,-0.01,-0.02,0.5429999999999999,39.0,35-30-17,0.53,20132014
854,Columbus Blue Jackets*,82,43,32,7,93,0.5670000000000001,231,216,0.16,-0.03,0.506,38.0,35-32-15,0.518,20132014
855,Washington Capitals,82,38,30,14,90,0.5489999999999999,235,240,-0.08,-0.02,0.47,28.0,24-30-28,0.46299999999999997,20132014
856,New Jersey Devils,82,35,29,18,88,0.537,197,208,-0.15,-0.02,0.506,35.0,26-29-27,0.48200000000000004,20132014
857,Carolina Hurricanes,82,36,35,11,83,0.506,207,230,-0.29,-0.01,0.451,34.0,30-35-17,0.47,20132014
858,New York Islanders,82,34,37,11,79,0.48200000000000004,225,267,-0.51,0.0,0.396,25.0,21-37-24,0.402,20132014
859,Colorado Avalanche*,82,52,22,8,112,0.6829999999999999,250,220,0.4,0.04,0.628,47.0,37-22-23,0.591,20132014
860,St. Louis Blues*,82,52,23,7,111,0.677,248,191,0.71,0.01,0.598,43.0,40-23-19,0.604,20132014
861,Chicago Blackhawks*,82,46,21,15,107,0.652,267,220,0.6,0.02,0.573,40.0,39-21-22,0.61,20132014
862,Minnesota Wild*,82,43,27,12,98,0.598,207,206,0.07,0.05,0.524,35.0,32-27-23,0.53,20132014
863,Dallas Stars*,82,40,31,11,91,0.555,235,228,0.14,0.05,0.494,36.0,34-31-17,0.518,20132014
864,Nashville Predators,82,38,32,12,88,0.537,216,242,-0.25,0.07,0.506,36.0,33-32-17,0.506,20132014
865,Winnipeg Jets,82,37,35,10,84,0.512,227,237,-0.07,0.06,0.439,29.0,24-35-23,0.433,20132014
866,Anaheim Ducks*,82,54,20,8,116,0.7070000000000001,266,209,0.68,-0.01,0.677,51.0,44-20-18,0.6459999999999999,20132014
867,San Jose Sharks*,82,51,22,9,111,0.677,249,200,0.6,0.0,0.604,41.0,37-22-23,0.591,20132014
868,Los Angeles Kings*,82,46,28,8,100,0.61,206,174,0.4,0.01,0.5489999999999999,38.0,34-28-20,0.537,20132014
869,Phoenix Coyotes,82,37,30,15,89,0.5429999999999999,216,231,-0.16,0.03,0.457,31.0,28-30-24,0.488,20132014
870,Vancouver Canucks,82,36,35,11,83,0.506,196,223,-0.3,0.03,0.451,31.0,25-35-22,0.439,20132014
871,Calgary Flames,82,35,40,7,77,0.47,209,241,-0.35,0.04,0.402,28.0,21-40-21,0.384,20132014
872,Edmonton Oilers,82,29,44,9,67,0.409,203,270,-0.75,0.07,0.348,25.0,20-44-18,0.354,20132014
873,New York Rangers*,82,53,22,7,113,0.6890000000000001,252,192,0.69,-0.04,0.652,49.0,43-22-17,0.628,20142015
874,ontreal Canadiens*,82,50,22,10,110,0.6709999999999999,221,189,0.36,-0.03,0.598,43.0,37-22-23,0.591,20142015
875,St. Louis Blues*,82,51,24,7,109,0.665,248,201,0.59,0.02,0.591,42.0,37-24-21,0.579,20142015
876,Anaheim Ducks*,82,51,24,7,109,0.665,236,226,0.1,-0.03,0.604,43.0,35-24-23,0.5670000000000001,20142015
877,Tampa Bay Lightning*,82,50,24,8,108,0.659,262,211,0.57,-0.06,0.622,47.0,43-24-15,0.616,20142015
878,Nashville Predators*,82,47,25,10,104,0.634,232,208,0.33,0.03,0.573,41.0,33-25-24,0.5489999999999999,20142015
879,Chicago Blackhawks*,82,48,28,6,102,0.622,229,189,0.51,0.02,0.5489999999999999,39.0,36-28-18,0.5489999999999999,20142015
880,New York Islanders*,82,47,28,7,101,0.616,252,230,0.26,-0.01,0.5670000000000001,40.0,34-28-20,0.537,20142015
881,Washington Capitals*,82,45,26,11,101,0.616,242,203,0.44,-0.03,0.5429999999999999,40.0,35-26-21,0.555,20142015
882,Vancouver Canucks*,82,48,29,5,101,0.616,242,222,0.2,-0.05,0.561,42.0,36-29-17,0.5429999999999999,20142015
883,Detroit Red Wings*,82,43,25,14,100,0.61,235,221,0.14,-0.03,0.561,39.0,32-25-25,0.5429999999999999,20142015
884,Minnesota Wild*,82,46,28,8,100,0.61,231,201,0.39,0.03,0.555,42.0,38-28-16,0.561,20142015
885,Ottawa Senators*,82,43,26,13,99,0.604,238,215,0.25,-0.04,0.53,37.0,30-26-26,0.524,20142015
886,Winnipeg Jets*,82,43,26,13,99,0.604,230,210,0.29,0.04,0.518,36.0,32-26-24,0.537,20142015
887,Pittsburgh Penguins*,82,43,27,12,98,0.598,221,210,0.12,-0.01,0.537,39.0,33-27-22,0.537,20142015
888,Calgary Flames*,82,45,30,7,97,0.591,241,216,0.26,-0.05,0.5429999999999999,41.0,32-30-20,0.512,20142015
889,Boston Bruins,82,41,27,14,96,0.585,213,211,0.01,-0.01,0.537,37.0,28-27-27,0.506,20142015
890,Los Angeles Kings,82,40,27,15,95,0.579,220,205,0.16,-0.03,0.524,38.0,37-27-18,0.561,20142015
891,Dallas Stars,82,41,31,10,92,0.561,261,260,0.06,0.05,0.494,37.0,33-31-18,0.512,20142015
892,Florida Panthers,82,38,29,15,91,0.555,206,223,-0.23,-0.02,0.47600000000000003,30.0,29-29-24,0.5,20142015
893,Colorado Avalanche,82,39,31,12,90,0.5489999999999999,219,227,-0.04,0.06,0.439,29.0,27-31-24,0.47600000000000003,20142015
894,Columbus Blue Jackets,82,42,35,5,89,0.5429999999999999,236,250,-0.16,0.01,0.47,33.0,28-35-19,0.457,20142015
895,San Jose Sharks,82,40,33,9,89,0.5429999999999999,228,232,-0.08,-0.03,0.5,36.0,34-33-15,0.506,20142015
896,Philadelphia Flyers,82,33,31,18,84,0.512,215,234,-0.23,0.0,0.451,30.0,25-31-26,0.46299999999999997,20142015
897,New Jersey Devils,82,32,36,14,78,0.47600000000000003,181,216,-0.4,0.02,0.402,27.0,26-36-20,0.439,20142015
898,Carolina Hurricanes,82,30,41,11,71,0.433,188,226,-0.44,0.02,0.37799999999999995,25.0,24-41-17,0.396,20142015
899,Toronto Maple Leafs,82,30,44,8,68,0.415,211,262,-0.61,0.02,0.366,25.0,22-44-16,0.366,20142015
900,Edmonton Oilers,82,24,44,14,62,0.37799999999999995,198,283,-1.01,0.03,0.305,19.0,17-44-21,0.335,20142015
901,Arizona Coyotes,82,24,50,8,56,0.341,170,272,-1.2,0.04,0.293,19.0,14-50-18,0.28,20142015
902,Buffalo Sabres,82,23,51,8,54,0.32899999999999996,161,274,-1.33,0.05,0.262,15.0,14-51-17,0.27399999999999997,20142015
903,orida Panthers*,82,47,26,9,103,0.628,239,203,0.42,-0.02,0.5489999999999999,40.0,39-26-17,0.579,20152016
904,Tampa Bay Lightning*,82,46,31,5,97,0.591,227,201,0.3,-0.02,0.561,43.0,36-31-15,0.53,20152016
905,Detroit Red Wings*,82,41,30,11,93,0.5670000000000001,211,224,-0.16,0.0,0.518,39.0,30-30-22,0.5,20152016
906,Boston Bruins,82,42,31,9,93,0.5670000000000001,240,230,0.11,-0.02,0.5,38.0,33-31-18,0.512,20152016
907,Ottawa Senators,82,38,35,9,85,0.518,236,247,-0.13,0.01,0.46299999999999997,32.0,26-35-21,0.445,20152016
908,Montreal Canadiens,82,38,38,6,82,0.5,221,236,-0.18,0.0,0.451,33.0,30-38-14,0.451,20152016
909,Buffalo Sabres,82,35,36,11,81,0.494,201,222,-0.25,0.01,0.457,33.0,29-36-17,0.457,20152016
910,Toronto Maple Leafs,82,29,42,11,69,0.42100000000000004,198,246,-0.56,0.03,0.354,23.0,20-42-20,0.366,20152016
911,Washington Capitals*,82,56,18,8,120,0.732,252,193,0.7,-0.02,0.6709999999999999,52.0,45-18-19,0.665,20152016
912,Pittsburgh Penguins*,82,48,26,8,104,0.634,245,203,0.5,-0.01,0.585,44.0,38-26-18,0.573,20152016
913,New York Rangers*,82,46,27,9,101,0.616,236,217,0.24,0.01,0.555,43.0,39-27-16,0.573,20152016
914,New York Islanders*,82,45,27,10,100,0.61,232,216,0.19,0.0,0.5489999999999999,40.0,34-27-21,0.5429999999999999,20152016
915,Philadelphia Flyers*,82,41,27,14,96,0.585,214,218,-0.03,0.02,0.53,38.0,28-27-27,0.506,20152016
916,Carolina Hurricanes,82,35,31,16,86,0.524,198,226,-0.31,0.03,0.445,33.0,25-31-26,0.46299999999999997,20152016
917,New Jersey Devils,82,38,36,8,84,0.512,184,208,-0.28,0.02,0.488,36.0,27-36-19,0.445,20152016
918,Columbus Blue Jackets,82,34,40,8,76,0.46299999999999997,219,252,-0.38,0.03,0.402,28.0,26-40-16,0.415,20152016
919,Dallas Stars*,82,50,23,9,109,0.665,267,230,0.45,-0.01,0.61,48.0,42-23-17,0.616,20152016
920,St. Louis Blues*,82,49,24,9,107,0.652,224,201,0.28,0.0,0.591,44.0,36-24-22,0.573,20152016
921,Chicago Blackhawks*,82,47,26,9,103,0.628,235,209,0.32,0.0,0.579,46.0,36-26-20,0.561,20152016
922,Nashville Predators*,82,41,27,14,96,0.585,228,215,0.17,0.01,0.488,37.0,35-27-20,0.5489999999999999,20152016
923,Minnesota Wild*,82,38,33,11,87,0.53,216,206,0.13,0.01,0.457,35.0,34-33-15,0.506,20152016
924,Colorado Avalanche,82,39,39,4,82,0.5,216,240,-0.26,0.03,0.451,35.0,33-39-10,0.46299999999999997,20152016
925,Winnipeg Jets,82,35,39,8,78,0.47600000000000003,215,239,-0.26,0.03,0.42700000000000005,32.0,29-39-14,0.439,20152016
926,Anaheim Ducks*,82,46,25,11,103,0.628,218,192,0.27,-0.05,0.5670000000000001,43.0,39-25-18,0.585,20152016
927,Los Angeles Kings*,82,48,28,6,102,0.622,225,195,0.32,-0.04,0.591,46.0,34-28-20,0.537,20152016
928,San Jose Sharks*,82,46,30,6,98,0.598,241,210,0.33,-0.05,0.555,42.0,37-30-15,0.5429999999999999,20152016
929,Arizona Coyotes,82,35,39,8,78,0.47600000000000003,209,245,-0.43,0.01,0.42700000000000005,34.0,29-39-14,0.439,20152016
930,Calgary Flames,82,35,40,7,77,0.47,231,260,-0.36,-0.01,0.433,33.0,24-40-18,0.402,20152016
931,Vancouver Canucks,82,31,38,13,75,0.457,191,243,-0.62,0.02,0.37200000000000005,26.0,22-38-22,0.402,20152016
932,Edmonton Oilers,82,31,43,8,70,0.42700000000000005,203,245,-0.51,0.0,0.37200000000000005,27.0,20-43-19,0.36,20152016
933,Montreal Canadiens*,82,47,26,9,103,0.628,226,200,0.31,-0.01,0.5670000000000001,44.0,33-26-23,0.5429999999999999,20162017
934,Ottawa Senators*,82,44,28,10,98,0.598,212,214,-0.01,0.01,0.524,38.0,34-28-20,0.537,20162017
935,Boston Bruins*,82,44,31,7,95,0.579,234,212,0.27,0.0,0.5429999999999999,42.0,38-31-13,0.5429999999999999,20162017
936,Toronto Maple Leafs*,82,40,27,15,95,0.579,251,242,0.11,0.0,0.53,39.0,33-27-22,0.537,20162017
937,Tampa Bay Lightning,82,42,30,10,94,0.573,234,227,0.09,0.01,0.506,38.0,32-30-20,0.512,20162017
938,Florida Panthers,82,35,36,11,81,0.494,210,237,-0.3,0.03,0.433,30.0,23-36-23,0.42100000000000004,20162017
939,Detroit Red Wings,82,33,36,13,79,0.48200000000000004,207,244,-0.41,0.04,0.348,24.0,17-36-29,0.384,20162017
940,Buffalo Sabres,82,33,37,12,78,0.47600000000000003,201,237,-0.41,0.03,0.42700000000000005,31.0,25-37-20,0.42700000000000005,20162017
941,Washington Capitals*,82,55,19,8,118,0.72,263,182,0.99,0.0,0.6890000000000001,53.0,45-19-18,0.659,20162017
942,Pittsburgh Penguins*,82,50,21,11,111,0.677,282,234,0.59,0.01,0.616,46.0,40-21-21,0.616,20162017
943,Columbus Blue Jackets*,82,50,24,8,108,0.659,249,195,0.68,0.02,0.61,48.0,39-24-19,0.591,20162017
944,New York Rangers*,82,48,28,6,102,0.622,256,220,0.47,0.03,0.591,45.0,40-28-14,0.573,20162017
945,New York Islanders,82,41,29,12,94,0.573,241,242,0.03,0.05,0.512,39.0,33-29-20,0.524,20162017
946,Philadelphia Flyers,82,39,33,10,88,0.537,219,236,-0.17,0.04,0.46299999999999997,32.0,25-33-24,0.451,20162017
947,Carolina Hurricanes,82,36,31,15,87,0.53,215,236,-0.21,0.05,0.457,33.0,28-31-23,0.48200000000000004,20162017
948,New Jersey Devils,82,28,40,14,70,0.42700000000000005,183,244,-0.67,0.08,0.341,25.0,18-40-24,0.366,20162017
949,Chicago Blackhawks*,82,50,23,9,109,0.665,244,213,0.32,-0.06,0.591,46.0,37-23-22,0.585,20162017
950,Minnesota Wild*,82,49,25,8,106,0.6459999999999999,266,208,0.63,-0.08,0.591,46.0,42-25-15,0.604,20162017
951,St. Louis Blues*,82,46,29,7,99,0.604,235,218,0.17,-0.04,0.561,44.0,38-29-15,0.555,20162017
952,Nashville Predators*,82,41,29,12,94,0.573,240,224,0.16,-0.04,0.512,39.0,35-29-18,0.537,20162017
953,Winnipeg Jets,82,40,35,7,87,0.53,249,256,-0.11,-0.03,0.47600000000000003,37.0,33-35-14,0.488,20162017
954,Dallas Stars,82,34,37,11,79,0.48200000000000004,223,262,-0.48,-0.01,0.42100000000000004,33.0,28-37-17,0.445,20162017
955,Colorado Avalanche,82,22,56,4,48,0.293,166,278,-1.32,0.05,0.27399999999999997,21.0,14-56-12,0.244,20162017
956,Anaheim Ducks*,82,46,23,13,105,0.64,223,200,0.24,-0.04,0.561,43.0,40-23-19,0.604,20162017
957,Edmonton Oilers*,82,47,26,9,103,0.628,247,212,0.37,-0.06,0.579,43.0,37-26-19,0.5670000000000001,20162017
958,San Jose Sharks*,82,46,29,7,99,0.604,221,201,0.21,-0.03,0.555,44.0,38-29-15,0.555,20162017
959,Calgary Flames*,82,45,33,4,94,0.573,226,221,0.02,-0.04,0.537,41.0,32-33-17,0.494,20162017
960,Los Angeles Kings,82,39,35,8,86,0.524,201,205,-0.07,-0.02,0.488,37.0,25-35-22,0.439,20162017
961,Arizona Coyotes,82,30,42,10,70,0.42700000000000005,197,260,-0.76,0.01,0.341,24.0,20-42-20,0.366,20162017
962,Vancouver Canucks,82,30,43,9,69,0.42100000000000004,182,243,-0.73,0.01,0.354,26.0,19-43-20,0.354,20162017
963,ampa Bay Lightning*,82,54,23,5,113,0.6890000000000001,296,236,0.66,-0.07,0.634,48.0,42-23-17,0.616,20172018
964,Boston Bruins*,82,50,20,12,112,0.6829999999999999,270,214,0.62,-0.07,0.61,47.0,41-20-21,0.628,20172018
965,Toronto Maple Leafs*,82,49,26,7,105,0.64,277,232,0.49,-0.06,0.5670000000000001,42.0,37-26-19,0.5670000000000001,20172018
966,Florida Panthers,82,44,30,8,96,0.585,248,246,-0.01,-0.04,0.537,41.0,38-30-14,0.5489999999999999,20172018
967,Detroit Red Wings,82,30,39,13,73,0.445,217,255,-0.48,-0.01,0.341,25.0,22-39-21,0.396,20172018
968,Montreal Canadiens,82,29,40,13,71,0.433,209,264,-0.68,0.0,0.37799999999999995,27.0,24-40-18,0.402,20172018
969,Ottawa Senators,82,28,43,11,67,0.409,221,291,-0.85,0.0,0.37200000000000005,26.0,18-43-21,0.348,20172018
970,Buffalo Sabres,82,25,45,12,62,0.37799999999999995,199,280,-0.98,0.01,0.311,24.0,19-45-18,0.341,20172018
971,Washington Capitals*,82,49,26,7,105,0.64,259,239,0.21,-0.04,0.585,46.0,38-26-18,0.573,20172018
972,Pittsburgh Penguins*,82,47,29,6,100,0.61,272,250,0.23,-0.04,0.573,45.0,33-29-20,0.524,20172018
973,Philadelphia Flyers*,82,42,26,14,98,0.598,251,243,0.07,-0.03,0.5429999999999999,40.0,31-26-25,0.53,20172018
974,Columbus Blue Jackets*,82,45,30,7,97,0.591,242,230,0.11,-0.04,0.537,39.0,30-30-22,0.5,20172018
975,New Jersey Devils*,82,44,29,9,97,0.591,248,244,0.02,-0.03,0.53,39.0,33-29-20,0.524,20172018
976,Carolina Hurricanes,82,36,35,11,83,0.506,228,256,-0.35,-0.01,0.439,33.0,30-35-17,0.47,20172018
977,New York Islanders,82,35,37,10,80,0.488,264,296,-0.4,-0.01,0.42700000000000005,32.0,25-37-20,0.42700000000000005,20172018
978,New York Rangers,82,34,39,9,77,0.47,231,268,-0.46,-0.01,0.42700000000000005,31.0,24-39-19,0.409,20172018
979,Nashville Predators*,82,53,18,11,117,0.713,267,211,0.71,0.03,0.652,47.0,42-18-22,0.6459999999999999,20172018
980,Winnipeg Jets*,82,52,20,10,114,0.695,277,218,0.74,0.02,0.622,48.0,43-20-19,0.64,20172018
981,Minnesota Wild*,82,45,26,11,101,0.616,253,232,0.29,0.04,0.5489999999999999,42.0,38-26-18,0.573,20172018
982,Colorado Avalanche*,82,43,30,9,95,0.579,257,237,0.28,0.04,0.518,41.0,35-30-17,0.53,20172018
983,St. Louis Blues,82,44,32,6,94,0.573,226,222,0.1,0.05,0.518,41.0,33-32-17,0.506,20172018
984,Dallas Stars,82,42,32,8,92,0.561,235,225,0.17,0.04,0.506,38.0,33-32-17,0.506,20172018
985,Chicago Blackhawks,82,33,39,10,76,0.46299999999999997,229,256,-0.26,0.07,0.409,32.0,26-39-17,0.42100000000000004,20172018
986,Vegas Golden Knights*,82,51,24,7,109,0.665,272,228,0.52,-0.01,0.616,47.0,39-24-19,0.591,20172018
987,Anaheim Ducks*,82,44,25,13,101,0.616,235,216,0.24,0.01,0.555,40.0,35-25-22,0.561,20172018
988,San Jose Sharks*,82,45,27,10,100,0.61,252,229,0.28,0.0,0.537,40.0,35-27-20,0.5489999999999999,20172018
989,Los Angeles Kings*,82,45,29,8,98,0.598,239,203,0.44,0.0,0.5429999999999999,43.0,34-29-19,0.53,20172018
990,Calgary Flames,82,37,35,10,84,0.512,218,248,-0.33,0.03,0.47,35.0,28-35-19,0.457,20172018
991,Edmonton Oilers,82,36,40,6,78,0.47600000000000003,234,263,-0.32,0.03,0.415,31.0,24-40-18,0.402,20172018
992,Vancouver Canucks,82,31,40,11,73,0.445,218,264,-0.51,0.05,0.409,31.0,25-40-17,0.409,20172018
993,Arizona Coyotes,82,29,41,12,70,0.42700000000000005,208,256,-0.53,0.05,0.37200000000000005,27.0,20-41-21,0.37200000000000005,20172018
994,Tampa Bay Lightning*,82,62,16,4,128,0.78,325,222,1.21,-0.05,0.726,56.0,49-16-17,0.701,20182019
995,Boston Bruins*,82,49,24,9,107,0.652,259,215,0.52,-0.01,0.604,47.0,38-24-20,0.585,20182019
996,Toronto Maple Leafs*,82,46,28,8,100,0.61,286,251,0.42,-0.01,0.573,46.0,40-28-14,0.573,20182019
997,Montreal Canadiens,82,44,30,8,96,0.585,249,236,0.16,0.0,0.518,41.0,37-30-15,0.5429999999999999,20182019
998,Florida Panthers,82,36,32,14,86,0.524,267,280,-0.14,0.02,0.46299999999999997,33.0,26-32-24,0.46299999999999997,20182019
999,Buffalo Sabres,82,33,39,10,76,0.46299999999999997,226,271,-0.51,0.04,0.39,28.0,21-39-22,0.39,20182019
1000,Detroit Red Wings,82,32,40,10,74,0.451,227,277,-0.57,0.04,0.402,29.0,20-40-22,0.37799999999999995,20182019
1001,Ottawa Senators,82,29,47,6,64,0.39,242,302,-0.69,0.05,0.36,29.0,23-47-12,0.354,20182019
1002,Washington Capitals*,82,48,26,8,104,0.634,278,249,0.35,-0.01,0.5670000000000001,44.0,39-26-17,0.579,20182019
1003,New York Islanders*,82,48,27,7,103,0.628,228,196,0.38,-0.01,0.585,43.0,37-27-18,0.561,20182019
1004,Pittsburgh Penguins*,82,44,26,12,100,0.61,273,241,0.38,-0.01,0.5429999999999999,42.0,37-26-19,0.5670000000000001,20182019
1005,Carolina Hurricanes*,82,46,29,7,99,0.604,245,223,0.26,-0.01,0.561,44.0,39-29-14,0.561,20182019
1006,Columbus Blue Jackets*,82,47,31,4,98,0.598,258,232,0.31,-0.01,0.5670000000000001,45.0,37-31-14,0.537,20182019
1007,Philadelphia Flyers,82,37,37,8,82,0.5,244,281,-0.42,0.03,0.439,34.0,28-37-17,0.445,20182019
1008,New York Rangers,82,32,36,14,78,0.47600000000000003,227,272,-0.52,0.03,0.384,26.0,23-36-23,0.42100000000000004,20182019
1009,New Jersey Devils,82,31,41,10,72,0.439,222,275,-0.61,0.04,0.384,28.0,24-41-17,0.396,20182019
1010,Nashville Predators*,82,47,29,6,100,0.61,240,214,0.31,-0.01,0.561,43.0,38-29-15,0.555,20182019
1011,Winnipeg Jets*,82,47,30,5,99,0.604,272,244,0.33,-0.02,0.5670000000000001,45.0,38-30-14,0.5489999999999999,20182019
1012,St. Louis Blues*,82,45,28,9,99,0.604,247,223,0.28,-0.01,0.5489999999999999,42.0,36-28-18,0.5489999999999999,20182019
1013,Dallas Stars*,82,43,32,7,93,0.5670000000000001,210,202,0.09,0.0,0.53,42.0,36-32-14,0.524,20182019
1014,Colorado Avalanche*,82,38,30,14,90,0.5489999999999999,260,246,0.17,-0.01,0.46299999999999997,36.0,33-30-19,0.518,20182019
1015,Chicago Blackhawks,82,36,34,12,84,0.512,270,292,-0.25,0.02,0.42700000000000005,33.0,24-34-24,0.439,20182019
1016,Minnesota Wild,82,37,36,9,83,0.506,211,237,-0.3,0.02,0.47,36.0,33-36-13,0.48200000000000004,20182019
1017,Calgary Flames*,82,50,25,7,107,0.652,289,227,0.7,-0.06,0.634,50.0,45-25-12,0.622,20182019
1018,San Jose Sharks*,82,46,27,9,101,0.616,289,261,0.3,-0.04,0.579,46.0,38-27-17,0.5670000000000001,20182019
1019,Vegas Golden Knights*,82,43,32,7,93,0.5670000000000001,249,230,0.19,-0.04,0.518,40.0,36-32-14,0.524,20182019
1020,Arizona Coyotes,82,39,35,8,86,0.524,213,223,-0.14,-0.02,0.47,35.0,30-35-17,0.47,20182019
1021,Vancouver Canucks,82,35,36,11,81,0.494,225,254,-0.35,0.01,0.42700000000000005,29.0,22-36-24,0.415,20182019
1022,Anaheim Ducks,82,35,37,10,80,0.488,199,251,-0.63,0.01,0.42700000000000005,32.0,27-37-18,0.439,20182019
1023,Edmonton Oilers,82,35,38,9,79,0.48200000000000004,232,274,-0.51,0.01,0.42700000000000005,32.0,24-38-20,0.415,20182019
1024,Los Angeles Kings,82,31,42,9,71,0.433,202,263,-0.73,0.02,0.384,28.0,22-42-18,0.37799999999999995,20182019
1025,Boston Bruins*,70,44,14,12,100,0.7140000000000001,227,174,0.74,-0.02,0.679,38.0,38-14-18,0.6709999999999999,20192020
1026,Washington Capitals*,69,41,20,8,90,0.652,240,215,0.41,0.04,0.5870000000000001,31.0,31-20-18,0.58,20192020
1027,Tampa Bay Lightning*,70,43,21,6,92,0.657,245,195,0.71,0.0,0.607,35.0,35-21-14,0.6,20192020
1028,Philadelphia Flyers*,69,41,21,7,89,0.645,232,196,0.52,0.0,0.594,31.0,31-21-17,0.5720000000000001,20192020
1029,Pittsburgh Penguins*,69,40,23,6,86,0.623,224,196,0.39,-0.02,0.5579999999999999,29.0,29-23-17,0.5429999999999999,20192020
1030,Carolina Hurricanes*,68,38,25,5,81,0.596,222,193,0.41,-0.02,0.522,27.0,27-25-16,0.515,20192020
1031,Toronto Maple Leafs*,70,36,25,9,81,0.579,238,227,0.15,-0.01,0.5429999999999999,28.0,28-25-17,0.521,20192020
1032,Columbus Blue Jackets*,70,33,22,15,81,0.579,180,187,-0.12,-0.02,0.5,25.0,25-22-23,0.521,20192020
1033,New York Islanders*,68,35,23,10,80,0.588,192,193,0.01,0.02,0.515,24.0,24-23-21,0.507,20192020
1034,New York Rangers*,70,37,28,5,79,0.564,234,222,0.15,-0.03,0.536,31.0,31-28-11,0.521,20192020
1035,Florida Panthers*,69,35,26,8,78,0.565,231,228,0.05,0.01,0.514,30.0,30-26-13,0.529,20192020
1036,Montreal Canadiens*,71,31,31,9,71,0.5,212,221,-0.12,0.01,0.415,19.0,19-31-21,0.415,20192020
1037,Buffalo Sabres,69,30,31,8,68,0.493,195,217,-0.34,-0.03,0.435,22.0,22-31-16,0.435,20192020
1038,New Jersey Devils,69,28,29,12,68,0.493,189,230,-0.57,0.02,0.42,22.0,22-29-18,0.449,20192020
1039,Ottawa Senators,71,25,34,12,62,0.43700000000000006,191,243,-0.76,-0.02,0.38,18.0,18-34-19,0.387,20192020
1040,Detroit Red Wings,71,17,49,5,39,0.275,145,267,-1.7,0.02,0.23199999999999998,13.0,13-49-9,0.24600000000000002,20192020
1041,St. Louis Blues*,71,42,19,10,94,0.662,225,193,0.47,0.02,0.599,33.0,33-19-19,0.599,20192020
1042,Vegas Golden Knights*,71,39,24,8,86,0.606,227,211,0.21,-0.02,0.542,30.0,30-24-17,0.542,20192020
1043,Colorado Avalanche*,70,42,20,8,92,0.657,237,191,0.64,-0.02,0.6,37.0,37-20-13,0.621,20192020
1044,Edmonton Oilers*,71,37,25,9,83,0.585,225,217,0.09,-0.02,0.521,31.0,31-25-15,0.542,20192020
1045,Dallas Stars*,69,37,24,8,82,0.594,180,177,0.09,0.05,0.5429999999999999,26.0,26-24-19,0.514,20192020
1046,Winnipeg Jets*,71,37,28,6,80,0.563,216,203,0.17,-0.01,0.514,30.0,30-28-13,0.514,20192020
1047,Calgary Flames*,70,36,27,7,79,0.564,210,215,-0.08,-0.01,0.479,25.0,25-27-18,0.486,20192020
1048,Vancouver Canucks*,69,36,27,6,78,0.565,228,217,0.13,-0.03,0.514,27.0,27-27-15,0.5,20192020
1049,Nashville Predators*,69,35,26,8,78,0.565,215,217,-0.03,-0.01,0.507,28.0,28-26-15,0.514,20192020
1050,Minnesota Wild*,69,35,27,7,77,0.5579999999999999,220,220,0.01,0.01,0.514,30.0,30-27-12,0.522,20192020
1051,Arizona Coyotes*,70,33,29,8,74,0.529,195,187,0.11,0.0,0.46399999999999997,26.0,26-29-15,0.479,20192020
1052,Chicago Blackhawks*,70,32,30,8,72,0.514,212,218,-0.05,0.04,0.457,23.0,23-30-17,0.45,20192020
1053,Anaheim Ducks,71,29,33,9,67,0.47200000000000003,187,226,-0.53,0.02,0.38,20.0,20-33-18,0.408,20192020
1054,Los Angeles Kings,70,29,35,6,64,0.457,178,212,-0.48,0.01,0.429,21.0,21-35-14,0.4,20192020
1055,San Jose Sharks,70,29,36,5,63,0.45,182,226,-0.62,0.01,0.40700000000000003,22.0,22-36-12,0.4,20192020
