Rk,Player,Age,Tm,Pos,GP,G,A,PTS,PLUSMINUS,PIM,PS,EV,PP,SH,GW,EV.1,PP.1,SH.1,S,S%,TOI,ATOI,BLK,HIT,FOW,FOL,FO%,season
0,1,Noel Acciari,29,FLA,C,35,4,7,11,3,4,0.7,3,1,0,1,4,2,1,57,7.0,551,15:44,54,77,237,225,51.3,20202021
1,2,Calen Addison,20,MIN,D,3,0,0,0,0,0,0.0,0,0,0,0,0,0,0,4,0.0,56,18:31,1,2,0,0,,20202021
2,3,Kenny Agostino,28,TOR,LW,1,0,0,0,0,0,0.0,0,0,0,0,0,0,0,0,,4,4:08,0,0,0,0,,20202021
3,4,Andrew Agozzino,30,ANA,LW,3,0,1,1,0,0,0.1,0,0,0,0,1,0,0,3,0.0,37,12:11,7,6,16,16,50.0,20202021
4,5,Jack Ahcan,23,BOS,D,2,0,0,0,-3,0,-0.2,0,0,0,0,0,0,0,4,0.0,39,19:40,3,2,0,0,,20202021
5,6,Sebastian Aho,23,CAR,F,41,17,21,38,10,24,4.7,11,5,1,4,13,8,0,107,15.9,805,19:39,14,25,279,244,53.3,20202021
6,7,Sebastian Aho,24,NYI,D,3,1,1,2,-1,2,0.3,1,0,0,0,1,0,0,4,25.0,40,13:21,2,1,0,0,,20202021
7,8,Frederic Allard,23,NSH,D,1,0,0,0,-2,0,-0.1,0,0,0,0,0,0,0,0,,17,16:59,1,0,0,0,,20202021
8,9,Mark Alt,29,LAK,D,2,0,0,0,0,2,0.0,0,0,0,0,0,0,0,3,0.0,27,13:35,1,2,0,0,,20202021
9,10,Michael Amadio,24,TOT,C,24,0,3,3,-4,4,-0.3,0,0,0,0,2,1,0,22,0.0,303,12:36,16,7,94,94,50.0,20202021
10,10,Michael Amadio,24,LAK,C,20,0,2,2,-5,2,-0.3,0,0,0,0,1,1,0,19,0.0,249,12:26,15,2,75,72,51.0,20202021
11,10,Michael Amadio,24,OTT,C,4,0,1,1,1,2,0.1,0,0,0,0,1,0,0,3,0.0,54,13:26,1,5,19,22,46.3,20202021
12,11,Joey Anderson,22,TOR,RW,1,0,0,0,1,2,0.0,0,0,0,0,0,0,0,0,,10,9:36,3,0,0,1,0.0,20202021
13,12,Josh Anderson,26,MTL,RW,37,15,7,22,1,34,2.8,13,1,1,4,6,1,0,94,16.0,590,15:57,19,97,7,2,77.8,20202021
14,13,Michael Anderson,21,LAK,D,40,0,8,8,3,20,2.3,0,0,0,0,7,0,1,37,0.0,855,21:23,54,41,0,0,,20202021
15,14,Jaret Anderson-Dolan,21,LAK,C,21,6,4,10,-7,6,1.0,5,1,0,2,4,0,0,26,23.1,307,14:36,9,42,99,104,48.8,20202021
16,15,Lias Andersson,22,LAK,C,13,2,0,2,-6,6,0.0,2,0,0,0,0,0,0,15,13.3,139,10:43,2,4,14,24,36.8,20202021
17,16,Rasmus Andersson,24,CGY,D,43,3,13,16,-11,34,2.3,2,1,0,0,8,5,0,75,4.0,915,21:16,54,39,0,0,,20202021
18,17,Andy Andreoff,29,PHI,LW,6,0,0,0,-6,9,-0.3,0,0,0,0,0,0,0,2,0.0,52,8:37,1,14,15,9,62.5,20202021
19,18,Anthony Angello,24,PIT,C,19,2,2,4,4,8,0.5,1,1,0,0,2,0,0,19,10.5,152,7:59,2,51,0,0,,20202021
20,19,Artem Anisimov,32,OTT,C,18,2,6,8,1,2,0.7,1,1,0,0,6,0,0,29,6.9,215,11:57,9,8,33,49,40.2,20202021
21,20,Mason Appleton,25,WPG,C,43,9,11,20,10,6,2.3,9,0,0,1,10,0,1,59,15.3,615,14:18,19,38,6,5,54.5,20202021
22,21,Josh Archibald,28,EDM,RW,38,6,2,8,-2,29,0.5,6,0,0,0,2,0,0,44,13.6,511,13:27,26,139,1,3,25.0,20202021
23,22,Joel Armia,27,MTL,RW,25,5,5,10,4,6,1.1,4,0,1,0,4,0,1,49,10.2,355,14:13,6,49,6,15,28.6,20202021
24,23,Viktor Arvidsson,27,NSH,LW,43,10,14,24,8,17,2.8,8,2,0,2,13,1,0,138,7.2,723,16:49,25,10,6,16,27.3,20202021
25,24,Rasmus Asplund,23,BUF,F,14,5,1,6,4,0,1.1,5,0,0,2,1,0,0,16,31.3,156,11:11,0,7,5,6,45.5,20202021
26,25,Zach Aston-Reese,26,PIT,C,31,8,3,11,9,15,1.4,7,0,1,0,3,0,0,52,15.4,453,14:36,18,56,3,5,37.5,20202021
27,26,Andreas Athanasiou,26,LAK,C,34,9,8,17,-8,23,1.7,9,0,0,1,7,1,0,63,14.3,503,14:47,10,7,2,0,100.0,20202021
28,27,Cam Atkinson,31,CBJ,RW,44,14,14,28,-9,4,2.6,9,1,4,2,8,6,0,127,11.0,832,18:55,21,18,5,17,22.7,20202021
29,28,Nicolas Aube-Kubel,24,PHI,RW,40,3,7,10,-3,40,0.4,3,0,0,0,7,0,0,41,7.3,446,11:09,12,98,2,2,50.0,20202021
30,29,David Backes,36,ANA,C,13,3,1,4,-2,2,0.4,3,0,0,1,1,0,0,28,10.7,168,12:57,15,26,72,71,50.3,20202021
31,30,Mikael Backlund,31,CGY,C,41,8,18,26,-6,22,2.2,7,0,1,0,12,5,1,108,7.4,708,17:16,17,36,281,260,51.9,20202021
32,31,Nicklas Backstrom,33,WSH,C,43,14,30,44,1,10,4.6,9,5,0,0,16,14,0,72,19.4,802,18:38,21,16,276,324,46.0,20202021
33,32,Josh Bailey,31,NYI,C,42,6,19,25,9,2,2.4,6,0,0,1,11,8,0,65,9.2,754,17:57,16,11,11,15,42.3,20202021
34,33,Justin Bailey,25,VAN,RW,3,0,0,0,-2,2,-0.1,0,0,0,0,0,0,0,6,0.0,20,6:48,0,2,0,0,,20202021
35,34,Rudolfs Balcers,23,SJS,LW,27,6,7,13,-2,6,1.3,6,0,0,2,6,1,0,50,12.0,388,14:22,21,47,0,3,0.0,20202021
36,35,Alexander Barabanov,26,TOR,F,13,0,1,1,1,4,-0.1,0,0,0,0,1,0,0,11,0.0,112,8:37,5,5,0,0,,20202021
37,36,Ivan Barbashev,25,STL,C,24,3,5,8,3,4,0.7,2,1,0,0,5,0,0,31,9.7,319,13:18,10,29,35,56,38.5,20202021
38,37,Aleksander Barkov,25,FLA,C,37,18,26,44,14,8,5.8,13,4,1,4,17,9,0,133,13.5,787,21:17,24,25,413,352,54.0,20202021
39,38,Alex Barre-Boulet,23,TBL,F,2,0,0,0,1,0,0.0,0,0,0,0,0,0,0,1,0.0,23,11:27,0,1,1,2,33.3,20202021
40,39,Tyson Barrie,29,EDM,D,42,5,30,35,3,4,5.2,3,2,0,1,16,14,0,115,4.3,913,21:44,41,20,0,0,,20202021
41,40,Matt Bartkowski,32,MIN,D,1,0,0,0,-1,0,-0.1,0,0,0,0,0,0,0,2,0.0,13,13:02,1,1,0,0,,20202021
42,41,Mathew Barzal,23,NYI,C,42,13,24,37,18,38,4.7,12,1,0,1,19,5,0,112,11.6,796,18:58,12,18,134,168,44.4,20202021
43,42,Nathan Bastian,23,NJD,RW,27,2,4,6,3,13,0.4,2,0,0,0,4,0,0,33,6.1,306,11:21,9,78,10,15,40.0,20202021
44,43,Drake Batherson,22,OTT,C,44,13,12,25,-17,6,2.1,10,3,0,2,3,9,0,91,14.3,712,16:11,21,80,5,8,38.5,20202021
45,44,Jay Beagle,35,VAN,RW,30,1,4,5,-2,8,0.0,1,0,0,0,4,0,0,21,4.8,376,12:31,8,34,173,135,56.2,20202021
46,45,Jake Bean,22,CAR,D,31,1,10,11,-4,6,1.4,0,1,0,0,6,4,0,40,2.5,429,13:50,10,12,0,0,,20202021
47,46,Ethan Bear,23,EDM,D,30,0,5,5,2,10,1.1,0,0,0,0,5,0,0,28,0.0,535,17:51,36,15,0,0,,20202021
48,47,Nicolas Beaudin,21,CHI,D,14,2,3,5,2,2,1.1,2,0,0,0,2,1,0,6,33.3,199,14:12,12,8,0,0,,20202021
49,48,Nathan Beaulieu,28,WPG,D,25,0,1,1,-5,20,0.1,0,0,0,0,1,0,0,26,0.0,418,16:44,30,39,0,0,,20202021
50,49,Anthony Beauvillier,23,NYI,LW,33,8,7,15,8,8,1.9,7,1,0,4,6,1,0,70,11.4,542,16:26,9,32,2,4,33.3,20202021
51,50,Pierre-Edouard Bellemare,35,COL,LW,40,6,1,7,5,19,0.7,6,0,0,0,1,0,0,52,11.5,462,11:33,27,20,211,134,61.2,20202021
52,51,Kieffer Bellows,22,NYI,LW,14,3,0,3,0,4,0.4,3,0,0,1,0,0,0,19,15.8,154,11:01,5,36,2,2,50.0,20202021
53,52,Louis Belpedio,24,MIN,D,1,0,0,0,-1,0,-0.1,0,0,0,0,0,0,0,2,0.0,14,13:58,1,3,0,0,,20202021
54,53,Emil Bemstrom,21,CBJ,C,15,0,2,2,1,0,0.0,0,0,0,0,2,0,0,17,0.0,176,11:44,6,12,0,0,,20202021
55,54,Jamie Benn,31,DAL,LW,37,8,15,23,4,27,2.3,5,3,0,0,11,4,0,91,8.8,659,17:48,21,55,136,116,54.0,20202021
56,55,Jordie Benn,33,VAN,D,31,1,8,9,5,9,2.0,1,0,0,0,8,0,0,39,2.6,455,14:40,46,14,0,0,,20202021
57,56,Sam Bennett,24,CGY,C,38,4,8,12,-14,19,0.3,4,0,0,1,8,0,0,67,6.0,512,13:28,17,79,69,73,48.6,20202021
58,57,Matt Benning,26,NSH,D,42,1,2,3,2,24,1.4,1,0,0,0,1,0,1,35,2.9,683,16:16,44,47,0,0,,20202021
59,58,Patrice Bergeron,35,BOS,C,40,16,19,35,13,12,4.8,8,6,2,1,12,6,1,135,11.9,743,18:34,28,40,541,323,62.6,20202021
60,59,Jacob Bernard-Docker,20,OTT,D,1,0,0,0,0,0,0.0,0,0,0,0,0,0,0,0,,16,15:33,2,1,0,0,,20202021
61,60,Tyler Bertuzzi,25,DET,LW,9,5,2,7,0,4,1.0,2,3,0,1,1,1,0,20,25.0,177,19:37,3,13,1,1,50.0,20202021
62,61,Alex Biega,32,DET,D,5,0,1,1,-3,2,-0.1,0,0,0,0,1,0,0,1,0.0,56,11:16,4,11,0,0,,20202021
63,62,Clark Bishop,24,OTT,C,13,0,3,3,2,4,0.2,0,0,0,0,3,0,0,16,0.0,123,9:28,8,23,36,35,50.7,20202021
64,63,Anthony Bitetto,30,NYR,D,9,1,2,3,-3,13,0.3,1,0,0,0,1,1,0,9,11.1,127,14:03,5,12,0,0,,20202021
65,64,Anders Bjork,24,TOT,LW,31,2,4,6,-8,10,0.0,2,0,0,0,4,0,0,23,8.7,383,12:21,9,37,0,1,0.0,20202021
66,64,Anders Bjork,24,BOS,LW,30,2,3,5,-8,10,-0.1,2,0,0,0,3,0,0,22,9.1,369,12:18,9,37,0,1,0.0,20202021
67,64,Anders Bjork,24,BUF,LW,1,0,1,1,0,0,0.1,0,0,0,0,1,0,0,1,0.0,14,13:55,0,0,0,0,,20202021
68,65,Oliver Bjorkstrand,25,CBJ,RW,44,14,18,32,-5,23,3.3,12,2,0,0,17,1,0,108,13.0,761,17:18,24,33,2,2,50.0,20202021
69,66,Tobias Bjornfot,19,LAK,D,19,0,4,4,0,10,0.9,0,0,0,0,4,0,0,16,0.0,311,16:23,21,15,0,0,,20202021
70,67,Nick Bjugstad,28,MIN,C,37,6,9,15,7,17,1.7,6,0,0,3,8,1,0,68,8.8,450,12:09,18,42,115,137,45.6,20202021
71,68,Colin Blackwell,27,NYR,C,33,12,5,17,4,6,2.4,9,3,0,2,4,1,0,46,26.1,442,13:24,11,34,22,20,52.4,20202021
72,69,Sammy Blais,24,STL,LW,27,5,6,11,-1,8,1.0,5,0,0,2,6,0,0,24,20.8,326,12:04,7,80,2,1,66.7,20202021
73,70,Joachim Blichfeld,22,SJS,W,2,0,0,0,0,12,0.0,0,0,0,0,0,0,0,1,0.0,15,7:23,1,2,0,0,,20202021
74,71,Anton Blidh,25,BOS,LW,8,1,0,1,-4,6,-0.1,1,0,0,0,0,0,0,9,11.1,82,10:16,4,22,0,2,0.0,20202021
75,72,Teddy Blueger,26,PIT,C,29,4,12,16,9,6,1.6,2,0,2,1,12,0,0,30,13.3,435,14:59,21,42,147,148,49.8,20202021
76,73,Brock Boeser,23,VAN,RW,37,16,17,33,-1,12,4.1,9,6,1,1,12,5,0,86,18.6,719,19:27,11,26,5,8,38.5,20202021
77,74,Zach Bogosian,30,TOR,D,42,0,4,4,6,47,1.2,0,0,0,0,4,0,0,33,0.0,615,14:38,30,63,0,0,,20202021
78,75,Nick Bonino,32,MIN,C,40,5,7,12,-5,26,0.5,3,2,0,2,7,0,0,50,10.0,595,14:53,40,4,288,263,52.3,20202021
79,76,Adam Boqvist,20,CHI,D,32,2,13,15,-8,12,1.7,1,1,0,0,6,7,0,34,5.9,549,17:09,27,26,0,0,,20202021
80,77,Jesper Boqvist,22,NJD,C,14,2,2,4,-2,2,0.3,2,0,0,1,2,0,0,17,11.8,162,11:35,4,8,10,16,38.5,20202021
81,78,William Borgen,24,BUF,D,4,0,0,0,0,2,0.1,0,0,0,0,0,0,0,4,0.0,68,16:59,5,12,0,0,,20202021
82,79,Andreas Borgman,25,TBL,D,7,0,2,2,-2,4,0.1,0,0,0,0,2,0,0,7,0.0,84,11:58,3,10,0,0,,20202021
83,80,Mark Borowiecki,31,NSH,D,22,0,1,1,-2,38,0.3,0,0,0,0,1,0,0,18,0.0,301,13:41,37,54,0,0,,20202021
84,81,Robert Bortuzzo,31,STL,D,28,0,2,2,-10,21,-0.3,0,0,0,0,2,0,0,22,0.0,384,13:42,34,52,0,0,,20202021
85,82,Evan Bouchard,21,EDM,D,12,1,3,4,0,2,0.7,1,0,0,0,3,0,0,34,2.9,170,14:08,8,8,0,0,,20202021
86,83,Madison Bowey,25,CHI,D,2,0,1,1,1,0,0.2,0,0,0,0,1,0,0,0,,22,11:09,1,4,0,0,,20202021
87,84,Travis Boyd,27,TOR,C,20,3,5,8,1,2,0.8,2,1,0,0,5,0,0,15,20.0,193,9:40,9,9,6,19,24.0,20202021
88,85,Tyler Bozak,34,STL,C,18,2,6,8,-1,4,0.5,1,0,1,0,4,2,0,20,10.0,248,13:48,9,15,109,86,55.9,20202021
89,86,Erik Brannstrom,21,OTT,D,18,2,5,7,0,12,1.2,1,1,0,0,4,1,0,30,6.7,266,14:47,12,15,0,0,,20202021
90,87,Derick Brassard,33,ARI,C,43,8,8,16,-9,10,1.2,4,4,0,1,6,2,0,54,14.8,636,14:47,3,55,165,181,47.7,20202021
91,88,Jesper Bratt,22,NJD,W,35,5,20,25,4,6,2.3,3,2,0,1,13,6,1,73,6.8,561,16:02,13,28,3,6,33.3,20202021
92,89,Justin Braun,33,PHI,D,39,0,3,3,2,12,1.0,0,0,0,0,3,0,0,41,0.0,726,18:36,48,54,0,0,,20202021
93,90,T.J. Brodie,30,TOR,D,43,1,12,13,18,6,3.3,1,0,0,0,9,3,0,43,2.3,933,21:42,66,28,0,0,,20202021
94,91,Jonas Brodin,27,MIN,D,39,5,11,16,2,14,3.1,4,1,0,1,10,1,0,60,8.3,882,22:37,75,24,0,0,,20202021
95,92,Jonny Brodzinski,27,NYR,C,4,1,0,1,0,4,0.1,1,0,0,0,0,0,0,6,16.7,44,10:55,1,3,0,1,0.0,20202021
96,93,Mathias Brome,26,DET,F,24,1,0,1,-10,8,-0.7,1,0,0,1,0,0,0,21,4.8,325,13:33,6,17,1,2,33.3,20202021
97,94,Adam Brooks,24,TOR,C,1,1,0,1,-1,0,0.1,0,1,0,0,0,0,0,1,100.0,9,8:30,0,1,1,1,50.0,20202021
98,95,Connor Brown,27,OTT,RW,44,14,11,25,-11,10,2.3,11,1,2,1,9,2,0,95,14.7,798,18:08,24,19,11,11,50.0,20202021
99,96,Dustin Brown,36,LAK,RW,40,16,10,26,-5,16,3.3,7,9,0,1,8,2,0,110,14.5,711,17:47,7,70,1,2,33.3,20202021
100,97,Josh Brown,27,OTT,D,18,0,0,0,-5,15,-0.2,0,0,0,0,0,0,0,8,0.0,244,13:34,25,50,0,0,,20202021
101,98,Patrick Brown,28,VEG,C,4,0,0,0,0,2,-0.1,0,0,0,0,0,0,0,5,0.0,36,9:06,2,7,16,7,69.6,20202021
102,99,Jacob Bryson,23,BUF,D,24,1,5,6,-1,12,1.4,1,0,0,0,4,0,1,20,5.0,466,19:24,33,17,0,0,,20202021
103,100,Pavel Buchnevich,25,NYR,LW,41,16,21,37,13,13,4.7,13,0,3,1,14,6,1,95,16.8,775,18:54,20,36,3,11,21.4,20202021
104,101,Connor Bunnaman,22,PHI,F,18,0,1,1,-6,2,-0.5,0,0,0,0,1,0,0,15,0.0,208,11:34,6,31,56,48,53.8,20202021
105,102,Michael Bunting,25,ARI,LW,9,6,1,7,1,8,1.2,3,3,0,0,1,0,0,19,31.6,158,17:30,1,16,4,4,50.0,20202021
106,103,Andre Burakovsky,25,COL,LW,40,12,15,27,4,8,3.1,9,3,0,1,11,4,0,73,16.4,583,14:35,10,13,0,2,0.0,20202021
107,104,Brent Burns,35,SJS,D,42,5,20,25,-9,24,3.6,3,2,0,1,15,4,1,98,5.1,1107,26:22,71,28,0,0,,20202021
108,105,Kyle Burroughs,25,COL,D,4,0,1,1,1,5,0.2,0,0,0,0,1,0,0,2,0.0,41,10:09,2,8,0,0,,20202021
109,106,Will Butcher,26,NJD,D,10,1,2,3,-1,0,0.5,1,0,0,0,2,0,0,17,5.9,174,17:23,12,3,0,0,,20202021
110,107,Bowen Byram,19,COL,D,19,0,2,2,1,23,0.5,0,0,0,0,2,0,0,21,0.0,333,17:31,13,33,0,0,,20202021
111,108,Paul Byron,31,MTL,LW,39,4,10,14,6,10,1.2,3,0,1,1,10,0,0,36,11.1,491,12:36,20,88,11,14,44.0,20202021
112,109,Nicholas Caamano,22,DAL,RW,23,0,1,1,-6,17,-0.5,0,0,0,0,1,0,0,32,0.0,214,9:18,8,38,1,0,100.0,20202021
113,110,Drake Caggiula,26,ARI,LW,27,1,6,7,-1,15,0.3,1,0,0,0,6,0,0,31,3.2,336,12:26,6,49,4,8,33.3,20202021
114,111,Matt Calvert,31,COL,LW,18,0,3,3,-2,6,-0.2,0,0,0,0,3,0,0,26,0.0,249,13:49,8,12,0,1,0.0,20202021
115,112,Kyle Capobianco,23,ARI,D,2,0,0,0,-2,2,-0.1,0,0,0,0,0,0,0,3,0.0,29,14:28,2,1,0,0,,20202021
116,113,Brandon Carlo,24,BOS,D,23,2,1,3,1,10,1.2,2,0,0,1,1,0,0,31,6.5,425,18:29,33,32,0,0,,20202021
117,114,John Carlson,31,WSH,D,43,10,27,37,-5,10,4.8,7,3,0,1,17,10,0,108,9.3,1023,23:48,59,48,0,0,,20202021
118,115,Gabriel Carlsson,24,CBJ,D,13,1,2,3,-5,4,0.2,1,0,0,0,1,1,0,11,9.1,192,14:44,11,9,0,0,,20202021
119,116,Lucas Carlsson,23,CHI,D,12,0,1,1,1,2,0.3,0,0,0,0,1,0,0,10,0.0,157,13:04,3,6,0,0,,20202021
120,117,Ryan Carpenter,30,CHI,C,35,4,1,5,-8,17,-0.1,2,1,1,0,1,0,0,46,8.7,445,12:43,13,71,51,59,46.4,20202021
121,118,Daniel Carr,29,WSH,LW,4,0,1,1,-2,2,0.0,0,0,0,0,1,0,0,5,0.0,39,9:45,4,7,0,0,,20202021
122,119,Connor Carrick,26,NJD,D,1,0,0,0,-2,0,-0.1,0,0,0,0,0,0,0,1,0.0,16,16:14,1,2,0,0,,20202021
123,120,Sam Carrick,28,ANA,C,5,1,3,4,2,24,0.5,1,0,0,0,2,1,0,8,12.5,66,13:12,1,9,26,26,50.0,20202021
124,121,Alexandre Carrier,24,NSH,D,15,1,2,3,0,4,0.8,1,0,0,0,2,0,0,26,3.8,302,20:08,24,18,0,0,,20202021
125,122,William Carrier,26,VEG,LW,38,4,6,10,0,12,0.7,4,0,0,0,6,0,0,44,9.1,387,10:11,8,88,3,3,50.0,20202021
126,123,Jeff Carter,36,LAK,C,40,8,11,19,-6,22,1.7,7,1,0,0,8,3,0,117,6.8,658,16:27,20,36,44,51,46.3,20202021
127,124,Cody Ceci,27,PIT,D,39,3,9,12,15,10,2.9,3,0,0,0,9,0,0,41,7.3,715,18:20,54,57,0,0,,20202021
128,125,Erik Cernak,23,TBL,D,32,2,10,12,14,25,3.0,2,0,0,0,10,0,0,59,3.4,614,19:11,36,61,0,0,,20202021
129,126,Thomas Chabot,24,OTT,D,41,4,24,28,-22,36,2.6,3,1,0,0,18,6,0,99,4.0,1095,26:42,58,60,0,0,,20202021
130,127,Michael Chaput,28,ARI,C,11,0,0,0,-5,6,-0.3,0,0,0,0,0,0,0,3,0.0,103,9:22,8,16,29,27,51.8,20202021
131,128,Zdeno Chara,43,WSH,D,43,2,7,9,10,27,2.2,2,0,0,0,7,0,0,52,3.8,792,18:26,51,69,0,0,,20202021
132,129,Jalen Chatfield,24,VAN,D,10,0,0,0,-7,6,-0.4,0,0,0,0,0,0,0,8,0.0,131,13:05,6,8,0,0,,20202021
133,130,Ben Chiarot,29,MTL,D,25,1,4,5,-2,44,0.7,0,1,0,0,4,0,0,55,1.8,534,21:22,37,45,0,0,,20202021
134,131,Alex Chiasson,30,EDM,RW,31,6,4,10,-5,19,0.8,2,4,0,1,3,1,0,38,15.8,382,12:20,4,26,1,3,25.0,20202021
135,132,Filip Chlapik,23,OTT,C,1,0,0,0,1,0,0.0,0,0,0,0,0,0,0,1,0.0,7,7:11,0,1,0,0,,20202021
136,133,Sasha Chmelevski,21,SJS,C,2,0,1,1,-1,0,0.0,0,0,0,0,1,0,0,3,0.0,12,6:10,1,0,2,7,22.2,20202021
137,134,Dennis Cholowski,22,DET,D,4,0,0,0,0,0,0.1,0,0,0,0,0,0,0,0,,51,12:43,2,1,0,0,,20202021
138,135,Jakob Chychrun,22,ARI,D,44,13,17,30,-4,34,5.5,11,2,0,3,9,8,0,121,10.7,1020,23:11,70,47,0,0,,20202021
139,136,Filip Chytil,21,NYR,C,28,7,9,16,7,6,2.0,7,0,0,0,9,0,0,46,15.2,377,13:27,12,10,72,112,39.1,20202021
140,137,Anthony Cirelli,23,TBL,C,36,9,12,21,2,8,2.0,6,1,2,3,9,3,0,55,16.4,650,18:03,26,48,155,164,48.6,20202021
141,138,Casey Cizikas,29,NYI,C,42,7,7,14,0,21,1.3,7,0,0,3,7,0,0,52,13.5,581,13:49,20,76,262,223,54.0,20202021
142,139,Fredrik Claesson,28,SJS,D,4,0,0,0,1,0,0.1,0,0,0,0,0,0,0,3,0.0,46,11:34,2,8,0,0,,20202021
143,140,Kale Clague,22,LAK,D,18,0,6,6,-6,4,0.6,0,0,0,0,6,0,0,24,0.0,310,17:12,13,9,0,0,,20202021
144,141,Kyle Clifford,30,STL,LW,40,3,2,5,-4,28,0.0,3,0,0,0,1,0,1,51,5.9,381,9:31,13,51,4,5,44.4,20202021
145,142,Connor Clifton,25,BOS,D,33,0,5,5,-1,19,1.3,0,0,0,0,4,0,1,32,0.0,599,18:09,39,85,0,0,,20202021
146,143,Cal Clutterbuck,33,NYI,RW,40,3,6,9,-6,8,0.2,3,0,0,1,6,0,0,44,6.8,536,13:25,18,144,0,0,,20202021
147,144,Braydon Coburn,35,OTT,D,16,0,2,2,-3,10,0.2,0,0,0,0,1,0,1,15,0.0,263,16:25,14,25,0,0,,20202021
148,145,Dylan Coghlan,22,VEG,D,23,3,2,5,-2,2,0.9,3,0,0,0,2,0,0,26,11.5,330,14:20,13,27,0,0,,20202021
149,146,Andrew Cogliano,33,DAL,LW,39,5,5,10,3,20,0.8,4,0,1,0,5,0,0,66,7.6,528,13:32,15,66,4,8,33.3,20202021
150,147,Ian Cole,31,TOT,D,39,1,3,4,13,22,2.1,1,0,0,1,3,0,0,24,4.2,621,15:56,76,27,0,0,,20202021
151,147,Ian Cole,31,MIN,D,37,1,3,4,13,22,2.1,1,0,0,1,3,0,0,22,4.5,592,16:00,74,23,0,0,,20202021
152,147,Ian Cole,31,COL,D,2,0,0,0,0,0,0.0,0,0,0,0,0,0,0,2,0.0,29,14:41,2,4,0,0,,20202021
153,148,Blake Coleman,29,TBL,C,41,8,12,20,11,29,2.2,7,1,0,2,12,0,0,84,9.5,626,15:16,12,71,2,5,28.6,20202021
154,149,Ross Colton,24,TBL,C,16,7,3,10,8,2,1.8,7,0,0,4,3,0,0,21,33.3,157,9:49,3,19,64,63,50.4,20202021
155,150,Blake Comeau,34,DAL,RW,36,3,10,13,2,14,0.8,3,0,0,0,8,0,2,49,6.1,568,15:47,13,73,35,41,46.1,20202021
156,151,J.T. Compher,25,COL,LW,35,6,6,12,6,19,1.2,5,1,0,1,5,1,0,36,16.7,487,13:54,29,22,163,200,44.9,20202021
157,152,Max Comtois,22,ANA,LW,43,12,14,26,4,27,3.2,11,1,0,3,11,3,0,67,17.9,651,15:08,30,75,11,14,44.0,20202021
158,153,Kevin Connauton,30,FLA,D,6,0,1,1,4,2,0.5,0,0,0,0,1,0,0,4,0.0,88,14:44,3,12,0,0,,20202021
159,154,Brett Connolly,28,TOT,RW,22,3,2,5,5,2,0.6,3,0,0,0,2,0,0,18,16.7,278,12:37,6,26,3,8,27.3,20202021
160,154,Brett Connolly,28,FLA,RW,21,2,2,4,4,2,0.3,2,0,0,0,2,0,0,16,12.5,264,12:36,5,25,3,8,27.3,20202021
161,154,Brett Connolly,28,CHI,RW,1,1,0,1,1,0,0.2,1,0,0,0,0,0,0,2,50.0,13,13:05,1,1,0,0,,20202021
162,155,Kyle Connor,24,WPG,LW,43,19,21,40,0,8,4.7,10,9,0,3,18,3,0,136,14.0,799,18:35,13,12,6,3,66.7,20202021
163,156,Andrew Copp,26,WPG,C,43,14,20,34,3,18,3.7,8,6,0,1,14,6,0,92,15.2,792,18:25,32,56,84,85,49.7,20202021
164,157,Nick Cousins,27,NSH,C,43,4,9,13,0,29,0.9,4,0,0,0,5,4,0,45,8.9,583,13:33,11,36,16,16,50.0,20202021
165,158,Logan Couture,31,SJS,C,42,14,12,26,-4,21,2.7,12,2,0,2,8,4,0,94,14.9,818,19:29,32,41,357,354,50.2,20202021
166,159,Sean Couturier,28,PHI,C,31,13,18,31,-1,6,3.3,10,3,0,4,12,6,0,80,16.3,588,18:59,14,21,313,259,54.7,20202021
167,160,Charlie Coyle,28,BOS,C,39,5,9,14,-6,18,0.8,4,0,1,1,7,2,0,58,8.6,648,16:37,20,49,203,220,48.0,20202021
168,161,Dylan Cozens,19,BUF,C,27,4,4,8,-6,7,0.5,3,1,0,0,4,0,0,27,14.8,373,13:49,7,22,50,43,53.8,20202021
169,162,Joseph Cramarossa,28,MIN,C,4,0,1,1,-1,15,0.0,0,0,0,0,1,0,0,3,0.0,43,10:46,1,10,0,0,,20202021
170,163,Sidney Crosby,33,PIT,C,41,16,32,48,10,18,5.4,11,4,1,4,17,15,0,124,12.9,840,20:29,22,30,513,429,54.5,20202021
171,164,Lawson Crouse,23,ARI,LW,41,3,6,9,-9,42,0.0,3,0,0,0,4,2,0,52,5.8,588,14:21,28,114,14,19,42.4,20202021
172,165,Josh Currie,28,PIT,RW,1,0,0,0,0,0,0.0,0,0,0,0,0,0,0,0,,7,7:24,0,0,2,3,40.0,20202021
173,166,Austin Czarnik,28,NYI,C,4,0,0,0,-1,0,-0.1,0,0,0,0,0,0,0,2,0.0,50,12:30,2,2,7,5,58.3,20202021
174,167,Kevin Czuczman,30,PIT,D,2,0,0,0,-3,0,-0.2,0,0,0,0,0,0,0,2,0.0,23,11:39,2,1,0,0,,20202021
175,168,Kirby Dach,20,CHI,C,9,1,4,5,-1,0,0.3,1,0,0,0,4,0,0,16,6.3,169,18:50,7,4,38,57,40.0,20202021
176,169,Evgenii Dadonov,31,OTT,RW,44,12,5,17,-9,2,1.5,12,0,0,3,4,1,0,78,15.4,708,16:06,23,32,0,1,0.0,20202021
177,170,Rasmus Dahlin,20,BUF,D,42,4,14,18,-33,14,1.1,3,1,0,0,6,8,0,79,5.1,878,20:54,33,57,0,0,,20202021
178,171,Michael Dal Colle,24,NYI,LW,20,1,3,4,3,4,0.3,1,0,0,0,3,0,0,10,10.0,232,11:36,8,23,0,2,0.0,20202021
179,172,Zac Dalpe,31,CBJ,RW,7,1,1,2,0,0,0.2,1,0,0,0,1,0,0,10,10.0,62,8:53,5,7,4,19,17.4,20202021
180,173,Phillip Danault,27,MTL,C,40,4,17,21,19,20,2.1,4,0,0,0,16,0,1,59,6.8,675,16:52,17,46,349,324,51.9,20202021
181,174,Brandon Davidson,29,BUF,D,6,0,0,0,-4,4,-0.2,0,0,0,0,0,0,0,7,0.0,92,15:20,5,14,0,0,,20202021
182,175,Jeremy Davies,24,NSH,D,14,0,1,1,3,8,0.6,0,0,0,0,1,0,0,16,0.0,207,14:49,5,10,0,0,,20202021
183,176,Calvin de Haan,29,CHI,D,42,1,9,10,-14,12,0.8,1,0,0,1,8,1,0,54,1.9,793,18:53,82,98,0,0,,20202021
184,177,Jacob de La Rose,25,STL,LW,13,0,1,1,-2,7,-0.2,0,0,0,0,1,0,0,13,0.0,133,10:12,8,22,34,39,46.6,20202021
185,178,Chase De Leo,25,ANA,C,1,0,0,0,-2,0,-0.1,0,0,0,0,0,0,0,1,0.0,13,13:26,0,1,4,8,33.3,20202021
186,179,Jean-Sebastien Dea,26,BUF,C,1,0,0,0,-1,2,0.0,0,0,0,0,0,0,0,2,0.0,6,5:33,0,0,0,0,,20202021
187,180,Anthony DeAngelo,25,NYR,D,6,0,1,1,-6,4,-0.3,0,0,0,0,0,1,0,13,0.0,111,18:29,6,3,0,0,,20202021
188,181,Alex DeBrincat,23,CHI,RW,39,21,20,41,8,8,5.5,14,7,0,5,12,8,0,119,17.6,801,20:32,17,42,11,14,44.0,20202021
189,182,Jake Debrusk,24,BOS,LW,27,4,5,9,-2,4,0.7,2,2,0,1,4,1,0,54,7.4,410,15:11,13,26,5,7,41.7,20202021
190,183,Danny DeKeyser,30,DET,D,35,2,5,7,-3,14,1.5,2,0,0,0,5,0,0,27,7.4,618,17:40,53,38,0,0,,20202021
191,184,Michael Del Zotto,30,CBJ,D,41,4,6,10,12,6,3.1,4,0,0,0,6,0,0,61,6.6,679,16:34,40,96,0,0,,20202021
192,185,Ty Dellandrea,20,DAL,C,25,3,2,5,0,23,0.3,1,2,0,0,1,1,0,30,10.0,317,12:40,10,46,45,53,45.9,20202021
193,186,Dylan DeMelo,27,WPG,D,39,0,5,5,6,14,1.6,0,0,0,0,5,0,0,29,0.0,651,16:41,46,56,0,0,,20202021
194,187,Jason Demers,32,ARI,D,31,0,3,3,-4,24,0.7,0,0,0,0,3,0,0,30,0.0,541,17:27,22,51,0,0,,20202021
195,188,Grigori Denisenko,20,FLA,LW,2,0,0,0,-1,2,-0.1,0,0,0,0,0,0,0,2,0.0,21,10:33,1,2,0,0,,20202021
196,189,Travis Dermott,24,TOR,D,39,2,3,5,-4,19,0.6,2,0,0,0,3,0,0,32,6.3,497,12:45,26,31,0,0,,20202021
197,190,Nicolas Deslauriers,29,ANA,LW,38,4,5,9,-1,47,0.7,4,0,0,1,5,0,0,45,8.9,433,11:24,18,105,0,1,0.0,20202021
198,191,Phillip Di Giuseppe,27,NYR,LW,27,1,7,8,1,6,0.5,1,0,0,0,7,0,0,42,2.4,301,11:09,15,74,3,4,42.9,20202021
199,192,Jason Dickinson,25,DAL,C,37,5,5,10,-4,12,0.4,5,0,0,2,4,1,0,44,11.4,603,16:17,40,52,116,137,45.8,20202021
200,193,Brenden Dillon,30,WSH,D,43,2,13,15,11,40,2.9,2,0,0,0,12,0,1,36,5.6,819,19:02,48,102,0,0,,20202021
201,194,Christian Djoos,26,DET,D,35,2,8,10,-12,14,1.0,1,1,0,0,6,2,0,38,5.3,529,15:07,26,10,0,0,,20202021
202,195,Noah Dobson,21,NYI,D,34,3,9,12,4,6,2.5,3,0,0,0,6,3,0,50,6.0,558,16:25,35,28,0,0,,20202021
203,196,Max Domi,25,CBJ,LW,44,7,12,19,-13,53,1.1,5,2,0,1,11,1,0,81,8.6,652,14:48,9,13,119,117,50.4,20202021
204,197,Ryan Donato,24,SJS,C,42,6,13,19,-10,10,1.3,4,2,0,1,9,4,0,95,6.3,559,13:19,20,46,23,34,40.4,20202021
205,198,Joonas Donskoi,28,COL,RW,42,15,13,28,14,8,3.8,11,4,0,2,11,2,0,61,24.6,591,14:04,20,11,13,17,43.3,20202021
206,199,Drew Doughty,31,LAK,D,42,8,22,30,-5,20,5.2,2,6,0,0,11,10,1,78,10.3,1131,26:56,64,64,0,0,,20202021
207,200,Nic Dowd,30,WSH,C,43,8,2,10,3,24,0.8,8,0,0,2,2,0,0,46,17.4,629,14:38,34,66,337,267,55.8,20202021
208,201,Justin Dowling,30,DAL,C,19,1,4,5,-3,4,0.1,1,0,0,0,3,1,0,22,4.5,224,11:48,2,12,29,36,44.6,20202021
209,202,Leon Draisaitl,25,EDM,C,42,22,39,61,23,16,7.9,11,10,1,6,25,14,0,123,17.9,930,22:09,9,28,431,341,55.8,20202021
210,203,Sheldon Dries,26,COL,C,3,0,0,0,1,4,0.0,0,0,0,0,0,0,0,1,0.0,23,7:49,0,6,0,1,0.0,20202021
211,204,Jonathan Drouin,25,MTL,LW,40,2,21,23,-6,16,1.2,2,0,0,0,16,5,0,71,2.8,651,16:17,6,39,21,24,46.7,20202021
212,205,Jamie Drysdale,18,ANA,D,13,2,3,5,0,6,1.0,2,0,0,0,2,1,0,15,13.3,239,18:21,10,4,0,0,,20202021
213,206,Dillon Dube,22,CGY,C,38,7,9,16,-2,12,1.5,5,2,0,0,9,0,0,60,11.7,517,13:36,12,43,7,3,70.0,20202021
214,207,Pierre-Luc Dubois,22,TOT,LW,33,9,10,19,-2,18,1.9,8,1,0,3,6,4,0,54,16.7,505,15:18,19,42,129,170,43.1,20202021
215,207,Pierre-Luc Dubois,22,WPG,LW,28,8,10,18,0,16,1.9,7,1,0,2,6,4,0,47,17.0,433,15:27,16,40,96,142,40.3,20202021
216,207,Pierre-Luc Dubois,22,CBJ,LW,5,1,0,1,-2,2,0.0,1,0,0,1,0,0,0,7,14.3,73,14:31,3,2,33,28,54.1,20202021
217,208,Matt Duchene,30,NSH,C,23,3,5,8,-11,4,0.1,2,1,0,0,3,2,0,52,5.8,385,16:44,5,14,156,131,54.4,20202021
218,209,Anthony Duclair,25,FLA,LW,30,4,13,17,10,10,1.8,4,0,0,1,12,1,0,75,5.3,454,15:08,5,24,0,2,0.0,20202021
219,210,Mathew Dumba,26,MIN,D,36,6,8,14,2,38,2.9,5,1,0,1,5,3,0,68,8.8,798,22:11,53,53,0,0,,20202021
220,211,Brian Dumoulin,29,PIT,D,27,2,7,9,13,8,2.3,2,0,0,0,6,0,1,33,6.1,602,22:18,41,42,0,0,,20202021
221,212,Vince Dunn,24,STL,D,40,6,12,18,-7,16,2.5,4,2,0,0,9,3,0,73,8.2,777,19:25,49,30,0,0,,20202021
222,213,Christian Dvorak,24,ARI,C,44,12,11,23,-6,12,2.2,6,5,1,4,9,2,0,77,15.6,816,18:33,32,33,427,379,53.0,20202021
223,214,Ryan Dzingel,28,TOT,C,29,8,4,12,-2,12,1.4,6,2,0,0,3,1,0,38,21.1,378,13:03,8,34,2,7,22.2,20202021
224,214,Ryan Dzingel,28,OTT,C,18,6,2,8,0,10,1.1,6,0,0,0,1,1,0,29,20.7,233,12:57,5,24,2,5,28.6,20202021
225,214,Ryan Dzingel,28,CAR,C,11,2,2,4,-2,2,0.3,0,2,0,0,2,0,0,9,22.2,145,13:12,3,10,0,2,0.0,20202021
226,215,Cody Eakin,29,BUF,C,41,2,4,6,-7,12,-0.2,2,0,0,0,4,0,0,34,5.9,543,13:14,17,31,250,203,55.2,20202021
227,216,Jordan Eberle,30,NYI,RW,42,14,13,27,12,10,3.7,13,1,0,2,10,3,0,100,14.0,708,16:51,13,24,3,4,42.9,20202021
228,217,Alexander Edler,34,VAN,D,36,0,6,6,-8,32,0.8,0,0,0,0,6,0,0,68,0.0,754,20:57,78,63,0,0,,20202021
229,218,Joel Edmundson,27,MTL,D,40,2,9,11,28,19,3.8,2,0,0,0,9,0,0,62,3.2,807,20:11,55,72,0,0,,20202021
230,219,Nikolaj Ehlers,24,WPG,LW,43,18,25,43,17,9,5.7,13,5,0,5,18,7,0,134,13.4,724,16:51,11,20,1,0,100.0,20202021
231,220,Jack Eichel,24,BUF,C,21,2,16,18,-9,6,1.1,1,1,0,1,8,8,0,61,3.3,430,20:30,15,20,195,197,49.7,20202021
232,221,Aaron Ekblad,24,FLA,D,35,11,11,22,5,33,4.7,5,6,0,3,6,5,0,101,10.9,878,25:05,27,24,0,0,,20202021
233,222,Mattias Ekholm,30,NSH,D,37,5,12,17,10,6,4.1,5,0,0,1,9,2,1,85,5.9,843,22:47,40,16,0,0,,20202021
234,223,Oliver Ekman-Larsson,29,ARI,D,34,2,17,19,-16,18,1.9,0,2,0,0,7,10,0,59,3.4,708,20:50,18,55,0,0,,20202021
235,224,Lars Eller,31,WSH,C,31,7,12,19,1,12,1.9,7,0,0,2,9,3,0,43,16.3,485,15:39,12,19,229,214,51.7,20202021
236,225,Ryan Ellis,30,NSH,D,24,3,7,10,-9,8,1.4,1,2,0,0,5,2,0,51,5.9,582,24:15,41,14,0,0,,20202021
237,226,Pierre Engvall,24,TOR,LW,34,3,5,8,2,10,0.4,3,0,0,0,5,0,0,44,6.8,402,11:49,10,31,89,117,43.2,20202021
238,227,Tyler Ennis,31,EDM,C,28,3,6,9,1,6,0.7,3,0,0,2,6,0,0,36,8.3,342,12:13,6,43,6,3,66.7,20202021
239,228,Mackenzie Entwistle,21,CHI,RW,1,0,0,0,0,0,0.0,0,0,0,0,0,0,0,2,0.0,6,6:03,0,3,0,0,,20202021
240,229,Loui Eriksson,35,VAN,LW,7,0,1,1,-3,2,-0.1,0,0,0,0,1,0,0,5,0.0,67,9:35,1,1,1,0,100.0,20202021
241,230,Joel Eriksson Ek,24,MIN,C,41,13,7,20,9,16,2.6,13,0,0,2,5,2,0,90,14.4,707,17:15,32,74,285,326,46.6,20202021
242,231,Adam Erne,25,DET,LW,36,11,6,17,-2,26,2.1,8,3,0,0,3,3,0,57,19.3,473,13:09,15,67,12,8,60.0,20202021
243,232,Jake Evans,24,MTL,C,36,2,5,7,1,27,0.2,1,0,1,0,4,0,1,40,5.0,405,11:15,21,63,151,156,49.2,20202021
244,233,Robby Fabbri,25,DET,C,30,10,8,18,3,16,2.3,10,0,0,5,6,2,0,58,17.2,518,17:16,17,34,83,107,43.7,20202021
245,234,Dante Fabbro,22,NSH,D,38,2,9,11,-1,23,2.2,1,1,0,1,9,0,0,57,3.5,735,19:20,56,31,0,0,,20202021
246,235,Radek Faksa,27,DAL,C,40,5,7,12,-2,18,0.5,4,0,1,0,6,1,0,74,6.8,705,17:37,36,78,319,253,55.8,20202021
247,236,Joel Farabee,20,PHI,LW,41,15,15,30,-5,10,3.1,12,3,0,1,11,4,0,89,16.9,666,16:14,15,44,2,6,25.0,20202021
248,237,David Farrance,21,NSH,D,1,0,0,0,1,0,0.1,0,0,0,0,0,0,0,1,0.0,14,13:46,1,1,0,0,,20202021
249,238,Hudson Fasching,25,ARI,RW,4,0,0,0,-3,0,-0.2,0,0,0,0,0,0,0,6,0.0,38,9:35,1,3,0,0,,20202021
250,239,Jesper Fast,29,CAR,RW,36,6,11,17,-2,10,1.4,5,1,0,1,8,3,0,30,20.0,547,15:11,19,60,10,19,34.5,20202021
251,240,Justin Faulk,28,STL,D,42,6,10,16,9,23,3.8,5,1,0,1,7,2,1,91,6.6,1022,24:20,65,96,0,0,,20202021
252,241,Mario Ferraro,22,SJS,D,42,1,13,14,-6,14,2.1,1,0,0,0,9,4,0,52,1.9,945,22:30,68,126,0,0,,20202021
253,242,Kevin Fiala,24,MIN,LW,37,14,12,26,-5,37,2.9,8,6,0,3,8,4,0,120,11.7,639,17:16,12,20,5,10,33.3,20202021
254,243,Valtteri Filppula,36,DET,C,26,4,6,10,-3,12,0.8,4,0,0,1,6,0,0,13,30.8,389,14:58,10,8,72,91,44.2,20202021
255,244,Christian Fischer,23,ARI,RW,40,0,4,4,-10,4,-0.7,0,0,0,0,4,0,0,32,0.0,486,12:09,21,119,9,10,47.4,20202021
256,245,Haydn Fleury,24,TOT,D,36,1,0,1,-6,8,0.3,1,0,0,0,0,0,0,49,2.0,495,13:44,40,47,0,0,,20202021
257,245,Haydn Fleury,24,CAR,D,35,1,0,1,-6,6,0.3,1,0,0,0,0,0,0,48,2.1,476,13:36,40,46,0,0,,20202021
258,245,Haydn Fleury,24,ANA,D,1,0,0,0,0,2,0.0,0,0,0,0,0,0,0,1,0.0,19,18:46,0,1,0,0,,20202021
259,246,Warren Foegele,24,CAR,LW,38,8,8,16,4,14,1.8,8,0,0,0,8,0,0,60,13.3,517,13:36,10,46,13,11,54.2,20202021
260,247,Steven Fogarty,27,BUF,C,8,1,2,3,2,8,0.4,1,0,0,0,2,0,0,4,25.0,94,11:47,9,3,6,5,54.5,20202021
261,248,Marcus Foligno,29,MIN,LW,24,7,9,16,13,33,2.3,6,0,1,1,9,0,0,25,28.0,348,14:31,14,63,2,7,22.2,20202021
262,249,Nick Foligno,33,CBJ,LW,42,7,9,16,-3,28,1.0,6,1,0,0,5,1,3,73,9.6,762,18:09,35,109,114,128,47.1,20202021
263,250,Callan Foote,22,TBL,D,34,1,2,3,8,25,1.4,1,0,0,0,2,0,0,39,2.6,442,13:00,28,36,0,0,,20202021
264,251,Derek Forbort,28,WPG,D,43,2,8,10,2,35,2.2,2,0,0,0,8,0,0,54,3.7,906,21:04,91,65,0,0,,20202021
265,252,Alex Formenton,21,OTT,LW,10,3,0,3,3,0,0.6,2,0,1,0,0,0,0,15,20.0,118,11:50,3,14,0,3,0.0,20202021
266,253,Filip Forsberg,26,NSH,C,34,11,18,29,-8,14,3.0,8,3,0,3,10,8,0,116,9.5,623,18:20,13,43,3,5,37.5,20202021
267,254,Gustav Forsling,24,FLA,D,30,3,7,10,8,6,2.5,2,1,0,0,4,3,0,64,4.7,586,19:32,29,21,0,0,,20202021
268,255,Liam Foudy,20,CBJ,C,18,0,3,3,1,6,0.0,0,0,0,0,3,0,0,32,0.0,224,12:28,5,10,2,8,20.0,20202021
269,256,Cam Fowler,29,ANA,D,44,3,14,17,-8,16,2.7,3,0,0,0,10,4,0,61,4.9,964,21:54,32,19,0,0,,20202021
270,257,Adam Fox,22,NYR,D,41,5,34,39,16,10,6.6,2,2,1,1,15,18,1,81,6.2,1005,24:31,75,11,0,1,0.0,20202021
271,258,Trent Frederic,22,BOS,C,36,4,1,5,-5,55,0.2,4,0,0,3,1,0,0,41,9.8,410,11:23,13,50,31,30,50.8,20202021
272,259,Mark Friedman,25,TOT,D,6,1,1,2,1,4,0.4,1,0,0,0,1,0,0,4,25.0,59,9:54,2,9,0,1,0.0,20202021
273,259,Mark Friedman,25,PHI,D,4,0,0,0,-2,4,-0.1,0,0,0,0,0,0,0,3,0.0,44,11:01,2,5,0,1,0.0,20202021
274,259,Mark Friedman,25,PIT,D,2,1,1,2,3,0,0.6,1,0,0,0,1,0,0,1,100.0,15,7:40,0,4,0,0,,20202021
275,260,Martin Frk,27,LAK,RW,1,0,0,0,-1,0,-0.1,0,0,0,0,0,0,0,0,,9,9:21,0,1,0,0,,20202021
276,261,Byron Froese,29,CGY,C,6,1,0,1,1,2,0.2,1,0,0,0,0,0,0,2,50.0,50,8:18,4,8,12,19,38.7,20202021
277,262,Michael Frolik,32,MTL,LW,2,0,0,0,0,0,0.0,0,0,0,0,0,0,0,3,0.0,23,11:39,0,4,0,0,,20202021
278,263,Morgan Frost,21,PHI,C,2,0,0,0,0,0,0.0,0,0,0,0,0,0,0,0,,20,10:14,0,0,10,10,50.0,20202021
279,264,Kurtis Gabriel,27,SJS,RW,11,0,0,0,1,55,-0.1,0,0,0,0,0,0,0,4,0.0,84,7:40,10,46,0,0,,20202021
280,265,Sam Gagner,31,DET,C,30,5,5,10,0,9,0.9,5,0,0,1,5,0,0,58,8.6,448,14:56,7,4,51,66,43.6,20202021
281,266,Alex Galchenyuk,26,TOT,C,21,2,5,7,-1,10,0.4,1,1,0,0,5,0,0,42,4.8,252,12:00,6,28,3,2,60.0,20202021
282,266,Alex Galchenyuk,26,TOR,C,13,1,5,6,5,4,0.6,1,0,0,0,5,0,0,25,4.0,176,13:33,5,16,3,2,60.0,20202021
283,266,Alex Galchenyuk,26,OTT,C,8,1,0,1,-6,6,-0.2,0,1,0,0,0,0,0,17,5.9,76,9:30,1,12,0,0,,20202021
284,267,Brendan Gallagher,28,MTL,RW,35,14,9,23,10,16,3.3,11,3,0,2,9,0,0,106,13.2,525,15:01,12,46,23,19,54.8,20202021
285,268,Dylan Gambrell,24,SJS,C,38,5,6,11,-8,11,0.4,4,0,1,1,6,0,0,38,13.2,600,15:47,41,62,214,276,43.7,20202021
286,269,Jake Gardiner,30,CAR,D,19,0,7,7,2,2,1.2,0,0,0,0,4,3,0,17,0.0,298,15:41,9,14,0,0,,20202021
287,270,Rhett Gardner,24,DAL,C,21,1,1,2,-7,4,-0.3,1,0,0,0,1,0,0,18,5.6,209,9:58,7,37,37,53,41.1,20202021
288,271,Conor Garland,24,ARI,RW,43,10,21,31,-2,24,3.1,8,2,0,1,16,5,0,115,8.7,763,17:44,18,20,6,13,31.6,20202021
289,272,Adam Gaudette,24,VAN,C,33,4,3,7,-13,12,0.1,4,0,0,0,1,2,0,59,6.8,359,10:54,20,12,50,65,43.5,20202021
290,273,Frederick Gaudreau,27,PIT,C,13,1,3,4,2,2,0.2,1,0,0,0,2,0,1,17,5.9,178,13:40,6,9,74,64,53.6,20202021
291,274,Johnny Gaudreau,27,CGY,LW,43,15,16,31,0,4,3.6,8,7,0,4,7,9,0,81,18.5,799,18:35,8,8,0,1,0.0,20202021
292,275,Frederik Gauthier,25,ARI,C,2,0,0,0,0,2,0.0,0,0,0,0,0,0,0,1,0.0,13,6:45,1,1,6,10,37.5,20202021
293,276,Julien Gauthier,23,NYR,RW,27,2,6,8,-3,14,0.5,2,0,0,0,6,0,0,36,5.6,266,9:50,9,50,4,4,50.0,20202021
294,277,Vladislav Gavrikov,25,CBJ,D,43,1,6,7,-8,8,1.1,1,0,0,1,6,0,0,39,2.6,833,19:22,49,56,0,0,,20202021
295,278,Glenn Gawdin,23,CGY,C,5,0,0,0,-2,0,-0.1,0,0,0,0,0,0,0,0,,28,5:42,1,9,10,11,47.6,20202021
296,279,Morgan Geekie,22,CAR,C,21,2,0,2,-4,6,-0.1,0,2,0,0,0,0,0,13,15.4,199,9:29,4,20,69,63,52.3,20202021
297,280,Nathan Gerbe,33,CBJ,C,1,0,1,1,1,2,0.1,0,0,0,0,1,0,0,1,0.0,10,9:36,1,2,0,0,,20202021
298,281,Ryan Getzlaf,35,ANA,C,38,4,12,16,-7,39,0.8,1,3,0,1,11,1,0,58,6.9,643,16:56,40,57,282,266,51.5,20202021
299,282,Dennis Gilbert,24,COL,D,3,0,0,0,0,5,0.0,0,0,0,0,0,0,0,0,,20,6:43,1,2,0,0,,20202021
300,283,Mark Giordano,37,CGY,D,43,8,14,22,-6,8,3.9,5,3,0,2,10,4,0,94,8.5,957,22:15,82,34,0,0,,20202021
301,284,Samuel Girard,22,COL,D,41,5,26,31,17,12,5.6,5,0,0,0,17,9,0,71,7.0,964,23:31,39,26,0,0,,20202021
302,285,Claude Giroux,33,PHI,C,40,11,20,31,-3,12,2.8,10,1,0,1,13,7,0,88,12.5,712,17:47,3,25,362,263,57.9,20202021
303,286,Cody Glass,21,VEG,C,27,4,6,10,6,8,1.0,0,4,0,0,5,1,0,28,14.3,393,14:32,9,10,110,149,42.5,20202021
304,287,Luke Glendening,31,DET,C,42,3,8,11,4,18,0.7,3,0,0,1,8,0,0,55,5.5,616,14:40,39,54,412,253,62.0,20202021
305,288,Alex Goligoski,35,ARI,D,44,1,12,13,6,12,3.2,1,0,0,0,8,4,0,56,1.8,999,22:42,86,60,0,0,,20202021
306,289,Barclay Goodrow,27,TBL,RW,42,6,9,15,9,34,1.4,6,0,0,1,9,0,0,55,10.9,627,14:55,26,80,117,123,48.8,20202021
307,290,Shayne Gostisbehere,27,PHI,D,32,8,7,15,-2,4,2.6,4,4,0,0,3,4,0,74,10.8,641,20:02,34,10,0,0,,20202021
308,291,Yanni Gourde,29,TBL,C,42,15,15,30,7,28,3.7,13,2,0,3,12,3,0,90,16.7,715,17:01,16,38,236,235,50.1,20202021
309,292,Mikael Granlund,28,NSH,C,40,11,7,18,-2,8,1.8,7,4,0,1,5,2,0,62,17.7,777,19:25,33,31,175,156,52.9,20202021
310,293,Derek Grant,30,ANA,C,36,5,8,13,2,23,1.2,4,0,1,1,8,0,0,50,10.0,528,14:41,38,50,222,211,51.3,20202021
311,294,Tyler Graovac,27,VAN,C,2,0,0,0,-1,0,-0.1,0,0,0,0,0,0,0,1,0.0,20,9:58,0,3,3,9,25.0,20202021
312,295,Ryan Graves,25,COL,D,42,1,12,13,12,30,2.9,1,0,0,0,12,0,0,83,1.2,823,19:36,77,61,0,0,,20202021
313,296,Andy Greene,38,NYI,D,42,1,3,4,10,6,2.2,1,0,0,0,3,0,0,36,2.8,741,17:38,77,28,0,0,,20202021
314,297,Jordan Greenway,23,MIN,LW,41,5,19,24,5,44,2.1,5,0,0,0,18,1,0,59,8.5,657,16:01,21,63,15,16,48.4,20202021
315,298,Noah Gregor,22,SJS,C,17,3,0,3,-10,4,-0.1,3,0,0,0,0,0,0,28,10.7,184,10:50,4,31,12,34,26.1,20202021
316,299,Mikhail Grigorenko,26,CBJ,C,23,2,6,8,-3,2,0.4,2,0,0,0,6,0,0,22,9.1,303,13:10,13,12,3,10,23.1,20202021
317,300,Rocco Grimaldi,27,NSH,C,36,9,3,12,-5,4,1.3,9,0,0,1,3,0,0,57,15.8,464,12:53,7,18,0,1,0.0,20202021
318,301,Jordan Gross,25,ARI,D,7,0,3,3,-3,2,0.2,0,0,0,0,3,0,0,10,0.0,92,13:11,8,6,0,0,,20202021
319,302,Carl Grundstrom,23,LAK,RW,37,5,3,8,-6,14,0.5,5,0,0,3,1,2,0,51,9.8,464,12:32,18,84,0,3,0.0,20202021
320,303,Matt Grzelcyk,27,BOS,D,25,3,10,13,4,14,2.7,2,1,0,0,5,5,0,59,5.1,489,19:33,24,11,0,0,,20202021
321,304,Radko Gudas,30,FLA,D,42,1,5,6,6,29,1.9,1,0,0,0,5,0,0,69,1.4,751,17:52,55,190,0,0,,20202021
322,305,Erik Gudbranson,29,OTT,D,36,1,2,3,-13,47,0.0,1,0,0,1,2,0,0,53,1.9,651,18:04,51,92,0,0,,20202021
323,306,Jake Guentzel,26,PIT,C,42,20,25,45,9,22,5.4,15,5,0,5,15,9,1,108,18.5,855,20:22,22,31,2,8,20.0,20202021
324,307,Carl Gunnarsson,34,STL,D,12,0,2,2,-2,6,0.2,0,0,0,0,2,0,0,6,0.0,173,14:26,16,9,0,0,,20202021
325,308,Denis Gurianov,23,DAL,RW,41,6,13,19,-2,19,1.5,3,3,0,1,9,4,0,95,6.3,655,15:58,10,50,0,1,0.0,20202021
326,309,Nikita Gusev,28,NJD,LW,20,2,3,5,-12,0,-0.2,2,0,0,0,2,1,0,45,4.4,271,13:32,1,2,0,0,,20202021
327,310,David Gustafsson,20,WPG,C,4,0,0,0,-1,0,-0.1,0,0,0,0,0,0,0,1,0.0,23,5:49,0,0,11,10,52.4,20202021
328,311,Erik Gustafsson,28,PHI,D,24,1,9,10,-2,0,1.3,1,0,0,0,5,4,0,25,4.0,418,17:24,20,20,0,0,,20202021
329,312,Gaetan Haas,29,EDM,F,26,2,1,3,-4,10,-0.2,2,0,0,1,1,0,0,18,11.1,301,11:35,20,27,112,142,44.1,20202021
330,313,Brandon Hagel,22,CHI,LW,40,6,9,15,-5,9,1.1,6,0,0,1,7,1,1,67,9.0,536,13:24,19,43,7,14,33.3,20202021
331,314,Carl Hagelin,32,WSH,LW,43,5,8,13,5,12,0.9,4,0,1,0,8,0,0,60,8.3,617,14:21,16,18,3,10,23.1,20202021
332,315,Robert Hagg,25,PHI,D,25,1,2,3,-1,16,0.6,1,0,0,0,2,0,0,22,4.5,378,15:07,24,78,0,0,,20202021
333,316,Nicolas Hague,22,VEG,D,38,5,9,14,12,22,3.4,5,0,0,0,9,0,0,55,9.1,629,16:32,52,69,0,0,,20202021
334,317,Libor Hajek,22,NYR,D,32,2,1,3,2,8,1.0,2,0,0,1,1,0,0,29,6.9,466,14:35,29,15,0,0,,20202021
335,318,Jani Hakanpaa,28,ANA,D,42,0,1,1,0,31,1.1,0,0,0,0,1,0,0,41,0.0,782,18:37,65,168,0,0,,20202021
336,319,Micheal Haley,34,OTT,C,4,0,0,0,-1,5,-0.1,0,0,0,0,0,0,0,0,,24,6:03,0,10,0,1,0.0,20202021
337,320,Taylor Hall,29,TOT,LW,38,2,17,19,-20,24,0.4,1,1,0,0,12,5,0,91,2.2,708,18:38,11,25,2,9,18.2,20202021
338,320,Taylor Hall,29,BUF,LW,37,2,17,19,-21,24,0.4,1,1,0,0,12,5,0,88,2.3,691,18:41,11,24,2,9,18.2,20202021
339,320,Taylor Hall,29,BOS,LW,1,0,0,0,1,0,0.0,0,0,0,0,0,0,0,3,0.0,17,16:43,0,1,0,0,,20202021
340,321,Dougie Hamilton,27,CAR,D,41,6,27,33,14,31,6.2,4,1,1,1,13,14,0,136,4.4,937,22:51,44,38,0,0,,20202021
341,322,Travis Hamonic,30,VAN,D,19,0,2,2,-3,8,0.4,0,0,0,0,2,0,0,38,0.0,348,18:18,42,25,0,1,0.0,20202021
342,323,Fredrik Händemark,27,SJS,C,7,1,0,1,-1,2,0.1,1,0,0,0,0,0,0,4,25.0,69,9:50,1,14,27,25,51.9,20202021
343,324,Noah Hanifin,24,CGY,D,43,4,10,14,1,18,3.1,4,0,0,1,8,2,0,83,4.8,877,20:24,38,28,0,0,,20202021
344,325,Joel Hanley,29,DAL,D,24,0,4,4,3,0,1.0,0,0,0,0,4,0,0,20,0.0,291,12:08,21,25,0,0,,20202021
345,326,Jansen Harkins,23,WPG,C,16,0,0,0,-3,4,-0.3,0,0,0,0,0,0,0,12,0.0,131,8:13,2,4,10,7,58.8,20202021
346,327,Ben Harpur,26,NSH,D,25,0,6,6,2,15,1.3,0,0,0,0,6,0,0,26,0.0,429,17:09,25,29,0,0,,20202021
347,328,Scott Harrington,27,CBJ,D,8,1,2,3,0,6,0.6,1,0,0,0,1,0,1,7,14.3,126,15:47,8,6,0,0,,20202021
348,329,Ryan Hartman,26,MIN,RW,36,6,11,17,0,25,1.5,5,0,1,2,8,2,1,54,11.1,527,14:39,30,34,127,175,42.1,20202021
349,330,Garnet Hathaway,29,WSH,RW,43,4,10,14,8,40,1.2,4,0,0,0,9,0,1,44,9.1,536,12:28,26,139,6,12,33.3,20202021
350,331,Erik Haula,29,NSH,LW,40,4,9,13,1,14,0.9,2,1,1,1,7,2,0,55,7.3,634,15:50,17,49,201,170,54.2,20202021
351,332,Jayce Hawryluk,25,VAN,C,12,1,1,2,-1,2,0.1,1,0,0,0,1,0,0,8,12.5,117,9:43,5,20,0,1,0.0,20202021
352,333,John Hayden,25,ARI,C,20,0,2,2,-4,33,-0.2,0,0,0,0,2,0,0,11,0.0,196,9:48,13,52,1,3,25.0,20202021
353,334,Kevin Hayes,28,PHI,RW,42,11,14,25,-3,14,2.1,8,3,0,2,10,4,0,99,11.1,757,18:01,6,50,170,183,48.2,20202021
354,335,Barrett Hayton,20,ARI,C,14,2,1,3,-1,0,0.2,2,0,0,0,1,0,0,10,20.0,161,11:29,3,15,40,40,50.0,20202021
355,336,Victor Hedman,30,TBL,D,42,7,31,38,6,26,5.9,6,1,0,0,10,21,0,114,6.1,1069,25:28,59,40,0,0,,20202021
356,337,Danton Heinen,25,ANA,C,32,5,4,9,-7,0,0.5,4,1,0,1,4,0,0,59,8.5,479,14:58,26,27,1,4,20.0,20202021
357,338,Ville Heinola,19,WPG,D,1,0,0,0,2,0,0.2,0,0,0,0,0,0,0,1,0.0,14,14:22,1,0,0,0,,20202021
358,339,Miro Heiskanen,21,DAL,D,41,6,15,21,0,8,4.0,4,2,0,0,8,7,0,85,7.1,1030,25:08,41,31,0,0,,20202021
359,340,Darren Helm,34,DET,C,35,3,4,7,-4,8,0.1,3,0,0,0,4,0,0,65,4.6,505,14:25,17,33,5,2,71.4,20202021
360,341,Adam Henrique,30,ANA,C,40,11,7,18,-8,11,1.8,10,1,0,2,5,1,1,69,15.9,643,16:05,29,38,257,216,54.3,20202021
361,342,Aleksi Heponiemi,22,FLA,C,3,1,0,1,0,2,0.2,1,0,0,1,0,0,0,3,33.3,28,9:27,0,0,0,0,,20202021
362,343,Tomas Hertl,27,SJS,C,36,12,14,26,-2,19,2.8,7,4,1,2,10,4,0,73,16.4,685,19:01,30,27,359,291,55.2,20202021
363,344,Thomas Hickey,31,NYI,D,5,0,2,2,5,0,0.7,0,0,0,0,2,0,0,2,0.0,81,16:16,3,10,0,0,,20202021
364,345,Matthew Highmore,24,CHI,LW,24,0,2,2,-5,6,-0.3,0,0,0,0,2,0,0,20,0.0,212,8:50,9,22,0,0,,20202021
365,346,Vinnie Hinostroza,26,TOT,C,13,0,2,2,-2,0,-0.1,0,0,0,0,2,0,0,11,0.0,137,10:32,1,14,2,10,16.7,20202021
366,346,Vinnie Hinostroza,26,FLA,C,9,0,0,0,-2,0,-0.2,0,0,0,0,0,0,0,6,0.0,89,9:50,1,3,2,8,20.0,20202021
367,346,Vinnie Hinostroza,26,CHI,C,4,0,2,2,0,0,0.1,0,0,0,0,2,0,0,5,0.0,48,12:07,0,11,0,2,0.0,20202021
368,347,Roope Hintz,24,DAL,LW,29,13,19,32,7,4,4.1,8,5,0,1,8,11,0,67,19.4,528,18:12,10,35,189,200,48.6,20202021
369,348,Taro Hirose,24,DET,LW,6,0,2,2,2,0,0.2,0,0,0,0,2,0,0,10,0.0,86,14:22,2,1,1,1,50.0,20202021
370,349,Nico Hischier,22,NJD,C,6,2,1,3,-1,2,0.3,1,1,0,0,1,0,0,12,16.7,108,17:58,4,2,53,37,58.9,20202021
371,350,Niklas Hjalmarsson,33,ARI,D,31,0,4,4,-4,14,0.8,0,0,0,0,4,0,0,21,0.0,549,17:43,50,14,0,0,,20202021
372,351,Mike Hoffman,31,STL,C,38,13,13,26,5,6,3.1,10,3,0,2,8,5,0,86,15.1,582,15:19,9,24,4,3,57.1,20202021
373,352,Nils Hoglander,20,VAN,LW,37,7,9,16,-4,10,1.4,6,1,0,1,9,0,0,77,9.1,560,15:09,15,21,1,1,50.0,20202021
374,353,Nick Holden,33,VEG,D,17,0,2,2,3,2,0.6,0,0,0,0,2,0,0,23,0.0,269,15:51,20,28,0,0,,20202021
375,354,Justin Holl,29,TOR,D,43,2,12,14,8,21,2.7,2,0,0,1,12,0,0,38,5.3,913,21:15,63,65,0,0,,20202021
376,355,Patric Hornqvist,34,FLA,RW,39,12,16,28,-2,23,3.0,5,7,0,2,12,4,0,127,9.4,651,16:42,20,70,2,10,16.7,20202021
377,356,Bo Horvat,25,VAN,C,37,14,13,27,-4,10,3.1,8,6,0,1,10,3,0,84,16.7,723,19:33,26,44,420,387,52.0,20202021
378,357,Brett Howden,22,NYR,C,33,1,4,5,-4,11,-0.3,1,0,0,0,4,0,0,25,4.0,422,12:47,22,44,112,122,47.9,20202021
379,358,Filip Hronek,23,DET,D,44,2,20,22,-15,12,2.7,2,0,0,0,11,9,0,90,2.2,1039,23:37,37,53,0,0,,20202021
380,359,Jonathan Huberdeau,27,FLA,LW,43,14,29,43,-3,24,4.6,10,4,0,1,15,14,0,92,15.2,783,18:13,8,36,8,16,33.3,20202021
381,360,Jack Hughes,19,NJD,C,41,9,12,21,-2,0,1.7,8,1,0,1,9,3,0,100,9.0,780,19:01,11,13,168,294,36.4,20202021
382,361,Quinn Hughes,21,VAN,D,37,2,26,28,-17,14,2.8,2,0,0,0,12,14,0,74,2.7,846,22:52,28,8,0,0,,20202021
383,362,Brad Hunt,32,MIN,D,11,1,0,1,-5,4,-0.1,1,0,0,1,0,0,0,13,7.7,130,11:50,5,4,0,0,,20202021
384,363,Dryden Hunt,25,ARI,LW,15,3,3,6,-4,4,0.5,3,0,0,0,3,0,0,24,12.5,180,12:00,5,54,1,5,16.7,20202021
385,364,Ben Hutton,27,ANA,D,34,1,4,5,-13,11,0.4,1,0,0,0,4,0,0,51,2.0,629,18:31,36,37,0,0,,20202021
386,365,Zach Hyman,28,TOR,C,41,15,18,33,19,26,4.1,12,3,0,4,16,2,0,109,13.8,807,19:41,21,66,17,36,32.1,20202021
387,366,Alex Iafallo,27,LAK,C,41,11,15,26,-5,2,2.6,8,3,0,1,11,4,0,89,12.4,823,20:04,23,21,1,4,20.0,20202021
388,367,Matt Irwin,33,BUF,D,22,0,2,2,-9,15,0.1,0,0,0,0,2,0,0,27,0.0,357,16:15,41,53,0,0,,20202021
389,368,Mark Jankowski,26,PIT,C,37,4,7,11,4,4,0.9,4,0,0,0,7,0,0,34,11.8,416,11:14,19,30,134,159,45.7,20202021
390,369,Mattias Janmark,28,TOT,C,42,10,10,20,-15,8,1.4,5,4,1,0,7,3,0,73,13.7,705,16:47,10,23,6,10,37.5,20202021
391,369,Mattias Janmark,28,CHI,C,41,10,9,19,-17,8,1.2,5,4,1,0,6,3,0,72,13.9,690,16:49,9,22,6,10,37.5,20202021
392,369,Mattias Janmark,28,VEG,C,1,0,1,1,2,0,0.2,0,0,0,0,1,0,0,1,0.0,15,15:21,1,1,0,0,,20202021
393,370,Calle Jarnkrok,29,NSH,C,38,11,9,20,5,14,2.5,8,2,1,2,4,5,0,69,15.9,621,16:20,10,18,35,48,42.2,20202021
394,371,Christian Jaros,24,SJS,D,4,0,1,1,-5,2,-0.2,0,0,0,0,1,0,0,1,0.0,46,11:29,3,4,0,0,,20202021
395,372,Tanner Jeannot,23,NSH,F,3,1,0,1,2,0,0.2,1,0,0,0,0,0,0,1,100.0,29,9:33,1,9,0,0,,20202021
396,373,Boone Jenner,27,CBJ,C,41,8,9,17,-9,6,1.0,6,1,1,0,9,0,0,79,10.1,738,18:00,53,76,301,245,55.1,20202021
397,374,Nick Jensen,30,WSH,D,40,2,10,12,8,12,2.3,2,0,0,0,10,0,0,40,5.0,686,17:09,52,45,0,0,,20202021
398,375,Ryan Johansen,28,NSH,C,36,4,11,15,1,14,1.1,3,1,0,0,7,4,0,52,7.7,625,17:21,14,27,333,306,52.1,20202021
399,376,Marcus Johansson,30,MIN,C,23,5,6,11,-5,4,0.8,4,1,0,2,3,3,0,29,17.2,374,16:15,9,7,25,41,37.9,20202021
400,377,Erik Johnson,32,COL,D,4,0,1,1,2,2,0.3,0,0,0,0,1,0,0,5,0.0,54,13:26,5,7,0,0,,20202021
401,378,Jack Johnson,34,NYR,D,13,1,0,1,-5,8,0.0,1,0,0,0,0,0,0,13,7.7,221,16:58,15,30,0,0,,20202021
402,379,Luke Johnson,26,MIN,C,13,1,0,1,-5,5,-0.2,1,0,0,0,0,0,0,11,9.1,128,9:51,4,25,44,42,51.2,20202021
403,380,Reese Johnson,22,CHI,F,5,0,0,0,-2,9,-0.1,0,0,0,0,0,0,0,4,0.0,40,7:57,2,22,0,1,0.0,20202021
404,381,Tyler Johnson,30,TBL,C,41,7,11,18,2,10,1.6,5,2,0,1,10,1,0,59,11.9,571,13:55,9,49,132,107,55.2,20202021
405,382,Andreas Johnsson,26,NJD,LW,41,3,5,8,3,10,0.3,2,1,0,0,5,0,0,51,5.9,569,13:52,15,28,10,15,40.0,20202021
406,383,Ross Johnston,26,NYI,LW,9,0,0,0,-3,35,-0.2,0,0,0,0,0,0,0,4,0.0,74,8:13,4,31,1,3,25.0,20202021
407,384,Henri Jokiharju,21,BUF,D,32,3,4,7,-5,2,1.6,3,0,0,0,4,0,0,35,8.6,558,17:26,31,31,0,0,,20202021
408,385,Caleb Jones,23,EDM,D,22,0,2,2,-4,4,0.1,0,0,0,0,2,0,0,16,0.0,295,13:25,28,12,0,0,,20202021
409,386,Max Jones,22,ANA,LW,34,5,4,9,-6,26,0.5,3,2,0,1,3,1,0,57,8.8,478,14:04,7,76,4,4,50.0,20202021
410,387,Seth Jones,26,CBJ,D,44,4,18,22,-11,26,3.0,3,1,0,1,13,5,0,113,3.5,1113,25:18,78,85,0,0,,20202021
411,388,Mathieu Joseph,23,TBL,RW,42,10,6,16,7,6,2.1,9,1,0,2,5,1,0,45,22.2,462,10:59,10,61,39,64,37.9,20202021
412,389,Pierre-Olivier Joseph,21,PIT,D,16,1,4,5,1,6,0.8,1,0,0,0,4,0,0,27,3.7,269,16:47,7,22,0,0,,20202021
413,390,Dakota Joshua,24,STL,C,11,1,0,1,-3,5,-0.1,1,0,0,0,0,0,0,8,12.5,96,8:43,2,19,29,25,53.7,20202021
414,391,Roman Josi,30,NSH,D,37,5,22,27,-8,20,3.9,4,1,0,2,9,12,1,109,4.6,910,24:35,54,18,0,0,,20202021
415,392,Tyson Jost,22,COL,C,41,3,9,12,9,22,0.9,3,0,0,0,9,0,0,70,4.3,560,13:40,16,34,119,129,48.0,20202021
416,393,Olli Juolevi,22,VAN,D,15,1,0,1,3,0,0.7,1,0,0,0,0,0,0,14,7.1,198,13:12,17,16,0,0,,20202021
417,394,Tomas Jurco,28,VEG,RW,3,0,1,1,0,0,0.0,0,0,0,0,1,0,0,6,0.0,32,10:34,0,2,0,0,,20202021
418,395,Noah Juulsen,23,FLA,D,4,0,0,0,-3,0,-0.2,0,0,0,0,0,0,0,5,0.0,48,11:58,4,9,0,0,,20202021
419,396,Nazem Kadri,30,COL,C,43,10,18,28,-4,30,2.4,7,3,0,3,12,6,0,136,7.4,717,16:40,15,27,326,292,52.8,20202021
420,397,Dominik Kahun,25,EDM,C,34,6,4,10,-4,2,0.8,6,0,0,0,4,0,0,46,13.0,437,12:51,8,11,12,13,48.0,20202021
421,398,Kaapo Kakko,19,NYR,RW,35,6,6,12,3,10,1.1,5,1,0,0,5,1,0,66,9.1,515,14:43,13,12,3,4,42.9,20202021
422,399,Arthur Kaliyev,19,LAK,RW,1,1,0,1,-1,0,0.2,1,0,0,0,0,0,0,1,100.0,15,14:42,1,0,0,0,,20202021
423,400,Wyatt Kalynuk,23,CHI,D,8,1,2,3,-2,0,0.4,1,0,0,0,2,0,0,7,14.3,116,14:27,8,7,0,0,,20202021
424,401,David Kampf,26,CHI,C,43,0,10,10,1,18,0.1,0,0,0,0,10,0,0,53,0.0,623,14:29,12,25,305,284,51.8,20202021
425,402,Steven Kampfer,32,BOS,D,13,1,0,1,-1,2,0.5,0,1,0,0,0,0,0,21,4.8,223,17:09,15,14,0,0,,20202021
426,403,Evander Kane,29,SJS,LW,42,16,19,35,-2,40,3.9,12,3,1,2,15,3,1,140,11.4,844,20:05,15,71,21,25,45.7,20202021
427,404,Patrick Kane,32,CHI,RW,43,14,40,54,6,14,5.8,11,3,0,2,24,16,0,148,9.5,959,22:18,13,10,1,2,33.3,20202021
428,405,Kasperi Kapanen,24,PIT,RW,30,7,14,21,12,5,2.4,6,1,0,3,13,1,0,48,14.6,474,15:47,6,33,0,1,0.0,20202021
429,406,Kirill Kaprizov,23,MIN,LW,41,16,19,35,5,14,4.3,11,5,0,2,16,3,0,106,15.1,754,18:23,14,16,3,19,13.6,20202021
430,407,Erik Karlsson,30,SJS,D,38,5,12,17,-6,8,2.8,3,2,0,0,7,4,1,79,6.3,899,23:40,51,12,0,0,,20202021
431,408,William Karlsson,28,VEG,C,42,10,19,29,12,2,3.1,9,1,0,3,13,5,1,82,12.2,778,18:31,25,23,387,322,54.6,20202021
432,409,David Kase,24,PHI,RW,1,0,0,0,0,0,0.0,0,0,0,0,0,0,0,0,,11,10:58,1,0,0,0,,20202021
433,410,Ondrej Kase,25,BOS,RW,2,0,0,0,0,0,0.0,0,0,0,0,0,0,0,2,0.0,19,9:21,0,0,0,0,,20202021
434,411,Zack Kassian,30,EDM,RW,24,2,3,5,-3,15,0.1,2,0,0,0,3,0,0,15,13.3,294,12:15,3,63,0,1,0.0,20202021
435,412,Martin Kaut,21,COL,RW,1,0,0,0,0,2,0.0,0,0,0,0,0,0,0,0,,6,5:50,0,0,0,0,,20202021
436,413,Brady Keeper,24,FLA,D,1,0,0,0,0,0,0.0,0,0,0,0,0,0,0,0,,9,9:28,0,1,0,0,,20202021
437,414,Duncan Keith,37,CHI,D,43,2,11,13,-3,20,2.3,1,1,0,1,6,5,0,89,2.2,1019,23:42,78,28,0,0,,20202021
438,415,Clayton Keller,22,ARI,C,44,12,18,30,-4,12,3.2,9,3,0,3,13,5,0,95,12.6,726,16:30,10,13,17,17,50.0,20202021
439,416,Joel Kellman,26,SJS,F,4,0,0,0,-2,4,-0.1,0,0,0,0,0,0,0,5,0.0,44,10:56,2,2,11,15,42.3,20202021
440,417,Adrian Kempe,24,LAK,LW,42,13,11,24,-13,18,2.4,9,4,0,2,2,9,0,101,12.9,700,16:40,16,36,20,30,40.0,20202021
441,418,Alexander Kerfoot,26,TOR,C,43,7,11,18,3,10,1.5,6,0,1,1,10,1,0,51,13.7,611,14:13,24,30,85,129,39.7,20202021
442,419,Tanner Kero,28,DAL,RW,24,2,3,5,-2,4,0.2,2,0,0,2,3,0,0,25,8.0,253,10:32,9,21,14,9,60.9,20202021
443,420,Phil Kessel,33,ARI,RW,44,16,18,34,-12,12,3.7,12,4,0,1,11,7,0,87,18.4,745,16:55,7,7,1,3,25.0,20202021
444,421,Jujhar Khaira,26,EDM,LW,31,3,8,11,2,40,0.9,3,0,0,2,8,0,0,32,9.4,371,11:58,14,125,137,161,46.0,20202021
445,422,Matt Kiersted,22,FLA,D,5,0,0,0,-2,2,-0.1,0,0,0,0,0,0,0,5,0.0,80,15:59,9,1,0,0,,20202021
446,423,Alex Killorn,31,TBL,C,42,10,13,23,2,24,2.1,8,2,0,1,9,3,1,85,11.8,764,18:11,9,42,1,2,33.3,20202021
447,424,Joel Kiviranta,24,DAL,F,19,3,4,7,3,6,0.8,2,1,0,0,4,0,0,18,16.7,232,12:13,7,26,1,4,20.0,20202021
448,425,John Klingberg,28,DAL,D,40,6,21,27,-7,21,4.0,4,2,0,1,8,13,0,81,7.4,925,23:07,40,39,0,0,,20202021
449,426,Nikolai Knyzhov,22,SJS,D,42,1,6,7,-5,37,1.1,1,0,0,1,6,0,0,31,3.2,670,15:57,39,60,0,0,,20202021
450,427,Slater Koekkoek,26,EDM,D,17,1,0,1,-7,2,-0.2,1,0,0,0,0,0,0,15,6.7,220,12:55,29,9,0,0,,20202021
451,428,Mikko Koivu,37,CBJ,C,7,1,1,2,-2,2,0.1,1,0,0,0,1,0,0,3,33.3,87,12:28,1,10,32,38,45.7,20202021
452,429,Keegan Kolesar,23,VEG,RW,35,2,8,10,-2,30,0.6,2,0,0,0,8,0,0,38,5.3,322,9:12,10,82,27,32,45.8,20202021
453,430,Leo Komarov,34,NYI,C,24,0,5,5,7,7,0.3,0,0,0,0,4,0,1,21,0.0,298,12:24,8,58,19,29,39.6,20202021
454,431,Travis Konecny,23,PHI,C,36,9,19,28,0,18,2.7,6,3,0,1,14,5,0,72,12.5,576,16:00,14,45,5,10,33.3,20202021
455,432,Anze Kopitar,33,LAK,C,42,9,34,43,-4,10,4.1,6,3,0,2,15,19,0,98,9.2,904,21:32,31,35,499,376,57.0,20202021
456,433,Jesperi Kotkaniemi,20,MTL,C,40,5,14,19,7,12,1.7,5,0,0,1,10,4,0,67,7.5,594,14:51,17,56,206,207,49.9,20202021
457,434,Vitali Kravtsov,21,NYR,RW,6,0,1,1,0,0,0.0,0,0,0,0,1,0,0,10,0.0,74,12:18,1,4,0,2,0.0,20202021
458,435,Chris Kreider,29,NYR,LW,42,17,9,26,-3,28,3.1,8,9,0,4,7,2,0,84,20.2,745,17:44,30,98,29,40,42.0,20202021
459,436,David Krejci,34,BOS,C,36,3,21,24,2,12,2.0,1,2,0,0,12,9,0,56,5.4,628,17:27,19,18,215,175,55.1,20202021
460,437,Torey Krug,29,STL,D,42,1,22,23,7,23,3.8,0,1,0,0,15,7,0,93,1.1,962,22:54,48,42,0,0,,20202021
461,438,Dominik Kubalík,25,CHI,LW,43,14,15,29,2,18,3.5,11,3,0,1,5,10,0,118,11.9,655,15:14,7,39,0,3,0.0,20202021
462,439,Karson Kuhlman,25,BOS,C,15,2,0,2,-4,0,0.0,2,0,0,0,0,0,0,23,8.7,152,10:06,3,19,1,2,33.3,20202021
463,440,Dean Kukan,27,CBJ,D,27,1,4,5,-1,6,0.9,1,0,0,0,4,0,0,21,4.8,365,13:32,32,27,0,0,,20202021
464,441,Brett Kulak,27,MTL,D,36,1,5,6,4,18,1.2,1,0,0,0,5,0,0,44,2.3,573,15:55,34,21,0,0,,20202021
465,442,Dmitry Kulikov,30,NJD,D,38,0,2,2,-4,26,0.5,0,0,0,0,2,0,0,43,0.0,743,19:33,39,72,0,0,,20202021
466,443,Luke Kunin,23,NSH,C,27,4,8,12,0,13,1.1,4,0,0,0,8,0,0,48,8.3,385,14:15,13,56,13,24,35.1,20202021
467,444,Janne Kuokkanen,22,NJD,C,36,6,14,20,0,14,1.8,5,1,0,0,12,2,0,41,14.6,515,14:19,14,8,0,4,0.0,20202021
468,445,Rasmus Kupari,20,LAK,C,3,0,0,0,-2,2,-0.1,0,0,0,0,0,0,0,2,0.0,29,9:41,1,3,11,7,61.1,20202021
469,446,Sean Kuraly,28,BOS,C,32,2,2,4,-12,12,-0.5,2,0,0,2,1,0,1,54,3.7,441,13:46,14,63,150,105,58.8,20202021
470,447,Philipp Kurashev,21,CHI,C,42,8,6,14,-9,8,1.1,6,2,0,1,4,2,0,51,15.7,526,12:32,13,14,55,79,41.0,20202021
471,448,Evgeny Kuznetsov,28,WSH,C,33,7,14,21,6,12,2.1,6,1,0,3,10,4,0,66,10.6,551,16:42,16,17,170,234,42.1,20202021
472,449,Oliver Kylington,23,CGY,D,6,0,1,1,0,0,0.2,0,0,0,0,1,0,0,4,0.0,76,12:37,1,2,0,0,,20202021
473,450,Jordan Kyrou,22,STL,C,42,10,16,26,-1,12,2.5,10,0,0,2,13,3,0,76,13.2,611,14:32,11,6,5,6,45.5,20202021
474,451,Joel L'Esperance,25,DAL,RW,12,2,0,2,-2,2,0.2,2,0,0,1,0,0,0,8,25.0,113,9:25,0,16,7,10,41.2,20202021
475,452,Kevin Labanc,25,SJS,RW,42,10,14,24,-8,22,2.1,10,0,0,1,11,3,0,106,9.4,708,16:51,14,48,0,0,,20202021
476,453,Tanner Laczynski,23,PHI,C,4,0,0,0,1,0,0.0,0,0,0,0,0,0,0,5,0.0,40,9:57,1,3,9,14,39.1,20202021
477,454,Sam Lafferty,25,PIT,C,31,0,6,6,-6,25,-0.2,0,0,0,0,6,0,0,30,0.0,311,10:02,11,80,52,47,52.5,20202021
478,455,Alexis Lafreniere,19,NYR,LW,42,7,6,13,-4,8,0.9,7,0,0,3,6,0,0,54,13.0,578,13:45,8,34,13,17,43.3,20202021
479,456,William Lagesson,24,EDM,D,17,0,2,2,1,7,0.5,0,0,0,0,2,0,0,10,0.0,240,14:08,9,12,0,0,,20202021
480,457,Patrik Laine,22,TOT,RW,35,12,8,20,-13,15,1.8,8,4,0,1,6,2,0,70,17.1,620,17:43,14,31,6,15,28.6,20202021
481,457,Patrik Laine,22,CBJ,RW,34,10,7,17,-14,11,1.2,6,4,0,0,6,1,0,67,14.9,604,17:46,13,28,5,14,26.3,20202021
482,457,Patrik Laine,22,WPG,RW,1,2,1,3,1,4,0.5,2,0,0,1,0,1,0,3,66.7,16,16:20,1,3,1,1,50.0,20202021
483,458,Juho Lammikko,25,FLA,RW,34,3,0,3,-4,4,-0.2,3,0,0,0,0,0,0,34,8.8,366,10:46,12,33,101,123,45.1,20202021
484,459,Gabriel Landeskog,28,COL,LW,41,16,25,41,14,26,4.9,8,8,0,7,20,5,0,112,14.3,818,19:57,24,61,205,153,57.3,20202021
485,460,Dylan Larkin,24,DET,C,40,8,14,22,-12,27,1.4,7,1,0,0,9,5,0,125,6.4,820,20:29,12,36,332,348,48.8,20202021
486,461,Adam Larsson,28,EDM,D,42,3,5,8,-2,18,1.7,3,0,0,0,5,0,0,38,7.9,823,19:36,110,128,1,0,100.0,20202021
487,462,Jacob Larsson,23,ANA,D,36,0,4,4,-14,12,0.1,0,0,0,0,3,0,1,33,0.0,614,17:03,52,25,0,0,,20202021
488,463,Johan Larsson,28,ARI,LW,42,7,6,13,-9,22,0.9,7,0,0,2,6,0,0,42,16.7,577,13:44,25,57,240,258,48.2,20202021
489,464,Scott Laughton,26,PHI,C,39,7,10,17,7,26,1.6,7,0,0,1,10,0,0,72,9.7,606,15:33,23,101,137,140,49.5,20202021
490,465,Jeremy Lauzon,23,BOS,D,26,1,5,6,2,33,1.6,1,0,0,0,4,0,1,35,2.9,492,18:56,33,58,0,0,,20202021
491,466,Curtis Lazar,25,TOT,C,34,5,4,9,-5,2,0.6,5,0,0,1,4,0,0,36,13.9,462,13:36,17,64,108,106,50.5,20202021
492,466,Curtis Lazar,25,BUF,C,33,5,4,9,-4,0,0.7,5,0,0,1,4,0,0,35,14.3,449,13:37,16,64,107,104,50.7,20202021
493,466,Curtis Lazar,25,BOS,C,1,0,0,0,-1,2,-0.1,0,0,0,0,0,0,0,1,0.0,13,12:58,1,0,1,2,33.3,20202021
494,467,Nick Leddy,29,NYI,D,42,1,24,25,-1,6,3.7,0,1,0,0,16,8,0,54,1.9,896,21:21,36,40,0,0,,20202021
495,468,Anders Lee,30,NYI,LW,27,12,7,19,11,12,3.0,9,3,0,3,6,1,0,80,15.0,473,17:32,13,39,63,65,49.2,20202021
496,469,Artturi Lehkonen,25,MTL,LW,31,3,4,7,-3,4,0.2,1,0,2,0,3,0,1,52,5.8,401,12:56,14,49,5,5,50.0,20202021
497,470,Mikko Lehtonen,27,TOT,D,17,0,3,3,1,8,0.6,0,0,0,0,2,1,0,19,0.0,228,13:24,11,15,0,0,,20202021
498,470,Mikko Lehtonen,27,TOR,D,9,0,3,3,1,4,0.4,0,0,0,0,2,1,0,9,0.0,107,11:52,2,5,0,0,,20202021
499,470,Mikko Lehtonen,27,CBJ,D,8,0,0,0,0,4,0.1,0,0,0,0,0,0,0,10,0.0,121,15:07,9,10,0,0,,20202021
500,471,Josh Leivo,27,CGY,LW,34,5,2,7,-3,8,0.6,5,0,0,2,2,0,0,46,10.9,362,10:39,2,26,3,7,30.0,20202021
501,472,Brendan Lemieux,24,TOT,LW,36,2,6,8,0,59,0.4,2,0,0,1,6,0,0,36,5.6,363,10:05,20,78,5,17,22.7,20202021
502,472,Brendan Lemieux,24,NYR,LW,31,2,5,7,0,59,0.4,2,0,0,1,5,0,0,31,6.5,317,10:13,14,65,4,16,20.0,20202021
503,472,Brendan Lemieux,24,LAK,LW,5,0,1,1,0,0,0.0,0,0,0,0,1,0,0,5,0.0,46,9:13,6,13,1,1,50.0,20202021
504,473,John Leonard,22,SJS,LW,36,3,9,12,-8,2,0.6,2,1,0,0,9,0,0,52,5.8,419,11:38,14,21,0,1,0.0,20202021
505,474,Otto Leskinen,23,MTL,D,1,0,0,0,0,0,0.0,0,0,0,0,0,0,0,0,,16,16:23,0,1,0,0,,20202021
506,475,Kris Letang,33,PIT,D,41,7,27,34,13,28,5.6,6,1,0,2,16,11,0,95,7.4,1004,24:29,51,70,0,0,,20202021
507,476,Vinni Lettieri,25,ANA,C,5,0,0,0,-3,0,-0.2,0,0,0,0,0,0,0,7,0.0,64,12:43,1,9,2,3,40.0,20202021
508,477,Tyler Lewington,26,NSH,D,1,0,1,1,2,2,0.3,0,0,0,0,1,0,0,3,0.0,14,14:05,2,0,0,0,,20202021
509,478,Trevor Lewis,34,WPG,C,43,3,4,7,7,0,0.6,1,0,2,1,4,0,0,48,6.3,405,9:25,15,50,10,6,62.5,20202021
510,479,Oskar Lindblom,24,PHI,LW,36,6,5,11,-9,9,0.5,6,0,0,1,5,0,0,50,12.0,487,13:32,21,30,1,1,50.0,20202021
511,480,Esa Lindell,26,DAL,D,41,4,7,11,9,12,3.4,3,0,1,0,6,1,0,69,5.8,960,23:26,76,90,0,0,,20202021
512,481,Ryan Lindgren,22,NYR,D,42,0,12,12,11,33,2.7,0,0,0,0,11,0,1,51,0.0,834,19:51,42,73,0,0,,20202021
513,482,Elias Lindholm,26,CGY,C,43,11,26,37,5,20,3.9,6,5,0,2,15,10,1,100,11.0,862,20:03,26,48,393,365,51.8,20202021
514,483,Hampus Lindholm,27,ANA,D,18,2,4,6,-1,16,1.3,2,0,0,0,3,1,0,29,6.9,397,22:02,19,9,0,0,,20202021
515,484,Par Lindholm,29,BOS,C,1,0,0,0,0,0,0.0,0,0,0,0,0,0,0,0,,13,12:55,0,0,4,1,80.0,20202021
516,485,Gustav Lindstrom,22,DET,D,1,0,0,0,0,0,0.0,0,0,0,0,0,0,0,0,,11,10:52,0,1,0,0,,20202021
517,486,Blake Lizotte,23,LAK,C,36,2,5,7,0,12,0.3,2,0,0,0,5,0,0,38,5.3,450,12:31,19,25,160,148,51.9,20202021
518,487,Ryan Lomberg,26,FLA,LW,24,1,1,2,-1,20,-0.1,1,0,0,0,1,0,0,30,3.3,233,9:43,5,67,0,0,,20202021
519,488,Steven Lorentz,24,CAR,C,30,1,2,3,-2,6,-0.1,1,0,0,1,2,0,0,24,4.2,291,9:41,10,36,102,85,54.5,20202021
520,489,Adam Lowry,27,WPG,LW,43,8,12,20,5,13,1.9,8,0,0,2,10,2,0,68,11.8,676,15:43,26,127,305,303,50.2,20202021
521,490,Milan Lucic,32,CGY,LW,43,7,10,17,-9,40,1.3,5,2,0,0,10,0,0,59,11.9,583,13:33,9,114,8,17,32.0,20202021
522,491,Matt Luff,23,LAK,RW,11,1,0,1,-3,5,-0.1,1,0,0,0,0,0,0,16,6.3,113,10:16,4,7,2,3,40.0,20202021
523,492,Isac Lundestrom,21,ANA,C,33,6,3,9,-7,14,0.5,6,0,0,0,3,0,0,47,12.8,497,15:03,16,14,149,169,46.9,20202021
524,493,Eetu Luostarinen,22,FLA,C,42,3,5,8,-10,12,-0.2,3,0,0,1,5,0,0,33,9.1,559,13:19,24,53,191,206,48.1,20202021
525,494,Ilya Lyubushkin,26,ARI,D,30,1,1,2,-12,6,0.0,1,0,0,0,1,0,0,26,3.8,464,15:29,51,77,0,0,,20202021
526,495,Olli Maatta,26,LAK,D,27,0,2,2,-8,6,0.2,0,0,0,0,2,0,0,30,0.0,449,16:37,30,28,0,0,,20202021
527,496,Kurtis MacDermid,26,LAK,D,26,2,2,4,-13,34,0.1,2,0,0,0,2,0,0,14,14.3,356,13:41,34,44,0,0,,20202021
528,497,Jacob MacDonald,27,COL,D,29,1,6,7,15,8,2.3,1,0,0,0,6,0,0,46,2.2,439,15:08,29,29,0,0,,20202021
529,498,Mackenzie MacEachern,26,STL,LW,17,1,1,2,2,4,0.1,0,0,1,0,1,0,0,21,4.8,161,9:29,2,28,1,1,50.0,20202021
530,499,Zack MacEwen,24,VAN,C,22,1,1,2,1,24,0.1,1,0,0,0,1,0,0,21,4.8,175,7:57,6,45,2,3,40.0,20202021
531,500,Ryan MacInnis,24,CBJ,C,6,0,0,0,-3,0,-0.2,0,0,0,0,0,0,0,4,0.0,60,10:01,1,11,14,18,43.8,20202021
532,501,Connor Mackey,24,CGY,D,3,0,1,1,1,6,0.2,0,0,0,0,1,0,0,1,0.0,37,12:20,0,0,0,0,,20202021
533,502,Nathan MacKinnon,25,COL,C,39,17,36,53,26,28,6.7,11,6,0,2,21,15,0,164,10.4,791,20:17,14,32,203,211,49.0,20202021
534,503,Josh Mahura,22,ANA,D,11,1,2,3,-2,4,0.5,1,0,0,0,2,0,0,12,8.3,173,15:42,7,10,0,0,,20202021
535,504,Philippe Maillet,28,WSH,F,1,0,0,0,0,0,0.0,0,0,0,0,0,0,0,1,0.0,8,8:02,0,1,2,2,50.0,20202021
536,505,Cale Makar,22,COL,D,31,4,27,31,19,8,5.5,3,1,0,2,13,14,0,68,5.9,747,24:06,22,33,0,0,,20202021
537,506,Evgeni Malkin,34,PIT,C,29,8,16,24,-2,22,2.2,4,4,0,0,13,3,0,64,12.5,525,18:07,12,17,133,179,42.6,20202021
538,507,Sean Malone,25,NSH,C,1,0,1,1,-1,2,0.1,0,0,0,0,1,0,0,1,0.0,11,10:38,0,0,4,4,50.0,20202021
539,508,Mikhail Maltsev,22,NJD,LW,27,4,1,5,-4,4,0.2,4,0,0,0,1,0,0,46,8.7,305,11:18,6,23,54,70,43.5,20202021
540,509,Andrew Mangiapane,24,CGY,LW,43,12,10,22,-4,22,2.3,10,1,1,2,8,2,0,64,18.8,724,16:50,25,38,2,11,15.4,20202021
541,510,Josh Manson,29,ANA,D,18,1,4,5,1,21,1.1,1,0,0,1,4,0,0,14,7.1,320,17:47,27,46,0,0,,20202021
542,511,Anthony Mantha,26,TOT,RW,43,12,11,23,-14,17,1.9,10,2,0,0,10,1,0,106,11.3,781,18:10,20,34,15,17,46.9,20202021
543,511,Anthony Mantha,26,DET,RW,42,11,10,21,-14,17,1.6,9,2,0,0,10,0,0,100,11.0,766,18:15,20,34,15,16,48.4,20202021
544,511,Anthony Mantha,26,WSH,RW,1,1,1,2,0,0,0.3,1,0,0,0,0,1,0,6,16.7,15,14:59,0,0,0,1,0.0,20202021
545,512,Brad Marchand,32,BOS,LW,38,19,29,48,15,36,6.5,13,3,3,3,15,12,2,94,20.2,728,19:09,9,50,7,16,30.4,20202021
546,513,Jonathan Marchessault,30,VEG,C,42,11,19,30,8,35,3.3,9,2,0,2,16,3,0,137,8.0,716,17:03,9,30,32,34,48.5,20202021
547,514,Mason Marchment,25,FLA,F,26,2,6,8,5,16,0.6,2,0,0,0,6,0,0,42,4.8,379,14:34,7,57,5,10,33.3,20202021
548,515,John Marino,23,PIT,D,38,2,6,8,3,8,1.5,2,0,0,1,5,1,0,40,5.0,821,21:36,40,39,0,0,,20202021
549,516,Patrick Marleau,41,SJS,C,42,4,4,8,-6,10,0.1,2,2,0,0,4,0,0,42,9.5,563,13:25,13,32,99,115,46.3,20202021
550,517,Mitch Marner,23,TOR,RW,43,14,39,53,19,18,5.7,14,0,0,2,25,13,1,121,11.6,971,22:35,32,19,4,1,80.0,20202021
551,518,Pat Maroon,32,TBL,LW,42,4,14,18,6,48,1.6,2,2,0,0,12,2,0,34,11.8,492,11:42,5,54,2,10,16.7,20202021
552,519,Matt Martin,31,NYI,LW,42,6,5,11,2,29,1.2,5,1,0,0,4,1,0,56,10.7,458,10:54,17,134,2,9,18.2,20202021
553,520,Alec Martinez,33,VEG,D,41,7,16,23,21,10,5.4,5,2,0,2,12,4,0,62,11.3,932,22:44,126,27,0,0,,20202021
554,521,Jordan Martinook,28,CAR,LW,38,2,9,11,-5,18,0.3,2,0,0,1,8,0,1,51,3.9,483,12:43,18,71,75,83,47.5,20202021
555,522,Mike Matheson,26,PIT,D,34,4,9,13,5,28,2.3,4,0,0,1,8,1,0,68,5.9,638,18:47,30,33,0,0,,20202021
556,523,Stefan Matteau,26,CBJ,LW,9,1,0,1,-1,7,0.0,1,0,0,0,0,0,0,4,25.0,84,9:18,2,23,0,3,0.0,20202021
557,524,Auston Matthews,23,TOR,C,40,32,21,53,17,10,7.6,23,9,0,9,19,2,0,162,19.8,878,21:57,37,46,358,325,52.4,20202021
558,525,Scott Mayfield,28,NYI,D,42,2,10,12,0,32,2.4,2,0,0,0,10,0,0,62,3.2,821,19:33,83,59,0,0,,20202021
559,526,Gerald Mayhew,28,MIN,F,4,0,1,1,1,0,0.1,0,0,0,0,0,1,0,5,0.0,47,11:45,4,7,0,1,0.0,20202021
560,527,Charlie McAvoy,23,BOS,D,36,4,18,22,11,26,4.8,4,0,0,0,12,5,1,70,5.7,878,24:24,62,40,0,0,,20202021
561,528,Jake McCabe,27,BUF,D,13,1,2,3,2,9,1.0,1,0,0,0,2,0,0,15,6.7,249,19:11,15,22,0,0,,20202021
562,529,Jared McCann,24,PIT,C,29,11,10,21,7,4,2.8,5,6,0,2,7,3,0,63,17.5,395,13:37,13,24,54,69,43.9,20202021
563,530,Michael McCarron,25,NSH,RW,5,0,0,0,0,16,-0.1,0,0,0,0,0,0,0,2,0.0,50,9:58,0,11,10,22,31.3,20202021
564,531,Max McCormick,28,CAR,LW,2,0,0,0,0,0,0.0,0,0,0,0,0,0,0,1,0.0,9,4:18,0,5,0,0,,20202021
565,532,Connor McDavid,24,EDM,C,42,23,46,69,12,16,8.4,15,8,0,8,28,18,0,152,15.1,946,22:32,17,48,240,243,49.7,20202021
566,533,Ryan McDonagh,31,TBL,D,38,4,7,11,11,12,3.0,4,0,0,0,7,0,0,63,6.3,839,22:05,69,52,0,0,,20202021
567,534,Brock McGinn,26,CAR,LW,37,8,5,13,0,6,1.2,7,0,1,1,5,0,0,58,13.8,554,14:59,12,44,3,11,21.4,20202021
568,535,Greg McKegg,28,BOS,C,4,1,0,1,-2,2,0.1,1,0,0,0,0,0,0,4,25.0,36,9:01,1,7,17,9,65.4,20202021
569,536,Michael McLeod,22,NJD,C,37,6,3,9,-7,23,0.4,6,0,0,1,3,0,0,44,13.6,478,12:56,14,54,208,188,52.5,20202021
570,537,Connor McMichael,20,WSH,C,1,0,0,0,0,2,0.0,0,0,0,0,0,0,0,1,0.0,10,9:54,0,0,1,0,100.0,20202021
571,538,Brayden McNabb,30,VEG,D,27,1,3,4,1,12,1.0,1,0,0,0,3,0,0,23,4.3,521,19:17,54,66,0,0,,20202021
572,539,Jayson Megna,30,COL,C,4,0,0,0,0,0,-0.1,0,0,0,0,0,0,0,5,0.0,40,10:03,2,8,11,10,52.4,20202021
573,540,Timo Meier,24,SJS,RW,40,8,17,25,-4,16,2.3,6,2,0,0,9,8,0,122,6.6,653,16:20,16,57,5,15,25.0,20202021
574,541,Nicolas Meloche,23,SJS,D,6,0,1,1,1,0,0.2,0,0,0,0,1,0,0,4,0.0,58,9:41,4,4,0,0,,20202021
575,542,Nicholas Merkley,23,NJD,RW,16,2,4,6,-2,0,0.4,2,0,0,0,4,0,0,28,7.1,193,12:04,4,23,2,5,28.6,20202021
576,543,Dakota Mermis,27,MIN,D,2,0,0,0,3,0,0.3,0,0,0,0,0,0,0,2,0.0,33,16:35,4,8,0,0,,20202021
577,544,Jonathon Merrill,28,DET,D,36,0,5,5,2,12,1.6,0,0,0,0,5,0,0,35,0.0,709,19:41,58,24,0,0,,20202021
578,545,Victor Mete,22,TOT,D,16,0,3,3,2,6,0.6,0,0,0,0,3,0,0,10,0.0,223,13:55,10,10,0,0,,20202021
579,545,Victor Mete,22,MTL,D,14,0,3,3,3,6,0.6,0,0,0,0,3,0,0,8,0.0,198,14:09,10,8,0,0,,20202021
580,545,Victor Mete,22,OTT,D,2,0,0,0,-1,0,-0.1,0,0,0,0,0,0,0,2,0.0,25,12:18,0,2,0,0,,20202021
581,546,Marc Michaelis,25,VAN,F,6,0,0,0,-3,2,-0.2,0,0,0,0,0,0,0,1,0.0,61,10:12,4,6,1,0,100.0,20202021
582,547,Jacob Middleton,25,SJS,D,1,0,0,0,-2,2,-0.1,0,0,0,0,0,0,0,1,0.0,9,8:44,1,2,0,0,,20202021
583,548,Keaton Middleton,22,COL,D,3,0,0,0,-1,4,-0.1,0,0,0,0,0,0,0,2,0.0,28,9:18,1,4,0,0,,20202021
584,549,Ilya Mikheyev,26,TOR,F,43,6,9,15,2,6,1.1,6,0,0,2,8,0,1,88,6.8,608,14:09,23,42,2,0,100.0,20202021
585,550,Niko Mikkola,24,STL,D,20,1,0,1,-8,6,-0.2,1,0,0,0,0,0,0,15,6.7,266,13:18,23,23,0,0,,20202021
586,551,Sonny Milano,24,ANA,LW,6,0,0,0,0,0,-0.1,0,0,0,0,0,0,0,8,0.0,88,14:44,0,4,0,0,,20202021
587,552,Colin Miller,28,BUF,D,40,4,5,9,-19,27,1.0,3,1,0,0,2,3,0,49,8.2,727,18:10,44,81,0,0,,20202021
588,553,J.T. Miller,27,VAN,C,34,9,20,29,-5,23,2.7,7,2,0,4,8,12,0,63,14.3,721,21:13,16,71,149,117,56.0,20202021
589,554,K'Andre Miller,21,NYR,D,39,4,5,9,11,12,2.8,4,0,0,1,4,0,1,40,10.0,814,20:52,52,69,0,0,,20202021
590,555,Kevan Miller,33,BOS,D,19,0,2,2,-1,18,0.7,0,0,0,0,2,0,0,15,0.0,369,19:25,22,41,0,0,,20202021
591,556,Ian Mitchell,22,CHI,D,32,2,2,4,-7,10,0.6,2,0,0,0,2,0,0,21,9.5,489,15:16,30,16,0,0,,20202021
592,557,Casey Mittelstadt,22,BUF,C,27,6,6,12,-9,8,1.0,4,2,0,1,5,1,0,32,18.8,402,14:53,7,5,100,114,46.7,20202021
593,558,Sean Monahan,26,CGY,C,41,9,16,25,-5,10,2.2,5,4,0,4,12,4,0,88,10.2,741,18:04,18,40,276,294,48.4,20202021
594,559,Brandon Montour,26,BUF,D,38,5,9,14,-13,24,2.2,3,0,2,0,8,1,0,72,6.9,780,20:32,53,35,0,0,,20202021
595,560,John Moore,30,BOS,D,5,0,2,2,-3,2,0.1,0,0,0,0,1,1,0,8,0.0,105,20:59,6,9,0,0,,20202021
596,561,Trevor Moore,25,LAK,LW,42,7,11,18,0,14,1.8,4,1,2,0,11,0,0,67,10.4,583,13:53,7,29,3,2,60.0,20202021
597,562,Samuel Morin,25,PHI,D,14,1,0,1,-6,33,-0.2,1,0,0,1,0,0,0,12,8.3,135,9:38,7,24,0,0,,20202021
598,563,Josh Morrissey,25,WPG,D,43,3,17,20,3,17,3.5,2,1,0,0,9,8,0,86,3.5,1018,23:41,62,56,0,0,,20202021
599,564,Tyler Motte,25,VAN,C,20,6,1,7,-3,14,0.7,6,0,0,1,1,0,0,38,15.8,324,16:13,26,88,12,20,37.5,20202021
600,565,Connor Murphy,27,CHI,D,37,2,10,12,5,16,2.7,2,0,0,1,9,0,1,60,3.3,826,22:20,90,79,0,0,,20202021
601,566,Ryan Murray,27,NJD,D,33,0,10,10,5,6,1.9,0,0,0,0,10,0,0,16,0.0,590,17:53,40,30,0,0,,20202021
602,567,Jake Muzzin,31,TOR,D,41,2,15,17,15,25,3.5,1,0,1,0,14,1,0,75,2.7,883,21:32,71,74,0,0,,20202021
603,568,Philippe Myers,24,PHI,D,31,0,7,7,-13,14,0.1,0,0,0,0,7,0,0,54,0.0,592,19:05,34,44,0,0,,20202021
604,569,Tyler Myers,30,VAN,D,37,4,10,14,-5,41,2.4,3,0,1,2,6,3,1,73,5.5,812,21:57,52,36,0,0,,20202021
605,570,Vladislav Namestnikov,28,DET,C,41,6,7,13,-5,16,0.8,6,0,0,0,7,0,0,67,9.0,664,16:12,26,58,113,168,40.2,20202021
606,571,Riley Nash,31,CBJ,C,37,2,5,7,-1,4,0.1,2,0,0,1,5,0,0,40,5.0,466,12:36,21,33,162,164,49.7,20202021
607,572,James Neal,33,EDM,LW,18,3,3,6,-1,7,0.5,2,1,0,0,2,1,0,32,9.4,221,12:17,2,15,2,4,33.3,20202021
608,573,Martin Necas,22,CAR,C,38,11,21,32,19,8,4.1,7,4,0,3,15,6,0,85,12.9,667,17:32,25,29,26,32,44.8,20202021
609,574,Brock Nelson,29,NYI,C,42,15,10,25,-3,8,2.9,9,6,0,2,9,1,0,91,16.5,748,17:48,19,26,264,267,49.7,20202021
610,575,Patrik Nemeth,28,DET,D,39,2,6,8,-1,14,1.9,2,0,0,0,6,0,0,46,4.3,718,18:24,47,65,0,0,,20202021
611,576,Nikita Nesterov,27,CGY,D,30,0,3,3,-8,16,0.3,0,0,0,0,3,0,0,28,0.0,463,15:26,21,29,0,0,,20202021
612,577,Valeri Nichushkin,25,COL,RW,42,9,10,19,9,4,2.2,8,0,1,4,9,1,0,78,11.5,565,13:27,21,46,1,2,33.3,20202021
613,578,Nino Niederreiter,28,CAR,RW,41,15,11,26,17,21,3.8,12,3,0,4,10,1,0,93,16.1,642,15:40,14,47,0,5,0.0,20202021
614,579,Frans Nielsen,36,DET,C,28,1,5,6,-2,0,0.1,1,0,0,0,5,0,0,24,4.2,348,12:27,12,23,21,19,52.5,20202021
615,580,Matthew Nieto,28,SJS,LW,28,5,2,7,-5,4,0.4,5,0,0,0,2,0,0,45,11.1,392,14:00,19,25,4,3,57.1,20202021
616,581,Sami Niku,24,WPG,D,6,0,0,0,-3,8,-0.2,0,0,0,0,0,0,0,2,0.0,78,12:58,7,0,0,0,,20202021
617,582,Stefan Noesen,27,SJS,RW,5,0,0,0,0,2,-0.1,0,0,0,0,0,0,0,5,0.0,48,9:32,0,4,1,3,25.0,20202021
618,583,Joakim Nordstrom,28,CGY,C,32,1,1,2,-2,6,-0.3,1,0,0,0,1,0,0,33,3.0,354,11:04,22,63,4,8,33.3,20202021
619,584,Joshua Norris,21,OTT,C,44,12,13,25,-15,8,2.1,7,5,0,0,7,6,0,76,15.8,718,16:19,24,53,300,264,53.2,20202021
620,585,Tomas Nosek,28,VEG,C,34,8,9,17,7,10,2.0,8,0,0,2,8,1,0,55,14.5,453,13:19,16,48,181,170,51.6,20202021
621,586,Ryan Nugent-Hopkins,27,EDM,C,40,12,16,28,-3,16,2.6,6,6,0,1,6,10,0,104,11.5,838,20:57,21,22,46,62,42.6,20202021
622,587,Darnell Nurse,25,EDM,D,42,13,15,28,19,42,6.7,12,1,0,2,11,4,0,113,11.5,1079,25:42,73,89,0,0,,20202021
623,588,Markus Nutivaara,26,FLA,D,17,0,4,4,-8,12,0.0,0,0,0,0,4,0,0,16,0.0,241,14:09,8,16,0,0,,20202021
624,589,Joakim Nygard,28,EDM,F,6,0,0,0,-1,4,-0.1,0,0,0,0,0,0,0,2,0.0,52,8:40,0,1,0,0,,20202021
625,590,William Nylander,24,TOR,C,39,13,17,30,11,8,3.6,10,3,0,2,12,5,0,96,13.5,639,16:23,14,11,13,10,56.5,20202021
626,591,Liam O'Brien,26,COL,C,8,0,3,3,2,36,0.3,0,0,0,0,3,0,0,4,0.0,53,6:40,1,17,0,0,,20202021
627,592,Drew O'Connor,22,PIT,F,10,0,1,1,-2,2,-0.2,0,0,0,0,1,0,0,8,0.0,90,8:57,2,6,1,1,50.0,20202021
628,593,Logan O'Connor,24,COL,RW,22,3,2,5,6,6,0.6,3,0,0,0,2,0,0,37,8.1,241,10:56,12,29,2,2,50.0,20202021
629,594,Ryan O'Reilly,29,STL,C,42,17,22,39,17,16,4.8,13,3,1,3,17,5,0,94,18.1,880,20:58,18,19,541,372,59.3,20202021
630,595,Jordan Oesterle,28,ARI,D,39,1,10,11,-5,10,1.8,0,1,0,0,7,3,0,31,3.2,718,18:25,61,43,0,0,,20202021
631,596,Kyle Okposo,32,BUF,RW,34,2,11,13,-1,0,0.9,1,0,1,0,10,0,1,45,4.4,484,14:13,13,29,26,22,54.2,20202021
632,597,Jamie Oleksiak,28,DAL,D,41,4,5,9,3,35,2.6,4,0,0,2,5,0,0,54,7.4,830,20:14,63,110,0,0,,20202021
633,598,Mathieu Olivier,23,NSH,F,29,3,2,5,-2,68,0.3,2,1,0,0,2,0,0,24,12.5,315,10:51,18,61,4,4,50.0,20202021
634,599,Victor Olofsson,25,BUF,RW,42,11,13,24,-19,4,1.9,5,6,0,0,7,6,0,96,11.5,729,17:22,8,11,1,1,50.0,20202021
635,600,Dmitry Orlov,29,WSH,D,38,5,7,12,9,14,2.7,5,0,0,2,7,0,0,55,9.1,727,19:07,40,67,0,0,,20202021
636,601,T.J. Oshie,34,WSH,C,42,14,20,34,-2,16,3.5,5,9,0,1,16,4,0,82,17.1,759,18:04,24,59,120,122,49.6,20202021
637,602,Xavier Ouellet,27,MTL,D,5,0,0,0,-3,2,-0.2,0,0,0,0,0,0,0,3,0.0,70,13:54,7,15,0,0,,20202021
638,603,Alex Ovechkin,35,WSH,LW,39,22,17,39,-4,10,4.8,15,7,0,6,9,8,0,158,13.9,779,19:59,23,83,0,2,0.0,20202021
639,604,Max Pacioretty,32,VEG,LW,40,21,19,40,14,10,5.6,16,5,0,6,16,3,0,155,13.5,718,17:56,24,29,15,21,41.7,20202021
640,605,Jean-Gabriel Pageau,28,NYI,C,41,12,12,24,6,8,2.9,6,4,2,3,9,3,0,63,19.0,696,16:58,40,85,355,275,56.3,20202021
641,606,Ondrej Palat,29,TBL,LW,42,12,23,35,1,18,3.6,5,7,0,4,13,10,0,87,13.8,730,17:23,36,64,0,0,,20202021
642,607,Kyle Palmieri,29,TOT,RW,37,9,9,18,-4,18,1.5,6,2,1,2,5,4,0,88,10.2,648,17:30,12,41,6,11,35.3,20202021
643,607,Kyle Palmieri,29,NJD,RW,34,8,9,17,-2,18,1.5,6,1,1,2,5,4,0,84,9.5,605,17:47,10,37,6,11,35.3,20202021
644,607,Kyle Palmieri,29,NYI,RW,3,1,0,1,-2,0,0.1,0,1,0,0,0,0,0,4,25.0,43,14:19,2,4,0,0,,20202021
645,608,Artemi Panarin,29,NYR,LW,31,13,30,43,11,2,5.2,8,5,0,0,22,8,0,86,15.1,616,19:53,4,11,0,3,0.0,20202021
646,609,Richard Panik,29,WSH,RW,36,3,6,9,-9,16,0.1,2,1,0,0,6,0,0,40,7.5,418,11:36,16,53,6,8,42.9,20202021
647,610,Cedric Paquette,27,TOT,C,38,4,2,6,-11,12,0.0,4,0,0,0,2,0,0,24,16.7,335,8:49,18,112,30,41,42.3,20202021
648,610,Cedric Paquette,27,CAR,C,29,3,2,5,-3,8,0.3,3,0,0,0,2,0,0,20,15.0,243,8:22,10,85,18,25,41.9,20202021
649,610,Cedric Paquette,27,OTT,C,9,1,0,1,-8,4,-0.3,1,0,0,0,0,0,0,4,25.0,92,10:15,8,27,12,16,42.9,20202021
650,611,Colton Parayko,27,STL,D,21,1,7,8,0,12,1.3,1,0,0,0,7,0,0,40,2.5,453,21:34,45,21,0,0,,20202021
651,612,Zach Parise,36,MIN,LW,33,5,11,16,4,6,1.5,5,0,0,1,9,2,0,69,7.2,499,15:07,15,9,34,47,42.0,20202021
652,613,David Pastrnak,24,BOS,RW,33,16,16,32,1,18,4.1,10,6,0,2,10,6,0,130,12.3,643,19:28,10,26,2,5,28.6,20202021
653,614,Greg Pateryn,30,TOT,D,11,0,2,2,-1,4,0.2,0,0,0,0,2,0,0,10,0.0,153,13:53,16,11,0,0,,20202021
654,614,Greg Pateryn,30,COL,D,8,0,0,0,-2,4,-0.1,0,0,0,0,0,0,0,9,0.0,115,14:22,15,8,0,0,,20202021
655,614,Greg Pateryn,30,MIN,D,3,0,2,2,1,0,0.3,0,0,0,0,2,0,0,1,0.0,38,12:36,1,3,0,0,,20202021
656,615,Nolan Patrick,22,PHI,C,41,4,4,8,-18,18,-0.5,2,2,0,0,3,1,0,42,9.5,559,13:37,16,34,159,152,51.1,20202021
657,616,Nick Paul,25,OTT,LW,44,4,10,14,0,10,0.7,3,0,1,0,8,1,1,82,4.9,719,16:20,28,60,182,159,53.4,20202021
658,617,Joe Pavelski,36,DAL,C,41,16,22,38,14,12,4.8,5,11,0,2,14,8,0,92,17.4,808,19:43,28,58,278,269,50.8,20202021
659,618,Tanner Pearson,28,VAN,LW,33,6,5,11,-7,24,0.7,5,1,0,0,4,1,0,74,8.1,546,16:33,17,40,5,6,45.5,20202021
660,619,Matthew Peca,27,OTT,C,5,0,1,1,1,0,0.1,0,0,0,0,1,0,0,3,0.0,44,8:53,3,9,0,5,0.0,20202021
661,620,Lane Pederson,23,ARI,F,4,1,0,1,-3,0,0.0,1,0,0,0,0,0,0,5,20.0,45,11:18,0,14,4,8,33.3,20202021
662,621,Andrew Peeke,22,CBJ,D,6,0,2,2,-3,0,0.1,0,0,0,0,2,0,0,4,0.0,99,16:31,7,18,0,0,,20202021
663,622,Adam Pelech,26,NYI,D,42,2,8,10,12,18,3.2,2,0,0,0,7,0,1,67,3.0,879,20:56,54,41,0,0,,20202021
664,623,Mathieu Perreault,33,WPG,C,43,9,8,17,11,12,2.3,7,2,0,0,6,2,0,47,19.1,479,11:09,16,55,4,7,36.4,20202021
665,624,David Perron,32,STL,LW,42,13,28,41,1,20,4.1,8,5,0,2,17,11,0,119,10.9,784,18:40,18,27,0,6,0.0,20202021
666,625,Corey Perry,35,MTL,RW,33,9,7,16,7,30,2.1,8,1,0,1,4,3,0,47,19.1,433,13:07,12,40,0,3,0.0,20202021
667,626,Brett Pesce,26,CAR,D,41,3,17,20,9,18,4.1,2,1,0,0,14,3,0,67,4.5,937,22:52,61,14,0,0,,20202021
668,627,Nic Petan,25,TOR,C,7,0,1,1,-2,4,-0.1,0,0,0,0,1,0,0,8,0.0,72,10:17,2,6,0,0,,20202021
669,628,Jeff Petry,33,MTL,D,40,11,19,30,8,12,5.3,7,4,0,2,10,8,1,100,11.0,910,22:45,46,71,0,0,,20202021
670,629,Elias Pettersson,22,VAN,C,26,10,11,21,0,6,2.6,6,4,0,1,9,1,1,63,15.9,483,18:34,9,11,63,77,45.0,20202021
671,630,Marcus Pettersson,24,PIT,D,33,1,5,6,4,14,1.2,1,0,0,0,5,0,0,28,3.6,552,16:44,31,39,0,0,,20202021
672,631,Alex Pietrangelo,31,VEG,D,27,3,10,13,10,6,2.9,3,0,0,0,8,2,0,76,3.9,679,25:08,61,18,0,0,,20202021
673,632,Brian Pinho,25,WSH,C,2,0,0,0,-2,0,-0.1,0,0,0,0,0,0,0,3,0.0,16,7:49,1,1,8,6,57.1,20202021
674,633,Neal Pionk,25,WPG,D,43,3,24,27,3,18,4.1,2,1,0,0,16,8,0,74,4.1,947,22:02,60,107,0,0,,20202021
675,634,Brandon Pirri,29,CHI,C,1,0,0,0,-2,0,-0.1,0,0,0,0,0,0,0,2,0.0,11,11:29,0,0,0,1,0.0,20202021
676,635,Rem Pitlick,23,NSH,C,8,0,2,2,3,4,0.2,0,0,0,0,2,0,0,9,0.0,91,11:24,0,7,13,18,41.9,20202021
677,636,Tyler Pitlick,29,ARI,C,37,6,5,11,0,16,0.9,5,0,1,0,4,1,0,54,11.1,609,16:27,41,81,6,9,40.0,20202021
678,637,Austin Poganski,24,STL,RW,5,0,0,0,-1,0,-0.1,0,0,0,0,0,0,0,0,,38,7:34,2,8,0,0,,20202021
679,638,Brayden Point,24,TBL,C,42,17,18,35,4,11,4.2,12,5,0,5,11,7,0,103,16.5,776,18:29,14,17,151,186,44.8,20202021
680,639,Tucker Poolman,27,WPG,D,29,0,1,1,5,2,1.0,0,0,0,0,1,0,0,41,0.0,527,18:10,38,40,0,0,,20202021
681,640,Nate Prosser,34,PHI,D,6,1,1,2,-7,0,-0.2,1,0,0,0,1,0,0,5,20.0,78,13:03,10,3,0,0,,20202021
682,641,Ivan Provorov,24,PHI,D,42,6,15,21,2,12,3.7,6,0,0,2,7,8,0,93,6.5,1059,25:13,77,50,0,0,,20202021
683,642,Jesse Puljujarvi,22,EDM,RW,41,9,6,15,-2,16,1.4,7,2,0,0,4,2,0,90,10.0,615,14:59,10,78,0,3,0.0,20202021
684,643,Ryan Pulock,26,NYI,D,42,1,14,15,14,4,3.9,1,0,0,1,13,1,0,92,1.1,947,22:33,76,77,0,0,,20202021
685,644,Mark Pysyk,29,DAL,D,28,1,1,2,5,18,1.1,1,0,0,0,1,0,0,28,3.6,340,12:10,14,29,0,0,,20202021
686,645,Alexander Radulov,34,DAL,RW,11,4,8,12,9,6,1.7,3,1,0,0,3,5,0,25,16.0,196,17:47,5,4,1,1,50.0,20202021
687,646,Brogan Rafferty,25,VAN,D,1,0,1,1,-1,0,0.0,0,0,0,0,1,0,0,1,0.0,14,13:58,1,1,0,0,,20202021
688,647,Michael Raffl,32,PHI,LW,34,3,5,8,-5,26,0.1,3,0,0,2,5,0,0,31,9.7,431,12:41,23,50,17,18,48.6,20202021
689,648,Rickard Rakell,27,ANA,RW,40,8,15,23,-8,8,1.9,8,0,0,1,11,4,0,120,6.7,716,17:54,11,54,3,9,25.0,20202021
690,649,Mikko Rantanen,24,COL,RW,43,26,26,52,24,28,7.3,18,8,0,6,15,11,0,147,17.7,860,20:00,17,19,27,27,50.0,20202021
691,650,Victor Rask,27,MIN,C,39,7,8,15,3,0,1.5,6,1,0,0,4,4,0,35,20.0,539,13:49,8,13,158,191,45.3,20202021
692,651,Michael Rasmussen,21,DET,C,28,2,7,9,-5,22,0.4,2,0,0,1,5,2,0,38,5.3,386,13:47,16,48,77,106,42.1,20202021
693,652,Kyle Rau,28,MIN,C,13,0,2,2,-1,7,0.0,0,0,0,0,2,0,0,15,0.0,121,9:18,15,18,0,0,,20202021
694,653,Ryan Reaves,34,VEG,RW,37,1,4,5,0,27,0.0,1,0,0,0,4,0,0,26,3.8,367,9:56,15,141,4,9,30.8,20202021
695,654,Mike Reilly,27,TOT,D,41,0,19,19,-3,18,2.4,0,0,0,0,15,4,0,72,0.0,767,18:42,37,56,0,0,,20202021
696,654,Mike Reilly,27,OTT,D,40,0,19,19,-2,18,2.5,0,0,0,0,15,4,0,67,0.0,744,18:36,36,54,0,0,,20202021
697,654,Mike Reilly,27,BOS,D,1,0,0,0,-1,0,0.0,0,0,0,0,0,0,0,5,0.0,22,22:17,1,2,0,0,,20202021
698,655,Sam Reinhart,25,BUF,C,40,14,12,26,-23,6,2.2,8,6,0,2,8,4,0,84,16.7,787,19:40,16,14,41,61,40.2,20202021
699,656,Sheldon Rempal,25,CAR,RW,3,0,0,0,0,0,0.0,0,0,0,0,0,0,0,3,0.0,25,8:18,3,0,0,1,0.0,20202021
700,657,Dan Renouf,26,COL,D,16,0,3,3,0,14,0.4,0,0,0,0,3,0,0,11,0.0,164,10:14,3,20,0,0,,20202021
701,658,Tarmo Reunanen,22,NYR,D,1,0,1,1,1,0,0.2,0,0,0,0,1,0,0,1,0.0,9,8:57,0,0,0,0,,20202021
702,659,Brad Richardson,35,NSH,C,12,1,2,3,0,2,0.2,1,0,0,1,2,0,0,10,10.0,147,12:17,7,11,68,57,54.4,20202021
703,660,Tobias Rieder,28,BUF,C,34,5,1,6,-2,0,0.5,5,0,0,0,1,0,0,49,10.2,437,12:50,29,20,1,4,20.0,20202021
704,661,Morgan Rielly,26,TOR,D,43,4,26,30,16,12,5.2,3,1,0,1,15,10,1,79,5.1,1023,23:48,44,49,0,0,,20202021
705,662,Juuso Riikola,27,PIT,D,2,0,0,0,0,0,0.0,0,0,0,0,0,0,0,1,0.0,23,11:26,1,5,0,0,,20202021
706,663,Zac Rinaldo,30,CGY,C,4,0,0,0,-1,5,-0.1,0,0,0,0,0,0,0,1,0.0,23,5:50,0,13,0,0,,20202021
707,664,Rasmus Ristolainen,26,BUF,D,35,4,9,13,-10,26,2.3,3,1,0,0,6,3,0,57,7.0,799,22:49,43,139,0,0,,20202021
708,665,Brett Ritchie,27,CGY,RW,19,2,2,4,-6,13,0.1,2,0,0,0,2,0,0,23,8.7,220,11:34,4,72,2,6,25.0,20202021
709,666,Nick Ritchie,25,BOS,LW,40,10,10,20,-10,33,1.8,5,5,0,1,6,4,0,93,10.8,639,15:59,12,74,0,4,0.0,20202021
710,667,Jason Robertson,21,DAL,LW,36,12,17,29,12,10,3.8,11,1,0,2,15,2,0,85,14.1,587,16:18,11,13,4,2,66.7,20202021
711,668,Nicholas Robertson,19,TOR,LW,3,0,0,0,0,0,0.0,0,0,0,0,0,0,0,3,0.0,20,6:34,1,3,0,0,,20202021
712,669,Buddy Robinson,29,CGY,RW,4,0,0,0,-1,0,-0.1,0,0,0,0,0,0,0,1,0.0,26,6:23,0,4,0,1,0.0,20202021
713,670,Eric Robinson,25,CBJ,LW,44,5,6,11,6,2,1.0,5,0,0,2,6,0,0,60,8.3,510,11:35,13,81,1,2,33.3,20202021
714,671,Evan Rodrigues,27,PIT,C,26,5,5,10,-4,2,0.6,4,1,0,1,5,0,0,50,10.0,390,15:01,7,17,40,58,40.8,20202021
715,672,Alexander Romanov,21,MTL,D,39,1,4,5,4,12,1.2,1,0,0,0,3,1,0,64,1.6,677,17:22,46,109,0,0,,20202021
716,673,Kevin Rooney,27,NYR,C,40,6,5,11,0,25,0.9,5,0,1,0,5,0,0,39,15.4,491,12:17,30,80,155,181,46.1,20202021
717,674,Jack Roslovic,24,CBJ,C,36,8,20,28,-5,10,2.5,6,2,0,1,15,5,0,58,13.8,603,16:45,18,26,144,242,37.3,20202021
718,675,Antoine Roussel,31,VAN,LW,33,1,3,4,4,37,0.1,1,0,0,0,2,0,1,25,4.0,383,11:37,16,62,1,2,33.3,20202021
719,676,Carter Rowney,31,ANA,RW,19,0,6,6,-2,2,0.1,0,0,0,0,6,0,0,10,0.0,271,14:17,21,45,8,6,57.1,20202021
720,677,Matt Roy,25,LAK,D,30,2,7,9,3,4,2.2,2,0,0,0,6,1,0,46,4.3,592,19:44,43,41,0,0,,20202021
721,678,Nicolas Roy,23,VEG,C,39,3,6,9,5,12,0.5,3,0,0,0,6,0,0,34,8.8,510,13:05,19,37,110,121,47.6,20202021
722,679,Chad Ruhwedel,30,PIT,D,16,0,2,2,3,14,0.5,0,0,0,0,2,0,0,14,0.0,237,14:49,13,28,0,0,,20202021
723,680,Arttu Ruotsalainen,23,BUF,F,3,1,0,1,-1,2,0.1,1,0,0,0,0,0,0,3,33.3,40,13:14,0,3,3,0,100.0,20202021
724,681,Kris Russell,33,EDM,D,31,0,7,7,-1,8,1.1,0,0,0,0,7,0,0,35,0.0,581,18:44,69,34,0,0,,20202021
725,682,Patrick Russell,28,EDM,RW,7,0,2,2,1,0,0.1,0,0,0,0,2,0,0,10,0.0,75,10:39,0,13,0,2,0.0,20202021
726,683,Bryan Rust,28,PIT,RW,42,16,17,33,9,10,3.8,11,5,0,3,12,5,0,120,13.3,833,19:50,18,44,3,3,50.0,20202021
727,684,Jan Rutta,30,TBL,D,33,0,8,8,13,16,2.2,0,0,0,0,6,0,2,46,0.0,529,16:02,28,28,0,0,,20202021
728,685,Bobby Ryan,33,DET,LW,33,7,7,14,-14,27,0.9,6,1,0,0,5,2,0,73,9.6,506,15:19,17,31,5,11,31.3,20202021
729,686,Derek Ryan,34,CGY,C,30,2,4,6,2,8,0.4,2,0,0,0,4,0,0,26,7.7,344,11:28,15,10,107,86,55.4,20202021
730,687,Brandon Saad,28,COL,LW,42,14,9,23,0,10,2.7,12,2,0,1,8,1,0,63,22.2,593,14:07,10,16,25,34,42.4,20202021
731,688,Scott Sabourin,28,TOR,F,1,0,0,0,0,5,0.0,0,0,0,0,0,0,0,0,,4,4:29,0,3,0,0,,20202021
732,689,Rasmus Sandin,20,TOR,D,1,0,1,1,1,0,0.2,0,0,0,0,1,0,0,1,0.0,5,5:00,0,3,0,0,,20202021
733,690,Zach Sanford,26,STL,LW,40,9,5,14,-9,23,0.9,5,3,1,3,4,0,1,58,15.5,610,15:15,35,45,14,23,37.8,20202021
734,691,Travis Sanheim,24,PHI,D,41,2,10,12,-16,16,0.8,2,0,0,1,10,0,0,63,3.2,892,21:45,51,38,0,0,,20202021
735,692,David Savard,30,TOT,D,41,1,5,6,-23,24,-0.2,1,0,0,1,4,0,1,48,2.1,805,19:38,89,97,0,0,,20202021
736,692,David Savard,30,CBJ,D,40,1,5,6,-19,24,0.1,1,0,0,1,4,0,1,48,2.1,786,19:38,89,95,0,0,,20202021
737,692,David Savard,30,TBL,D,1,0,0,0,-4,0,-0.3,0,0,0,0,0,0,0,0,,19,19:23,0,2,0,0,,20202021
738,693,Luca Sbisa,31,NSH,D,1,0,0,0,0,0,0.0,0,0,0,0,0,0,0,0,,12,11:58,2,3,0,0,,20202021
739,694,Marco Scandella,30,STL,D,35,2,3,5,8,20,1.9,2,0,0,1,2,0,1,41,4.9,691,19:44,49,39,0,0,,20202021
740,695,Colton Sceviour,31,PIT,C,32,5,3,8,1,0,0.8,5,0,0,0,3,0,0,35,14.3,307,9:36,18,40,5,11,31.3,20202021
741,696,Mark Scheifele,27,WPG,C,43,16,33,49,-4,12,5.0,13,3,0,3,22,11,0,92,17.4,907,21:05,32,20,253,270,48.4,20202021
742,697,Brayden Schenn,29,STL,C,42,12,16,28,-1,25,2.6,9,3,0,0,13,3,0,94,12.8,817,19:28,25,88,288,267,51.9,20202021
743,698,Luke Schenn,31,TBL,D,25,1,2,3,-3,23,0.4,1,0,0,0,2,0,0,28,3.6,272,10:52,14,66,0,0,,20202021
744,699,Nick Schmaltz,24,ARI,C,44,10,17,27,-3,14,2.7,7,3,0,1,13,4,0,91,11.0,751,17:04,22,12,185,272,40.5,20202021
745,700,Nate Schmidt,29,VAN,D,37,3,8,11,-1,2,2.2,3,0,0,1,8,0,0,56,5.4,750,20:16,48,11,0,0,,20202021
746,701,Justin Schultz,30,WSH,D,39,3,19,22,14,8,4.0,3,0,0,1,12,7,0,59,5.1,748,19:11,40,24,0,0,,20202021
747,702,Jaden Schwartz,28,STL,C,27,4,10,14,5,16,1.1,4,0,0,1,9,1,0,56,7.1,496,18:22,14,26,7,3,70.0,20202021
748,703,Andrej Sekera,34,DAL,D,32,2,2,4,3,4,1.5,2,0,0,0,2,0,0,20,10.0,490,15:19,44,29,0,0,,20202021
749,704,Zachary Senyshyn,23,BOS,RW,7,0,0,0,-1,2,-0.1,0,0,0,0,0,0,0,9,0.0,68,9:47,0,11,0,0,,20202021
750,705,Mikhail Sergachev,22,TBL,D,42,2,22,24,5,20,3.8,2,0,0,0,15,7,0,89,2.2,934,22:15,59,49,0,0,,20202021
751,706,Damon Severson,26,NJD,D,41,3,10,13,-9,23,1.7,3,0,0,0,7,2,1,67,4.5,917,22:22,31,48,0,0,,20202021
752,707,Michael Sgarbossa,28,WSH,C,5,0,2,2,2,0,0.2,0,0,0,0,2,0,0,4,0.0,49,9:48,2,1,10,19,34.5,20202021
753,708,Yegor Sharangovich,22,NJD,C,39,9,8,17,-3,4,1.5,9,0,0,2,8,0,0,84,10.7,638,16:22,16,13,24,51,32.0,20202021
754,709,Kevin Shattenkirk,32,ANA,D,44,2,13,15,-6,20,2.5,1,1,0,0,9,4,0,72,2.8,937,21:18,47,44,0,0,,20202021
755,710,Andrew Shaw,29,CHI,C,14,2,2,4,-5,6,0.1,0,2,0,0,0,2,0,25,8.0,212,15:07,4,20,30,26,53.6,20202021
756,711,Riley Sheahan,29,BUF,C,41,3,7,10,-9,6,0.2,3,0,0,0,7,0,0,28,10.7,547,13:21,13,16,186,167,52.7,20202021
757,712,Conor Sheary,28,WSH,LW,40,11,8,19,2,12,2.2,10,1,0,0,6,2,0,55,20.0,526,13:09,13,20,3,6,33.3,20202021
758,713,Kiefer Sherwood,25,COL,RW,7,0,2,2,1,0,0.1,0,0,0,0,2,0,0,5,0.0,60,8:35,1,12,1,1,50.0,20202021
759,714,Kole Sherwood,24,CBJ,RW,2,0,1,1,0,0,0.1,0,0,0,0,1,0,0,1,0.0,19,9:28,0,3,0,0,,20202021
760,715,Devin Shore,26,EDM,C,28,4,4,8,-3,6,0.6,3,0,1,1,4,0,0,19,21.1,294,10:30,16,44,42,42,50.0,20202021
761,716,Drew Shore,30,CAR,C,1,0,0,0,-1,2,-0.1,0,0,0,0,0,0,0,1,0.0,9,8:35,0,1,0,2,0.0,20202021
762,717,Jonas Siegenthaler,23,TOT,D,8,0,0,0,-4,2,-0.3,0,0,0,0,0,0,0,3,0.0,109,13:41,10,8,0,0,,20202021
763,717,Jonas Siegenthaler,23,WSH,D,7,0,0,0,-3,2,-0.2,0,0,0,0,0,0,0,3,0.0,94,13:23,10,6,0,0,,20202021
764,717,Jonas Siegenthaler,23,NJD,D,1,0,0,0,-1,0,-0.1,0,0,0,0,0,0,0,0,,16,15:45,0,2,0,0,,20202021
765,718,Jakob Silfverberg,30,ANA,LW,44,8,7,15,-16,18,0.6,5,2,1,0,6,1,0,86,9.3,750,17:02,23,19,9,13,40.9,20202021
766,719,Radim Simek,28,SJS,D,36,2,3,5,-7,13,0.7,2,0,0,0,3,0,0,26,7.7,516,14:21,46,73,0,0,,20202021
767,720,Wayne Simmonds,32,TOR,RW,25,6,2,8,-2,28,0.8,3,3,0,0,2,0,0,41,14.6,293,11:43,6,42,5,3,62.5,20202021
768,721,Dominik Simon,26,CGY,C,9,0,0,0,0,0,-0.1,0,0,0,0,0,0,0,2,0.0,88,9:44,4,10,3,7,30.0,20202021
769,722,Colton Sissons,27,NSH,C,44,7,4,11,0,16,0.9,6,0,1,0,4,0,0,45,15.6,623,14:09,26,59,249,218,53.3,20202021
770,723,Jeff Skinner,28,BUF,LW,39,5,4,9,-11,12,0.2,5,0,0,0,4,0,0,79,6.3,563,14:26,11,15,11,11,50.0,20202021
771,724,Brady Skjei,26,CAR,D,41,1,6,7,4,26,2.1,1,0,0,1,5,0,1,76,1.3,862,21:01,52,54,0,0,,20202021
772,725,Jaccob Slavin,26,CAR,D,38,1,10,11,10,2,3.0,1,0,0,0,8,1,1,72,1.4,886,23:19,64,28,0,0,,20202021
773,726,Brendan Smith,31,NYR,D,35,3,4,7,7,46,2.0,3,0,0,0,4,0,0,40,7.5,550,15:44,28,60,0,0,,20202021
774,727,C.J. Smith,26,BUF,LW,1,0,0,0,0,0,0.0,0,0,0,0,0,0,0,0,,8,7:57,0,3,0,0,,20202021
775,728,Cole Smith,25,NSH,F,1,0,0,0,0,0,0.0,0,0,0,0,0,0,0,1,0.0,6,5:57,0,0,0,0,,20202021
776,729,Craig Smith,31,BOS,C,39,9,15,24,11,14,3.1,7,2,0,3,14,1,0,90,10.0,578,14:50,7,51,8,10,44.4,20202021
777,730,Gemel Smith,26,TBL,C,4,0,3,3,3,9,0.4,0,0,0,0,3,0,0,0,,39,9:42,0,4,15,20,42.9,20202021
778,731,Givani Smith,22,DET,RW,15,1,3,4,-4,21,0.1,1,0,0,1,3,0,0,17,5.9,156,10:24,4,26,0,0,,20202021
779,732,Reilly Smith,29,VEG,RW,42,9,6,15,7,8,1.4,5,2,2,1,6,0,0,92,9.8,747,17:47,16,36,0,4,0.0,20202021
780,733,Ty Smith,20,NJD,D,41,2,19,21,-3,18,2.8,1,1,0,0,14,5,0,62,3.2,820,19:59,29,28,0,0,,20202021
781,734,Carl Soderberg,35,TOT,C,35,7,8,15,-5,14,1.2,3,4,0,1,6,1,1,41,17.1,526,15:02,28,48,194,184,51.3,20202021
782,734,Carl Soderberg,35,CHI,C,34,7,8,15,-5,14,1.3,3,4,0,1,6,1,1,41,17.1,511,15:02,27,46,194,183,51.5,20202021
783,734,Carl Soderberg,35,COL,C,1,0,0,0,0,0,0.0,0,0,0,0,0,0,0,0,,15,15:02,1,2,0,1,0.0,20202021
784,735,Victor Soderstrom,19,ARI,D,2,0,0,0,1,0,0.1,0,0,0,0,0,0,0,1,0.0,27,13:41,0,2,0,0,,20202021
785,736,Marcus Sorensen,28,SJS,RW,27,1,4,5,-4,16,0.0,1,0,0,0,4,0,0,26,3.8,323,11:58,11,18,3,4,42.9,20202021
786,737,Carson Soucy,26,MIN,D,35,1,12,13,17,45,3.3,1,0,0,1,12,0,0,32,3.1,537,15:21,38,43,0,0,,20202021
787,738,Jason Spezza,37,TOR,C,41,9,12,21,-3,6,2.1,8,1,0,2,8,4,0,62,14.5,445,10:51,8,21,214,163,56.8,20202021
788,739,Daniel Sprong,23,WSH,RW,31,7,7,14,8,6,1.9,7,0,0,0,7,0,0,42,16.7,343,11:04,1,12,4,4,50.0,20202021
789,740,Jared Spurgeon,31,MIN,D,40,5,11,16,-6,6,2.5,3,2,0,0,6,5,0,72,6.9,885,22:08,76,41,0,0,,20202021
790,741,Eric Staal,36,TOT,C,38,4,7,11,-27,10,-0.4,3,1,0,1,5,2,0,67,6.0,586,15:25,9,18,214,214,50.0,20202021
791,741,Eric Staal,36,BUF,C,32,3,7,10,-20,8,-0.1,2,1,0,0,5,2,0,59,5.1,498,15:34,8,14,169,183,48.0,20202021
792,741,Eric Staal,36,MTL,C,6,1,0,1,-7,2,-0.2,1,0,0,1,0,0,0,8,12.5,88,14:39,1,4,45,31,59.2,20202021
793,742,Jordan Staal,32,CAR,C,39,13,17,30,3,24,3.3,8,5,0,3,10,6,1,77,16.9,724,18:34,22,91,477,335,58.7,20202021
794,743,Marc Staal,34,DET,D,44,3,4,7,-5,18,1.7,3,0,0,0,4,0,0,43,7.0,803,18:14,38,47,0,0,,20202021
795,744,Steven Stamkos,30,TBL,C,38,17,17,34,4,16,4.2,7,10,0,1,11,5,1,91,18.7,694,18:16,10,38,238,178,57.2,20202021
796,745,Logan Stanley,22,WPG,D,31,1,3,4,12,22,1.8,1,0,0,0,3,0,0,48,2.1,397,12:49,26,35,0,0,,20202021
797,746,Paul Stastny,35,WPG,C,43,12,12,24,2,26,2.4,10,2,0,4,9,3,0,78,15.4,766,17:48,14,25,258,226,53.3,20202021
798,747,Troy Stecher,26,DET,D,33,1,8,9,-8,8,1.2,1,0,0,0,8,0,0,39,2.6,577,17:29,33,25,0,0,,20202021
799,748,Sam Steel,22,ANA,C,32,4,6,10,-2,6,0.7,4,0,0,0,6,0,0,31,12.9,478,14:56,13,31,189,158,54.5,20202021
800,749,Oskar Steen,22,BOS,C,2,0,0,0,0,2,0.0,0,0,0,0,0,0,0,5,0.0,23,11:37,0,5,0,0,,20202021
801,750,Kevin Stenlund,24,CBJ,C,28,5,5,10,-4,6,0.8,5,0,0,1,4,1,0,39,12.8,347,12:24,10,16,85,94,47.5,20202021
802,751,Derek Stepan,30,OTT,C,20,1,5,6,-6,8,0.0,1,0,0,0,3,2,0,44,2.3,301,15:04,16,25,130,130,50.0,20202021
803,752,Mitchell Stephens,23,TBL,C,5,0,1,1,-4,0,-0.1,0,0,0,0,1,0,0,3,0.0,44,8:48,1,4,18,12,60.0,20202021
804,753,Chandler Stephenson,26,VEG,C,37,9,15,24,13,21,2.8,7,2,0,3,11,3,1,51,17.6,643,17:23,26,32,255,259,49.6,20202021
805,754,Riley Stillman,22,TOT,D,9,0,0,0,1,14,0.2,0,0,0,0,0,0,0,10,0.0,107,11:54,10,18,0,0,,20202021
806,754,Riley Stillman,22,FLA,D,8,0,0,0,2,14,0.2,0,0,0,0,0,0,0,8,0.0,86,10:43,8,14,0,0,,20202021
807,754,Riley Stillman,22,CHI,D,1,0,0,0,-1,0,-0.1,0,0,0,0,0,0,0,2,0.0,21,21:23,2,4,0,0,,20202021
808,755,Mark Stone,28,VEG,RW,41,14,32,46,21,22,5.7,11,2,1,7,22,10,0,69,20.3,762,18:35,20,21,8,13,38.1,20202021
809,756,Michael Stone,30,CGY,D,8,1,0,1,-1,2,0.3,1,0,0,0,0,0,0,16,6.3,129,16:05,10,10,0,0,,20202021
810,757,Anton Stralman,34,FLA,D,35,3,6,9,-4,8,1.6,3,0,0,0,6,0,0,34,8.8,664,18:58,28,34,0,0,,20202021
811,758,Austin Strand,23,LAK,D,13,0,1,1,2,8,0.5,0,0,0,0,1,0,0,11,0.0,180,13:51,15,14,0,0,,20202021
812,759,Dylan Strome,23,CHI,C,31,8,4,12,-9,10,0.9,4,4,0,1,1,3,0,56,14.3,494,15:57,18,4,162,175,48.1,20202021
813,760,Ryan Strome,27,NYR,C,42,12,25,37,6,16,4.0,10,2,0,1,11,12,2,101,11.9,776,18:28,13,17,257,316,44.9,20202021
814,761,Marian Studenic,22,NJD,RW,1,0,0,0,-1,0,-0.1,0,0,0,0,0,0,0,0,,10,10:02,2,2,0,0,,20202021
815,762,Jack Studnicka,21,BOS,C,19,1,2,3,-3,0,0.0,1,0,0,0,2,0,0,25,4.0,239,12:33,8,7,43,50,46.2,20202021
816,763,Nico Sturm,25,MIN,C,35,5,4,9,6,15,1.1,5,0,0,1,4,0,0,44,11.4,367,10:30,15,30,31,26,54.4,20202021
817,764,Tim Stützle,19,OTT,LW,41,7,15,22,-19,12,1.2,5,2,0,0,11,4,0,91,7.7,648,15:48,13,38,6,11,35.3,20202021
818,765,P.K. Subban,31,NJD,D,41,4,12,16,-14,26,1.7,2,2,0,0,9,3,0,92,4.3,910,22:12,40,37,0,0,,20202021
819,766,Oskar Sundqvist,26,STL,C,28,4,5,9,-6,14,0.3,3,1,0,0,3,2,0,32,12.5,424,15:09,25,50,115,124,48.1,20202021
820,767,Antti Suomela,26,SJS,C,4,0,0,0,0,0,-0.1,0,0,0,0,0,0,0,4,0.0,44,11:07,4,6,14,11,56.0,20202021
821,768,Maksim Sushko,21,PHI,RW,2,0,0,0,-1,0,-0.1,0,0,0,0,0,0,0,0,,19,9:34,0,2,0,0,,20202021
822,769,Pius Suter,24,CHI,F,43,11,8,19,-1,8,2.0,10,1,0,3,7,1,0,82,13.4,701,16:19,24,20,218,286,43.3,20202021
823,770,Ryan Suter,36,MIN,D,41,1,14,15,-1,10,2.4,0,1,0,0,10,4,0,62,1.6,919,22:24,48,24,0,0,,20202021
824,771,Brandon Sutter,31,VAN,C,35,6,2,8,-7,2,0.4,5,0,1,0,2,0,0,56,10.7,528,15:05,24,14,218,175,55.5,20202021
825,772,Nick Suzuki,21,MTL,C,40,8,17,25,-4,18,1.9,4,4,0,0,11,5,1,75,10.7,733,18:19,27,51,259,327,44.2,20202021
826,773,Andrei Svechnikov,20,CAR,RW,41,10,18,28,1,30,2.8,7,3,0,0,8,10,0,113,8.8,724,17:40,9,81,1,4,20.0,20202021
827,774,Evgeny Svechnikov,24,DET,LW,14,3,2,5,-5,4,0.4,2,1,0,1,1,1,0,16,18.8,157,11:14,3,13,0,2,0.0,20202021
828,775,Brandon Tanev,29,PIT,LW,32,7,9,16,12,22,1.9,6,0,1,0,8,0,1,43,16.3,462,14:26,33,139,3,8,27.3,20202021
829,776,Chris Tanev,31,CGY,D,43,2,6,8,5,6,2.7,2,0,0,0,6,0,0,49,4.1,931,21:39,83,26,0,0,,20202021
830,777,Vladimir Tarasenko,29,STL,RW,18,3,8,11,-6,0,0.6,2,1,0,0,5,3,0,53,5.7,322,17:55,13,23,0,0,,20202021
831,778,Tomas Tatar,30,MTL,LW,39,10,17,27,11,6,3.2,8,2,0,1,12,5,0,68,14.7,588,15:05,19,50,11,14,44.0,20202021
832,779,John Tavares,30,TOR,C,43,13,23,36,13,10,4.0,8,5,0,2,18,5,0,121,10.7,779,18:07,21,37,364,285,56.1,20202021
833,780,Matt Tennyson,30,NJD,D,10,0,1,1,6,2,0.7,0,0,0,0,1,0,0,10,0.0,137,13:43,5,17,0,0,,20202021
834,781,Teuvo Teravainen,26,CAR,F,13,2,7,9,4,2,0.9,2,0,0,1,5,2,0,31,6.5,210,16:09,4,5,7,5,58.3,20202021
835,782,Troy Terry,23,ANA,C,36,7,9,16,1,12,1.7,7,0,0,0,9,0,0,51,13.7,512,14:13,13,4,2,2,50.0,20202021
836,783,Alexandre Texier,21,CBJ,C,40,4,11,15,-3,18,0.8,4,0,0,0,11,0,0,58,6.9,620,15:30,14,44,91,143,38.9,20202021
837,784,Shea Theodore,25,VEG,D,39,6,27,33,21,12,6.3,6,0,0,0,17,10,0,118,5.1,881,22:35,30,14,0,0,,20202021
838,785,Ben Thomas,24,TBL,D,4,0,0,0,1,0,0.1,0,0,0,0,0,0,0,2,0.0,56,13:57,2,3,0,0,,20202021
839,786,Robert Thomas,21,STL,C,21,1,7,8,1,8,0.4,1,0,0,0,7,0,0,12,8.3,279,13:18,8,3,68,91,42.8,20202021
840,787,Nate Thompson,36,WPG,C,31,2,3,5,4,2,0.4,2,0,0,1,2,0,1,12,16.7,283,9:08,10,40,94,99,48.7,20202021
841,788,Tage Thompson,23,BUF,C,24,4,3,7,0,15,0.7,3,1,0,0,3,0,0,54,7.4,329,13:42,8,19,1,5,16.7,20202021
842,789,Tyce Thompson,21,NJD,RW,5,0,1,1,-3,0,-0.1,0,0,0,0,1,0,0,3,0.0,44,8:53,2,5,0,2,0.0,20202021
843,790,Joe Thornton,41,TOR,C,31,3,9,12,-2,6,0.6,3,0,0,0,5,4,0,27,11.1,434,13:59,8,17,26,20,56.5,20202021
844,791,Chris Tierney,26,OTT,C,44,5,12,17,-12,8,0.7,5,0,0,3,11,0,1,43,11.6,669,15:12,27,16,238,276,46.3,20202021
845,792,Dmytro Timashov,24,NYI,LW,1,0,0,0,-2,0,-0.1,0,0,0,0,0,0,0,1,0.0,7,7:13,0,2,0,0,,20202021
846,793,Conor Timmins,22,COL,D,18,0,1,1,-4,6,-0.1,0,0,0,0,1,0,0,16,0.0,232,12:52,15,10,0,0,,20202021
847,794,Jarred Tinordi,28,TOT,D,19,0,0,0,-7,9,-0.1,0,0,0,0,0,0,0,26,0.0,322,16:56,26,51,0,0,,20202021
848,794,Jarred Tinordi,28,BOS,D,12,0,0,0,-6,5,-0.2,0,0,0,0,0,0,0,18,0.0,206,17:09,15,39,0,0,,20202021
849,794,Jarred Tinordi,28,NSH,D,7,0,0,0,-1,4,0.1,0,0,0,0,0,0,0,8,0.0,116,16:34,11,12,0,0,,20202021
850,795,Owen Tippett,21,FLA,RW,32,5,7,12,-6,6,0.9,3,2,0,1,6,1,0,56,8.9,356,11:07,4,40,0,1,0.0,20202021
851,796,Brady Tkachuk,21,OTT,LW,44,14,12,26,-20,47,2.1,9,5,0,2,9,3,0,180,7.8,810,18:24,17,201,87,105,45.3,20202021
852,797,Matthew Tkachuk,23,CGY,LW,43,10,19,29,3,41,3.0,7,3,0,0,9,10,0,117,8.5,782,18:11,5,117,2,4,33.3,20202021
853,798,Devon Toews,26,COL,D,40,6,17,23,24,14,5.4,4,2,0,1,13,4,0,91,6.6,991,24:46,69,29,0,0,,20202021
854,799,Tyler Toffoli,28,MTL,C,37,19,11,30,2,10,4.0,14,3,2,3,8,2,1,114,16.7,648,17:31,8,52,17,24,41.5,20202021
855,800,Eeli Tolvanen,21,NSH,RW,31,10,9,19,-6,4,2.2,4,6,0,4,4,5,0,51,19.6,453,14:37,14,60,1,3,25.0,20202021
856,801,Yakov Trenin,24,NSH,C,33,4,5,9,3,14,0.9,4,0,0,0,5,0,0,42,9.5,366,11:05,16,71,4,3,57.1,20202021
857,802,Vincent Trocheck,27,CAR,C,32,16,18,34,3,8,4.3,9,7,0,2,9,9,0,92,17.4,594,18:34,20,73,304,236,56.3,20202021
858,803,Jacob Trouba,26,NYR,D,34,1,10,11,6,22,2.2,1,0,0,0,9,1,0,60,1.7,749,22:02,76,100,0,0,,20202021
859,804,Alexander True,23,SJS,F,2,0,0,0,0,4,0.0,0,0,0,0,0,0,0,2,0.0,13,6:32,1,2,1,5,16.7,20202021
860,805,Alex Tuch,24,VEG,RW,41,15,12,27,15,18,3.7,13,2,0,2,10,2,0,93,16.1,674,16:27,24,30,8,15,34.8,20202021
861,806,Kyle Turris,31,EDM,C,25,2,3,5,-11,10,-0.2,2,0,0,0,3,0,0,26,7.7,305,12:13,8,15,96,107,47.3,20202021
862,807,Carsen Twarynski,23,PHI,F,4,0,0,0,-3,2,-0.2,0,0,0,0,0,0,0,2,0.0,37,9:20,1,7,0,0,,20202021
863,808,Urho Vaakanainen,22,BOS,D,8,0,2,2,-2,2,0.3,0,0,0,0,2,0,0,13,0.0,149,18:38,17,3,0,0,,20202021
864,809,Juuso Valimaki,22,CGY,D,39,2,7,9,-6,16,1.5,2,0,0,0,7,0,0,57,3.5,602,15:25,48,22,0,0,,20202021
865,810,James van Riemsdyk,31,PHI,LW,42,13,21,34,1,14,3.5,6,7,0,0,19,2,0,102,12.7,701,16:41,13,38,5,5,50.0,20202021
866,811,Trevor van Riemsdyk,29,WSH,D,9,1,0,1,-3,0,0.0,1,0,0,0,0,0,0,8,12.5,136,15:07,13,4,0,0,,20202021
867,812,Sami Vatanen,29,TOT,D,31,2,4,6,1,18,1.3,2,0,0,0,4,0,0,43,4.7,532,17:09,39,23,0,0,,20202021
868,812,Sami Vatanen,29,NJD,D,30,2,4,6,2,18,1.4,2,0,0,0,4,0,0,41,4.9,517,17:14,37,21,0,0,,20202021
869,812,Sami Vatanen,29,DAL,D,1,0,0,0,-1,0,-0.1,0,0,0,0,0,0,0,2,0.0,15,14:40,2,2,0,0,,20202021
870,813,Frank Vatrano,26,FLA,LW,43,14,6,20,5,14,2.7,12,2,0,5,4,2,0,124,11.3,612,14:14,19,48,2,13,13.3,20202021
871,814,Carter Verhaeghe,25,FLA,C,42,17,18,35,23,27,5.1,15,1,1,3,17,1,0,106,16.0,747,17:46,12,31,23,26,46.9,20202021
872,815,Kristian Vesalainen,21,WPG,W,8,0,1,1,1,0,0.0,0,0,0,0,1,0,0,3,0.0,61,7:35,3,5,0,0,,20202021
873,816,Jimmy Vesey,27,TOT,LW,34,5,2,7,-5,4,0.3,5,0,0,1,2,0,0,41,12.2,410,12:04,14,27,0,5,0.0,20202021
874,816,Jimmy Vesey,27,TOR,LW,30,5,2,7,-4,4,0.4,5,0,0,1,2,0,0,32,15.6,333,11:07,10,23,0,5,0.0,20202021
875,816,Jimmy Vesey,27,VAN,LW,4,0,0,0,-1,0,-0.2,0,0,0,0,0,0,0,9,0.0,77,19:11,4,4,0,0,,20202021
876,817,Jeffrey Viel,24,SJS,F,8,0,0,0,-3,19,-0.2,0,0,0,0,0,0,0,10,0.0,64,8:02,0,16,0,0,,20202021
877,818,Gabriel Vilardi,21,LAK,C,40,6,9,15,-6,2,1.2,4,2,0,2,8,1,0,41,14.6,585,14:37,12,10,216,257,45.7,20202021
878,819,Jake Virtanen,24,VAN,RW,32,4,0,4,-3,28,0.1,3,1,0,1,0,0,0,47,8.5,397,12:25,10,68,8,2,80.0,20202021
879,820,Marc-Edouard Vlasic,33,SJS,D,37,1,4,5,-4,6,1.0,1,0,0,0,4,0,0,28,3.6,659,17:48,50,22,0,0,,20202021
880,821,Alexander Volkov,23,TOT,RW,26,7,3,10,5,4,1.5,7,0,0,0,2,1,0,28,25.0,276,10:37,18,32,2,1,66.7,20202021
881,821,Alexander Volkov,23,TBL,RW,19,3,2,5,2,4,0.6,3,0,0,0,1,1,0,18,16.7,181,9:32,15,20,0,1,0.0,20202021
882,821,Alexander Volkov,23,ANA,RW,7,4,1,5,3,0,0.9,4,0,0,0,1,0,0,10,40.0,95,13:35,3,12,2,0,100.0,20202021
883,822,Jakub Voracek,31,PHI,RW,39,7,25,32,-10,12,2.4,7,0,0,1,18,7,0,76,9.2,653,16:45,16,13,5,9,35.7,20202021
884,823,Jakub Vrana,24,WSH,LW,39,11,14,25,9,8,3.1,11,0,0,4,10,4,0,68,16.2,560,14:22,4,26,2,3,40.0,20202021
885,824,Austin Wagner,23,LAK,LW,34,4,4,8,-9,11,0.4,4,0,0,1,4,0,0,58,6.9,352,10:21,8,84,0,2,0.0,20202021
886,825,Chris Wagner,29,BOS,C,30,2,3,5,-10,24,-0.1,1,0,1,0,3,0,0,38,5.3,347,11:33,17,51,38,36,51.4,20202021
887,826,Oliver Wahlstrom,20,NYI,RW,33,9,7,16,4,19,2.2,7,2,0,1,2,5,0,70,12.9,395,11:57,11,38,4,6,40.0,20202021
888,827,Nathan Walker,26,STL,C,7,1,0,1,-3,2,-0.1,1,0,0,0,0,0,0,10,10.0,97,13:50,6,12,2,3,40.0,20202021
889,828,Sean Walker,26,LAK,D,33,1,7,8,-14,12,0.7,1,0,0,0,6,1,0,64,1.6,599,18:09,52,25,0,0,,20202021
890,829,Lucas Wallmark,25,CHI,C,16,0,3,3,-2,6,-0.1,0,0,0,0,0,2,1,10,0.0,186,11:36,5,20,56,87,39.2,20202021
891,830,Jake Walman,24,STL,D,14,1,1,2,-4,2,0.1,1,0,0,0,1,0,0,23,4.3,188,13:27,7,19,0,0,,20202021
892,831,Austin Watson,29,OTT,LW,34,3,7,10,-7,40,0.4,3,0,0,0,6,0,1,41,7.3,408,12:00,49,100,6,17,26.1,20202021
893,832,Shea Weber,35,MTL,D,40,5,13,18,5,31,3.1,2,3,0,1,6,7,0,86,5.8,908,22:43,57,60,0,0,,20202021
894,833,Yannick Weber,32,PIT,D,2,0,0,0,-3,0,-0.2,0,0,0,0,0,0,0,1,0.0,23,11:19,0,4,0,0,,20202021
895,834,MacKenzie Weegar,27,FLA,D,43,3,22,25,19,41,5.3,3,0,0,0,20,1,1,75,4.0,951,22:07,57,99,0,0,,20202021
896,835,Andy Welinski,27,ANA,D,9,0,0,0,7,0,0.7,0,0,0,0,0,0,0,10,0.0,133,14:47,4,9,0,0,,20202021
897,836,Alexander Wennberg,26,FLA,C,43,11,8,19,-3,8,1.7,9,2,0,2,5,3,0,59,18.6,777,18:04,27,22,307,299,50.7,20202021
898,837,Zach Werenski,23,CBJ,D,35,7,13,20,-9,13,3.0,7,0,0,1,8,5,0,79,8.9,853,24:22,39,21,0,0,,20202021
899,838,Blake Wheeler,34,WPG,RW,39,10,22,32,-15,36,2.5,7,3,0,2,12,10,0,89,11.2,712,18:16,20,39,3,3,50.0,20202021
900,839,Colin White,24,OTT,C,34,8,6,14,-6,12,1.3,6,2,0,0,4,2,0,56,14.3,497,14:37,14,43,119,164,42.0,20202021
901,840,Zach Whitecloud,24,VEG,D,37,2,7,9,9,12,2.3,2,0,0,1,7,0,0,43,4.7,683,18:28,53,57,0,0,,20202021
902,841,Tom Wilson,26,WSH,RW,34,11,16,27,1,47,2.9,6,4,1,4,12,4,0,58,19.0,587,17:15,20,84,10,10,50.0,20202021
903,842,Christian Wolanin,25,TOT,D,18,0,3,3,-6,8,0.1,0,0,0,0,3,0,0,16,0.0,239,13:16,7,3,0,0,,20202021
904,842,Christian Wolanin,25,OTT,D,15,0,3,3,-7,6,-0.1,0,0,0,0,3,0,0,14,0.0,195,13:00,3,3,0,0,,20202021
905,842,Christian Wolanin,25,LAK,D,3,0,0,0,1,2,0.1,0,0,0,0,0,0,0,2,0.0,44,14:35,4,0,0,0,,20202021
906,843,Miles Wood,25,NJD,LW,41,14,5,19,-3,27,2.2,11,3,0,2,5,0,0,99,14.1,608,14:50,16,30,6,8,42.9,20202021
907,844,Kailer Yamamoto,22,EDM,RW,40,8,10,18,7,22,1.9,7,1,0,0,9,0,1,55,14.5,652,16:18,35,45,0,1,0.0,20202021
908,845,Keith Yandle,34,FLA,D,43,3,19,22,-6,32,2.9,2,1,0,1,5,14,0,82,3.7,748,17:24,24,14,0,0,,20202021
909,846,Pavel Zacha,23,NJD,C,39,10,15,25,-10,8,2.0,7,3,0,2,10,5,0,79,12.7,678,17:24,8,29,301,283,51.5,20202021
910,847,Filip Zadina,21,DET,RW,37,5,11,16,-4,0,1.1,2,3,0,1,8,3,0,78,6.4,612,16:33,17,16,4,7,36.4,20202021
911,848,Nikita Zadorov,25,CHI,D,42,1,6,7,2,31,1.8,1,0,0,0,6,0,0,45,2.2,792,18:51,57,139,0,0,,20202021
912,849,Nikita Zaitsev,29,OTT,D,43,1,11,12,-15,20,1.0,1,0,0,0,11,0,0,60,1.7,974,22:38,81,89,0,0,,20202021
913,850,Travis Zajac,35,TOT,C,36,7,11,18,0,6,1.5,7,0,0,2,10,1,0,40,17.5,607,16:51,18,43,262,261,50.1,20202021
914,850,Travis Zajac,35,NJD,C,33,7,11,18,0,6,1.6,7,0,0,2,10,1,0,34,20.6,560,16:59,15,41,254,255,49.9,20202021
915,850,Travis Zajac,35,NYI,C,3,0,0,0,0,0,-0.1,0,0,0,0,0,0,0,6,0.0,46,15:21,3,2,8,6,57.1,20202021
916,851,Jakub Zboril,23,BOS,D,37,0,8,8,-3,14,1.5,0,0,0,0,6,2,0,30,0.0,653,17:40,28,57,0,0,,20202021
917,852,Trevor Zegras,19,ANA,C,17,1,6,7,2,8,0.5,1,0,0,0,6,0,0,33,3.0,249,14:38,3,5,2,9,18.2,20202021
918,853,Mika Zibanejad,27,NYR,C,42,15,18,33,7,16,3.8,7,6,2,4,14,2,2,120,12.5,848,20:12,34,57,359,425,45.8,20202021
919,854,Radim Zohorna,24,PIT,F,6,2,2,4,4,4,0.7,2,0,0,1,1,1,0,6,33.3,58,9:36,0,7,5,3,62.5,20202021
920,855,Artem Zub,25,OTT,D,35,2,7,9,2,20,1.9,2,0,0,0,7,0,0,27,7.4,616,17:35,45,70,0,0,,20202021
921,856,Mats Zuccarello,33,MIN,LW,28,8,16,24,4,6,2.7,6,2,0,0,13,3,0,50,16.0,459,16:24,14,6,6,13,31.6,20202021
922,857,Jason Zucker,29,PIT,LW,24,6,4,10,-8,10,0.6,6,0,0,0,3,1,0,40,15.0,382,15:54,11,52,2,5,28.6,20202021
